Mi1,X,Y,Z,side,azimuth,elevation,radius,lattice_p,lattice_q,lattice_azi,lattice_elev,left_eye,lattice_p_corrected,lattice_q_corrected,azimuth_corrected,elevation_corrected,retinal_azi,DRA_paths,X_rot,Y_rot,Z_rot,lattice_p_rot,lattice_q_rot,position_x,position_y,position_z,optical_x,optical_y,optical_z,retinal_row,retinal_col,normal_x,normal_y,normal_z,skew_angle,binocular_angle,binocular
720575940603042272,744302.0475382004,230296.95755517823,145276.1290322581,right,0.1939719698500747,2.0033211159105697,131662.5508438428,12.0,1.0,0.1939719698500743,2.003321115910571,False,12.0,1.0,-0.1939719698500743,2.003321115910571,-0.1939719698500743,0.0,122443.73014074299,217221.56532793827,55685.92214724035,12.0,1.0,-35.3216360854525,-402.0432645773298,98.4842271193548,-0.23916981156184552,-0.32957248289007557,0.2625656040781115,7.961,11.667,-0.1849196356852574,-0.8373727528353542,0.5144041224047224,0.3492714159720767,55.71459583878573,False
720575940603200428,723452.0414507772,277239.40784604,128701.93930421912,right,0.4401366764917654,1.6637197397239831,131113.8585162928,9.0,-7.0,0.4401366764917658,1.6637197397239842,False,9.0,-7.0,-0.4401366764917658,1.6637197397239842,-0.4401366764917658,0.0,131027.17176899577,199781.774121518,5335.168719039437,9.0,-7.0,-85.8374660221888,-415.70054352470316,4.4610582522594795,-0.39497758015635853,-0.2787917045285649,0.01794078070385592,1.225,16.971,-0.5041433207507597,-0.861658301185041,0.0581763194204128,0.4268028559745464,62.330185883901905,False
720575940603327916,774184.4288550629,333928.3812045003,210549.1197882197,right,-0.2683827465059808,1.0959045878453568,128615.07804330895,-12.0,0.0,-0.2683827465059795,1.0959045878453568,False,-12.0,0.0,0.2683827465059795,1.0959045878453568,0.2683827465059795,0.0,42200.978640408866,255094.14002341178,-33867.19572461769,-12.0,0.0,236.17043463000428,-275.3834602320778,-121.5417173977375,0.4541677866238952,-0.04238784969216811,-0.16195988389840107,-7.348,-12.728,0.9175433424827247,-0.35340798284971536,-0.1822553492321277,0.30831619009733496,3.077677939706291,True
720575940603935334,690737.9771615008,343561.735725938,137870.99510603587,right,0.6944143712431152,1.1569886119047317,136041.18498893248,-6.0,-15.0,0.6944143712431161,1.156988611904732,False,-6.0,-15.0,-0.6944143712431161,1.156988611904732,-0.6944143712431161,0.0,110922.33510601548,172109.10678738196,-60868.69663184139,-6.0,-15.0,-9.086531196186154,-387.9541408883552,-173.82680733539772,-0.1833243079087584,-0.26009208146408636,-0.3667206128626659,-12.86,9.546,-0.2936651549932525,-0.7744362579808305,-0.5603652907411715,0.3208133887851156,55.67376332798858,False
720575940604151008,755314.3697359029,299671.5203426124,156214.5324768023,right,0.1365022122711237,1.45428050285915,129104.0728177732,0.0,-4.0,0.1365022122711242,1.4542805028591503,False,0.0,-4.0,-0.1365022122711242,1.4542805028591503,-0.1365022122711242,0.0,100905.36927010826,233391.99997180974,-10104.395730726043,0.0,-4.0,77.98638564913944,-428.0264729247657,-39.76066987952469,0.11249940758075332,-0.46873554179511845,-0.03693627142873715,-2.449,4.243,0.309305317469464,-0.9509532921488285,0.004249321877543915,0.11283758304358471,67.53547447003272,False
720575940604191456,723869.1530944626,304484.993485342,133835.7328990228,right,0.4373467855106557,1.4523603846525897,131678.07873246924,3.0,-9.0,0.4373467855106563,1.4523603846525903,False,3.0,-9.0,-0.4373467855106563,1.4523603846525903,-0.4373467855106563,0.0,121670.04371367765,202240.87855179867,-20650.379487285536,3.0,-9.0,-35.205597733783144,-433.2628135683369,-57.59463996490471,-0.2501750721469761,-0.4109760915297644,-0.05937796619426001,-3.674,12.728,-0.21798479052187023,-0.9585657524954063,-0.18339664458231483,0.32521552684571603,86.03915937968621,False
720575940604255712,734753.5475946774,187899.84032753325,169231.89355168885,right,0.0633050005531627,2.371537221796757,128667.53540295977,17.0,9.0,0.0633050005531607,2.371537221796758,False,17.0,9.0,-0.0633050005531607,2.371537221796758,-0.0633050005531607,1.0,105303.1462737949,204730.07004940195,100549.39263830881,17.0,9.0,-22.585124158770203,-326.8023872915814,177.25700361010985,-0.16299415721176225,-0.13742685794692888,0.4324504942237406,15.922,8.485,-0.24578734857306966,-0.4952677401963896,0.8332457289432583,0.23882900499790458,24.740147438269403,False
720575940604427552,290138.97986577183,301099.1230425056,206917.3452647278,left,-0.0958317780645185,1.269432668072047,115506.82173595388,-5.0,-4.0,-0.0928110568971139,1.2792461550421066,True,-5.0,-4.0,0.0928110568971139,1.2792461550421066,0.0928110568971139,0.0,42166.33281230518,-230067.68362539992,-36858.90732947662,-5.0,-4.0,137.60602871918732,397.30274666647296,-79.7336374529787,0.3046852881405751,0.3596583745447342,-0.1103770098715931,-5.511,-1.061,0.5218035830216473,0.8440617060580622,-0.12361576401140911,0.18106397297428492,41.84799383550632,False
720575940604470188,300206.4276985743,211456.05702647657,184383.0142566191,left,-0.1651313943058308,2.082817823689852,118678.992025759,12.0,1.0,-0.1582838042784984,2.0669081044022843,True,12.0,1.0,0.1582838042784984,2.0669081044022843,0.1582838042784984,0.0,78732.58885104339,-226787.29783532623,48564.607307776925,12.0,1.0,-35.946578337832904,399.47524414772414,107.60727839269943,-0.20905254177433888,0.3393691227856489,0.27002634432276595,7.961,11.667,-0.21942047829242847,0.7936673407233356,0.5674035653528015,0.23303797950387597,53.92950480002739,False
720575940604508332,797465.6484018265,252313.54794520547,207225.1141552512,right,-0.4277762685963573,1.7361378294751473,133617.22189420392,0.0,9.0,-0.4277762685963575,1.7361378294751468,False,0.0,9.0,0.4277762685963575,1.7361378294751468,0.4277762685963575,0.0,58774.70326325107,272270.4812148087,47645.56499649902,0.0,9.0,198.63795971876942,-297.50879396010873,66.26944632005224,0.43414741980949456,-0.12257886541739174,0.17388882368395855,5.511,-9.546,0.796904753414989,-0.45944082106260375,0.3922460272914391,0.23219511823575842,8.283692254034538,False
720575940604607678,789805.8989898991,199847.15151515152,223857.3737373737,right,-0.6206051160869626,2.1046102374665283,138418.49478823613,7.0,17.0,-0.6206051160869632,2.1046102374665274,False,7.0,17.0,0.6206051160869632,2.1046102374665274,0.6206051160869632,0.0,50486.80383730173,260871.76482199572,101398.76547719385,7.0,17.0,157.5614302775205,-229.61242161448357,156.67028375898704,0.3067155869936437,0.07663379799162083,0.371426016450384,14.697,-10.607,0.6159204100666359,-0.20961632201128433,0.7594096694208,0.36905586942121177,1.3509301180327613,True
720575940604687532,765524.6075022874,343620.8197621226,206572.4794144556,right,-0.1868090670548945,1.0175581557824604,128629.45623905644,-13.0,-2.0,-0.1868090670548932,1.017558155782461,False,-13.0,-2.0,0.1868090670548932,1.017558155782461,0.1868090670548932,0.0,44441.55884650847,247146.7486732,-44663.87626930987,-13.0,-2.0,225.69766051215865,-281.8394582521399,-148.96107694003044,0.4325559311078664,-0.03927960046083843,-0.21505909313849483,-9.186,-11.667,0.8543497160879909,-0.4286758358177152,-0.29380876502642456,0.38283031691985453,0.5327468969526207,True
720575940604714929,768092.0201511333,341967.9496221663,220684.5340050378,right,-0.3154710169830125,0.993534636624832,125700.79632193215,-14.0,0.0,-0.3154710169830114,0.993534636624832,False,-14.0,0.0,0.3154710169830114,0.993534636624832,0.3154710169830114,0.0,30815.67287686337,249678.04790651894,-40614.00862823651,-14.0,0.0,241.69485156831968,-244.94064215889492,-136.7496887907666,0.44037960096592293,0.033780404399936764,-0.19870380368785148,-8.573,-14.849,0.9599446478871163,-0.17807885640878132,-0.21631965674210274,0.320121337526466,0.27472907158771154,True
720575940604728009,329632.86388384755,341534.4609800363,210389.5099818512,left,-0.4471265459592631,0.8854200871771702,117511.9452799834,-14.0,-10.0,-0.4295051172311031,0.9053080227275137,True,-14.0,-10.0,0.4295051172311031,0.9053080227275137,0.4295051172311031,0.0,33080.21485714184,-187677.25495747238,-73291.49404291996,-14.0,-10.0,142.3436869816123,332.9970100635381,-216.046054067255,0.2654187273854632,0.12122237438361722,-0.3979435986348257,-14.697,-4.243,0.44602839796871274,0.7120547075342916,-0.5422515667877024,0.5507690885441943,3.996633860351701,False
720575940604947657,737580.4484304932,242202.8340807175,138001.40508221227,right,0.2836619292048521,1.919563547636422,131240.51972098148,11.0,-2.0,0.283661929204852,1.919563547636423,False,11.0,-2.0,-0.283661929204852,1.919563547636423,-0.283661929204852,1.0,127626.80265795649,211348.6214869452,42325.69427203797,11.0,-2.0,-55.19297917983932,-413.3549617847535,64.34181787996408,-0.30051229093186455,-0.3404946408674326,0.17100022064748388,5.511,13.789,-0.3090092786705873,-0.8773736101535822,0.36705423836478634,0.3587847802579151,65.30164099897728,False
720575940605017312,317457.92215568863,271972.07784431137,167515.1497005988,left,-0.4530464566545338,1.5994284874015912,118857.73657821922,5.0,-8.0,-0.4384252966356105,1.5987730501861108,True,5.0,-8.0,0.4384252966356105,1.5987730501861108,0.4384252966356105,0.0,86158.18406820152,-205231.05409122523,-12464.210332945318,5.0,-8.0,-50.00613971058103,434.44624377991954,-19.726082112172794,-0.27460436562418805,0.4042879583570358,-0.008873838027851504,-1.837,13.789,-0.23206355540100848,0.9715188021295579,-0.04793457377918442,0.36318747662817463,78.51300786280768,False
720575940605029856,700554.4175365345,362006.76409185806,160093.65344467646,right,0.5784221567433842,0.954499366802351,133165.473326945,-12.0,-14.0,0.5784221567433849,0.9544993668023516,False,-12.0,-14.0,-0.5784221567433849,0.9544993668023516,-0.5784221567433849,0.0,86251.42947809279,183405.11264726383,-74803.35786933778,-12.0,-14.0,69.1417327410707,-350.2493810846316,-228.84081706134722,0.05471207299232584,-0.16431278298124552,-0.46084889811388097,-15.922,2.121,0.09371884232246694,-0.7260337636866776,-0.6812428000211777,0.472496710905589,26.970648120375543,False
720575940605042656,251167.09923664125,219189.4351145038,264074.80916030536,left,0.650319278197885,1.82781138014792,124391.9109741446,2.0,15.0,0.6314479639245065,1.8202301216576464,True,2.0,15.0,-0.6314479639245065,1.8202301216576464,-0.6314479639245065,0.0,-2059.5855814168726,-274597.44109752297,50067.204840077095,2.0,15.0,200.75898181759104,224.57397208045663,115.35621248005309,0.41278960266784287,-0.057797714738807536,0.2477838648197384,10.41,-13.789,0.7969113585735693,0.18860583442935108,0.5738990554057712,0.32019765340842593,1.5583022190002536,True
720575940605092700,288872.0916380297,325298.06643757154,243647.28522336768,left,0.1505804916032506,0.9541253250149012,115073.12805351667,-13.0,-2.0,0.1432086155524474,0.973122634133403,True,-13.0,-2.0,-0.1432086155524474,0.973122634133403,-0.1432086155524474,0.0,2063.365595926476,-229304.79777180112,-54954.55272280044,-13.0,-2.0,226.6819966076346,286.0759285616997,-141.7856749656302,0.44346079283279893,0.03589185888928151,-0.20123195462191026,-9.186,-11.667,0.8551317335190093,0.45041064295097644,-0.256670939230101,0.41408654706249715,0.27472907158771154,True
720575940605215665,780651.0311877902,301430.2322495023,183167.00729927007,right,-0.1457326826226789,1.4052030648270997,132062.85407349208,-4.0,1.0,-0.1457326826226783,1.4052030648270997,False,-4.0,1.0,0.1457326826226783,1.4052030648270997,0.1457326826226783,0.0,74477.703611962,258966.12054179588,-5743.4067273233595,-4.0,1.0,180.91059219110696,-363.96486852398397,-34.248432370196134,0.4016071947704654,-0.27205070785337976,-0.013050561657572415,-1.837,-5.303,0.6335071242193497,-0.7647150251424573,0.1178119428780476,0.31799146663592937,25.44364647802095,False
720575940605243424,263546.2014504432,280571.326349718,237302.04673650285,left,0.2900351382856581,1.3853417890942443,117143.92132180408,-5.0,3.0,0.2802153786217228,1.3904011635171003,True,-5.0,3.0,-0.2802153786217228,1.3904011635171003,-0.2802153786217228,0.0,14920.272683390693,-257901.51451753252,-13734.754377296511,-5.0,3.0,208.4702714327024,330.34654372480304,-19.148013259787742,0.4594213834772562,0.16017767164560667,0.011280325208226843,-1.225,-8.485,0.76724540333861,0.5979021708998227,0.23205060889610477,0.38594051787924516,13.38639475571542,False
720575940605262880,723378.2894521668,336970.6524938676,154656.48405560094,right,0.3918517436977262,1.1587361951121775,128242.688006158,-6.0,-10.0,0.3918517436977271,1.158736195112178,False,-6.0,-10.0,-0.3918517436977271,1.158736195112178,-0.3918517436977271,0.0,95982.07465089129,204284.14985810796,-49373.47045702313,-6.0,-10.0,67.34445026619161,-404.41466631064685,-149.15681984081905,0.06263618646943693,-0.3881438494249034,-0.2769704498148714,-9.798,4.243,0.19165723526203593,-0.8910317560333689,-0.41149716148693377,0.1948646439647192,51.91960235109906,False
720575940605288480,278300.39314697933,199552.9918845808,225769.01713255185,left,0.3152589119350706,2.1166268398264263,115249.84848367792,9.0,10.0,0.3040955059245258,2.0993731760038354,True,9.0,10.0,-0.3040955059245258,2.0993731760038354,-0.3040955059245258,0.0,39349.94028876289,-249238.80453659568,65276.74010575819,9.0,10.0,98.51035564301867,324.92750160248363,150.13354422584328,0.1903236102649242,0.1964624793202896,0.3961435245172397,11.635,-1.061,0.45942071971370013,0.5385377928549154,0.7063353650814194,0.18655929179626152,19.304777987795777,False
720575940605300256,331061.0770659239,344235.721448468,214706.4809656453,left,-0.4429582400025088,0.8406371974471534,116994.88279498312,-15.0,-10.0,-0.4248598947554015,0.8617434168880586,True,-15.0,-10.0,0.4248598947554015,0.8617434168880586,0.4248598947554015,0.0,28417.99759672456,-186025.34541804434,-75164.39675713194,-15.0,-10.0,151.8191942569173,320.25681309484037,-225.64761701962456,0.2702787556948839,0.07565740766815797,-0.40686564684492416,-15.309,-5.303,0.5044177378428787,0.6535520230629499,-0.5642982357759048,0.5728547662861405,1.4325978237305823,True
720575940605354668,272084.78002378123,187247.6765755053,241798.1450653984,left,0.5111147889377283,2.1662912979213305,121148.52215368302,9.0,14.0,0.493480561427884,2.149733111919588,True,9.0,14.0,-0.493480561427884,2.149733111919588,-0.493480561427884,0.0,25351.306554603194,-256239.4304856754,79490.01078982383,9.0,14.0,123.84226733753731,273.86090083259603,167.16842173904982,0.22148180430200323,0.058437987894364794,0.4259943925134524,14.085,-5.303,0.5181817938420925,0.41030243059226945,0.7504262415325487,0.3245557473944582,2.987049617047579,True
720575940605441638,282148.37824267783,201768.12050209203,216303.02928870288,left,0.2091109597532861,2.1171085883726737,115365.65233724084,10.0,8.0,0.2019123770214751,2.099528787745265,True,10.0,8.0,-0.2019123770214751,2.099528787745265,-0.2019123770214751,0.0,48416.59020241772,-245300.28605268802,61870.47507733305,10.0,8.0,68.22879097745053,349.2881610610532,146.91705339365495,0.10825247333949209,0.2626306595488787,0.3889905320589056,11.023,2.121,0.3651594834736228,0.6420849891142325,0.674081166020423,0.21702951883735083,29.711774691831952,False
720575940605478321,760686.5017182131,346297.587628866,202021.4089347079,right,-0.1243790984375789,0.999881580345283,128363.06655238298,-13.0,-3.0,-0.1243790984375777,0.9998815803452828,False,-13.0,-3.0,0.1243790984375777,0.9998815803452828,0.1243790984375777,0.0,48424.94886001959,242489.39693200978,-48368.77506159104,-13.0,-3.0,217.74350967301987,-291.724079446984,-157.79415587898575,0.4240138723733058,-0.06112835524117267,-0.22941316133887674,-9.798,-10.607,0.8328300754360766,-0.47010720895479674,-0.29222128180177154,0.3930137121116761,2.9566723538903372,True
720575940605581024,733186.5949953661,366860.1964782206,193985.31974050045,right,0.1427831245121952,0.8241728838429005,129671.38058766571,-16.0,-8.0,0.1427831245121962,0.8241728838429008,False,-16.0,-8.0,-0.1427831245121962,0.8241728838429008,-0.1427831245121962,0.0,52617.156363429254,216528.60765239462,-71865.73865738083,-16.0,-8.0,179.64136870056532,-285.8950855429579,-227.77554801370354,0.3152412632650222,0.007984807087227283,-0.37990405151290546,-14.697,-8.485,0.6729010046509393,-0.43286635192923273,-0.5998591162158281,0.486000783235937,2.5299148762631534,True
720575940605668128,730502.1714285716,186272.83809523808,164493.04761904763,right,0.1310762964313361,2.3833489670749453,130639.36955599875,18.0,8.0,0.1310762964313342,2.383348967074946,False,18.0,8.0,-0.1310762964313342,2.383348967074946,-0.1310762964313342,3.0,110161.19845338677,200339.19844327003,101094.89415229713,18.0,8.0,-43.416964160738054,-325.6937022988228,168.65894185789944,-0.2522852129499459,-0.08559989301854914,0.40565975104300767,15.922,10.607,-0.4178616601507343,-0.43284506402632567,0.7987720472851553,0.27938387140193305,23.269794915892792,False
720575940605687729,273760.38389031705,220460.09940017137,215650.31705227075,left,0.1992480920924317,1.9401691712201048,116169.53379051323,7.0,6.0,0.1928514610475415,1.927809756723852,True,7.0,6.0,-0.1928514610475415,1.927809756723852,-0.1928514610475415,0.0,45961.3004045997,-252291.0132718756,42758.2841354052,7.0,6.0,93.01599863483455,367.72659008851593,111.75235811601765,0.17387960363418334,0.33065083967476916,0.3022054563606226,7.961,1.061,0.47284121150987535,0.6987731717962713,0.5367841680560747,0.14476132613816367,35.47832549066026,False
720575940605795808,339927.8602150538,300866.1541218638,163550.86021505378,left,-0.660719044041821,1.3769132879831938,123063.85963522886,-1.0,-12.0,-0.6405752457709454,1.3823166816868495,True,-1.0,-12.0,0.6405752457709454,1.3823166816868495,0.6405752457709454,0.0,85924.65579733404,-180717.9306254023,-39932.98522273525,-1.0,-12.0,-31.74322255105181,419.45087503087893,-101.78876371835851,-0.25366890464235853,0.37155587065762885,-0.19055047354070465,-7.961,11.667,-0.31928319985694287,0.8722346876074389,-0.37049276379366036,0.23036743880959976,76.3444631164527,False
720575940605961830,306026.2597402598,337054.7532467533,236888.49721706865,left,-0.0439034090263933,0.8379720685350022,114135.93997506422,-15.0,-5.0,-0.0434004589367796,0.8609615489194822,True,-15.0,-5.0,0.0434004589367796,0.8609615489194822,0.0434004589367796,0.0,7194.47192176707,-211375.12089425404,-66372.29410463768,-15.0,-5.0,208.538364681481,287.85641179433026,-184.82538738593277,0.38848309532569425,0.016319970005902643,-0.2986223846146243,-12.247,-10.607,0.8030962730577702,0.4486976986492015,-0.3920545260899688,0.47322052202453824,1.58586181334592,True
720575940606009534,282136.3726346434,250359.27219796216,195761.2518195051,left,-0.0408786579297974,1.722425898229503,116856.98427596583,5.0,-1.0,-0.0391810483823011,1.717136666615135,True,5.0,-1.0,0.0391810483823011,1.717136666615135,0.0391810483823011,0.0,61036.06189237562,-241863.7840128521,10762.70485737253,5.0,-1.0,44.165160990899864,424.30950193896456,41.8897042948993,0.017827280859224102,0.4668984256894291,0.11893211253433465,2.449,6.364,0.23908184829402132,0.932717479122621,0.2699592079471596,0.2069161186609783,68.71923965068551,False
720575940606034860,276077.6296296296,228862.8405797101,204195.8776167472,left,0.0849991621885375,1.8842513211716123,118418.4226164221,7.0,3.0,0.0826543887904747,1.8737973669840504,True,7.0,3.0,-0.0826543887904747,1.8737973669840504,-0.0826543887904747,0.0,55987.73442392204,-249435.77562612257,32833.662793953146,7.0,3.0,62.80358116005641,396.9720935238029,91.61188628253858,0.08639591335090221,0.41187335578569517,0.23371298562593434,6.124,4.243,0.32210673959150893,0.8239119218127847,0.4662793083597979,0.14750443732255988,51.924355484998124,False
720575940606042814,727353.7091988131,216133.45202769537,141180.2176063304,right,0.3225389930675544,2.131826876244633,131315.2256402283,15.0,2.0,0.322538993067554,2.1318268762446344,False,15.0,2.0,-0.322538993067554,2.1318268762446344,-0.322538993067554,0.0,128412.96399353046,199248.24443766972,67767.1280095954,15.0,2.0,-65.63068121536897,-374.6489467826546,114.97293993392293,-0.30759094083228866,-0.2320430375806567,0.2845395771936422,10.41,13.789,-0.4869396986317721,-0.6209556662863991,0.6142505925135222,0.20807834229753108,46.90928302686555,False
720575940606057900,784350.8865647627,317311.16009654064,205820.4987932421,right,-0.2928492040316628,1.2476998760239175,131022.90708874182,-9.0,2.0,-0.2928492040316616,1.2476998760239175,False,-9.0,2.0,0.2928492040316616,1.2476998760239175,0.2928492040316616,0.0,49674.56544880829,263976.0624550916,-17523.82672177692,-9.0,2.0,234.19896495340564,-295.4468268808462,-75.63080585140992,0.4700383698883927,-0.09541761293862457,-0.07653698732056807,-4.287,-11.667,0.9045901179790219,-0.4193954040821848,-0.07631653483643097,0.24617632397153646,5.292534442476431,False
720575940606058412,265232.7861771058,266214.3614110871,227747.78977681784,left,0.2375418671018668,1.5243640864461472,115876.9800671254,-2.0,3.0,0.229707104520851,1.5251522093046606,True,-2.0,3.0,-0.229707104520851,1.5251522093046606,-0.229707104520851,0.0,26647.825066973557,-257341.2385452862,-991.0719320132639,-2.0,3.0,177.34415061466342,357.7676133586781,9.62011762168138,0.40657787681089386,0.2619071515468899,0.03662727946619728,0.612,-5.303,0.6734405194994247,0.7158716707273831,0.18440612177021173,0.26527567050841705,26.448733301862426,False
720575940606333385,762092.8462867012,212910.6977547496,176315.57858376508,right,-0.128945882840421,2.116931939618828,127983.45178393768,11.0,8.0,-0.1289458828404222,2.116931939618828,False,11.0,8.0,0.1289458828404222,2.116931939618828,0.1289458828404222,0.0,94862.47880468421,233885.47699466386,79006.0979853194,11.0,8.0,56.17396577297216,-355.9615911566783,147.0634904005802,0.03225110830312577,-0.30249288529043333,0.37708381322918255,11.635,3.182,0.2777955635250858,-0.671552577016597,0.6869110285824124,0.2354878160445402,37.064462328271865,False
720575940606382793,286261.6362112322,206269.8340318525,201928.71751886,left,0.0584675492599688,2.0936291693837656,118147.4509630021,11.0,5.0,0.0570956861940672,2.076961372537931,True,11.0,5.0,-0.0570956861940672,2.076961372537931,-0.0570956861940672,0.0,61973.62376826865,-240960.87533083322,55453.1929300381,11.0,5.0,26.293302770445706,378.7176202104799,133.97777342617493,-0.043214618114433626,0.34509193950607303,0.3386780103083196,9.798,6.364,0.1719753058199398,0.7271233464603026,0.6646172832694837,0.26434953094166946,48.3222672871574,False
720575940606398240,722050.1099922541,349982.0418280403,165542.86599535245,right,0.3692238797855666,1.0273483827392813,127977.96698823987,-10.0,-10.0,0.3692238797855676,1.0273483827392818,False,-10.0,-10.0,-0.3692238797855676,1.0273483827392818,-0.3692238797855676,0.0,83157.96324815125,203990.82207079444,-60555.140741940675,-10.0,-10.0,110.37707733800016,-369.5562461202037,-188.10294843961702,0.1964262427454211,-0.2637135671434709,-0.3603983426694801,-12.247,0.0,0.346392406751554,-0.7924496601930776,-0.5020317087642393,0.3520155131860333,28.653740027783904,False
720575940606476478,736852.9094138544,198353.91829484905,161828.3481349911,right,0.1151518467104855,2.277869507298799,128506.0057618625,16.0,7.0,0.115151846710484,2.2778695072988,False,16.0,7.0,-0.115151846710484,2.2778695072988,-0.115151846710484,0.0,111002.62957270334,207545.95627570915,89231.52067324404,16.0,7.0,-28.631406533088043,-347.1822573185127,161.27427845239538,-0.1921404922070417,-0.18491409080589577,0.40352358423530155,14.085,9.546,-0.26336425580883777,-0.5945253279016399,0.7597229121500185,0.2625171970696142,31.478101445384304,False
720575940606513342,777221.3241140882,226063.2566983578,189782.1607605877,right,-0.2776578623512154,1.9813938104464013,127863.11982869616,7.0,9.0,-0.2776578623512161,1.9813938104464008,False,7.0,9.0,0.2776578623512161,1.9813938104464008,0.2776578623512161,0.0,79767.69052233642,250031.018472915,69275.8184030507,7.0,9.0,117.35381827459632,-338.82519740129305,123.9226083644119,0.22875042366627013,-0.2659106136904311,0.32812385221366214,9.798,-2.121,0.5170380099673091,-0.6170806870260118,0.5931973718321333,0.11746215139127755,25.859477251263776,False
720575940606594238,316044.15417558886,223664.80942184155,171107.10920770874,left,-0.3769709661544536,2.0059617340026428,117319.9070584497,12.0,-3.0,-0.3630056340386202,1.9929717765364043,True,12.0,-3.0,0.3630056340386202,1.9929717765364043,0.3630056340386202,17.0,90202.99379525501,-210179.98070795625,35573.69902057429,12.0,-3.0,-83.07579300017981,401.23714346118487,68.93771026147883,-0.34278235129328216,0.29950421034178354,0.15589858749256236,5.511,15.91,-0.516533576785999,0.7541132064327549,0.405593806580391,0.2503660547471254,56.34617766711028,False
720575940606654386,773730.929797192,273421.8689547582,168814.97659906396,right,-0.0592563093845568,1.6356561147665405,130012.22083068007,2.0,1.0,-0.0592563093845567,1.6356561147665405,False,2.0,1.0,0.0592563093845567,1.6356561147665405,0.0592563093845567,0.0,92938.30453982102,249904.98137005206,19064.635783499776,2.0,1.0,110.09805466295118,-403.18636521221896,21.7698555503994,0.22323896714421035,-0.4181224801882573,0.0698712403146241,1.837,1.061,0.42414811606353114,-0.8767409795001654,0.2267677898310252,0.09120916332971832,52.015949545502394,False
720575940606665564,716431.1566858081,335066.92042657913,148950.68088597214,right,0.4635458251101811,1.1856017166049582,128879.99087905006,-5.0,-11.0,0.4635458251101818,1.1856017166049588,False,-5.0,-11.0,-0.4635458251101818,1.1856017166049588,-0.4635458251101818,0.0,101789.4690419305,197178.1515520725,-48902.304106854994,-5.0,-11.0,37.31733502729012,-409.64926168770353,-145.8901048015124,-0.029474330342423697,-0.40193613365054853,-0.2654505453670385,-9.798,6.364,0.05183534758487394,-0.9068524816606098,-0.41824833920381416,0.18894760072249409,59.80391425913769,False
720575940606700674,335344.05586592184,310248.7076350093,172733.03538175044,left,-0.6073620114140003,1.2768732044901918,120856.81408513524,-4.0,-12.0,-0.5879876885307582,1.285179154119283,True,-4.0,-12.0,0.5879876885307582,1.285179154119283,0.5879876885307582,0.0,75296.16457626465,-184536.78477054863,-48045.16377795773,-4.0,-12.0,7.375198207981088,415.78925311804176,-131.04119561759623,-0.12484792350357621,0.39181946595643624,-0.25778873418799475,-9.798,8.485,-0.09811486048092723,0.895190166071205,-0.43475054999645096,0.20612036317878898,63.89008441096402,False
720575940606712777,746416.0746825989,321469.1769977595,160859.02912621357,right,0.1888587116955017,1.274589087609208,127752.14629641348,-4.0,-6.0,0.1888587116955024,1.2745890876092083,False,-4.0,-6.0,-0.1888587116955024,1.2745890876092083,-0.1888587116955024,0.0,92721.05353282303,226156.26366816924,-31471.424904065236,-4.0,-6.0,100.06352658348804,-412.85498289549747,-97.96544277926608,0.17610804640120456,-0.42417767059733746,-0.13815287409236232,-6.124,2.121,0.3579928146222833,-0.9046144940792445,-0.23133041689446737,0.06091682727132494,54.62103208466003,False
720575940606721801,718959.2083333334,272389.28125,128274.375,right,0.4707051372036738,1.7025461005901594,129487.8702989015,10.0,-7.0,0.4707051372036743,1.7025461005901603,False,10.0,-7.0,-0.4707051372036743,1.7025461005901603,-0.4707051372036743,0.0,132132.4174539186,194940.76337191864,9720.95662445391,10.0,-7.0,-96.21058197581793,-409.5468749803959,9.154298325392105,-0.43888197765572506,-0.21411497855844389,0.010189532224122338,1.837,18.031,-0.6202044870105377,-0.782128812353133,0.06017404074078544,0.44779465664150503,53.2124179972374,False
720575940606863026,287719.5219123506,277394.59495351923,191827.4369189908,left,-0.1381236456035556,1.5060807893146977,118516.94990017755,1.0,-4.0,-0.1335368736708173,1.5080619003597855,True,1.0,-4.0,0.1335368736708173,1.5080619003597855,0.1335368736708173,0.0,60758.63568487026,-234327.97887375247,-16082.961601680452,1.0,-4.0,62.94847484587687,432.28862118698834,-20.54336106367033,0.08888977524544929,0.47413035363707245,0.010590969603251179,-1.837,5.303,0.25993582755416567,0.9582026321109446,0.119503478482381,0.12596417963002793,71.3761678891548,False
720575940606944898,776328.0956284152,299714.6092896175,176706.9672131148,right,-0.0887674444126732,1.4267085936562218,131466.7155475125,-3.0,0.0,-0.0887674444126727,1.426708593656222,False,-3.0,0.0,0.0887674444126727,1.426708593656222,0.0887674444126727,0.0,81047.80425218747,254486.0276345323,-5388.727963763207,-3.0,0.0,161.11521265129682,-380.3628178053576,-34.182997992316054,0.3570217895990958,-0.3233226088641631,-0.006317402227609842,-1.837,-3.182,0.6436814088757222,-0.7587514167550898,0.09985254848980811,0.17321501423685276,33.10382868738394,False
720575940607157801,299168.2067901235,298237.0277777777,194022.3456790124,left,-0.2278890209125826,1.3235350351413064,116154.0794986558,-3.0,-6.0,-0.2202825973280064,1.3315700907438237,True,-3.0,-6.0,0.2202825973280064,1.3315700907438237,0.2202825973280064,0.0,55513.247703185356,-221359.1486666561,-35437.35035230216,-3.0,-6.0,86.30754320672189,422.0253850247541,-76.52810840590831,0.154054169967286,0.44719370075413506,-0.09690098626047491,-5.511,3.182,0.3308971626491887,0.9356757338032876,-0.12254790460222367,0.07962616076033731,57.99466330757893,False
720575940607253744,317905.6623794212,313355.2090032154,190156.8167202572,left,-0.4057045690995753,1.1982003461895685,115889.38425381144,-6.0,-9.0,-0.3917351005620191,1.2098552985679747,True,-6.0,-9.0,0.3917351005620191,1.2098552985679747,0.3917351005620191,0.0,57286.51584474654,-201583.586875071,-49592.79579150959,-6.0,-9.0,77.98602068202504,409.3918574906123,-130.26457335724947,0.11215855669773832,0.4080405056689211,-0.23155751429786595,-9.186,3.182,0.25526372011108855,0.9026065305233487,-0.3466148932917497,0.1468771894131797,47.88559002201118,False
720575940607368322,321974.0336996337,304299.2673992674,178740.33699633696,left,-0.4756333616408334,1.307872168322339,118001.47855387688,-3.0,-10.0,-0.4599921445481926,1.3159180219541566,True,-3.0,-10.0,0.4599921445481926,1.3159180219541566,0.4599921445481926,0.0,70060.12228568071,-198269.36118474853,-42193.56479189497,-3.0,-10.0,24.35849121822272,425.3649645673515,-108.42158723299572,-0.06322541294645789,0.44175861572527475,-0.181952386296202,-7.961,7.425,0.030061912323282834,0.9548438045239437,-0.2955834744868328,0.18514419247989986,66.30783797610344,False
720575940607385283,798097.8123893806,263766.2407079646,208869.9469026549,right,-0.4253700245744726,1.649347860474373,132960.94386535973,-2.0,8.0,-0.4253700245744724,1.6493478604743723,False,-2.0,8.0,0.4253700245744724,1.6493478604743723,0.4253700245744724,0.0,55356.38736363343,273756.36798595503,36673.94093686225,-2.0,8.0,213.0675405354035,-295.18830790258306,39.85787780173593,0.4543941527008333,-0.118218605834912,0.11604603424821094,3.674,-10.607,0.8180411023901363,-0.447750439743267,0.3610101085981412,0.2667839295036293,8.129311395699675,False
720575940607447241,251454.73246753245,278998.51948051946,265910.3896103896,left,0.5465970609719178,1.3513579548246473,123573.3851342528,-7.0,8.0,0.5296584778617408,1.3560287702623368,True,-7.0,8.0,-0.5296584778617408,1.3560287702623368,-0.5296584778617408,0.0,-13297.167107882822,-269887.5933607792,-8517.031579783707,-7.0,8.0,246.13451778674073,238.04436965020687,-3.8321569441873704,0.48067402536331605,-0.049397434550195254,0.0038370358898500907,0.612,-15.91,0.9796226698905864,0.12988391114812448,0.1531978924832364,0.27509764197677494,1.1978869851292437,True
720575940607730780,766148.8052708638,296796.92825768667,163891.3909224012,right,0.0325932109764206,1.4663719623480134,130647.6046987417,-1.0,-2.0,0.0325932109764211,1.4663719623480136,False,-1.0,-2.0,-0.0325932109764211,1.4663719623480136,-0.0325932109764211,0.0,93975.98162597782,244035.19468234555,-5278.587835595863,-1.0,-2.0,114.92038381122516,-411.4807164577742,-31.245989000248198,0.2361799018877986,-0.41733630193261767,-0.013864132065643662,-1.837,1.061,0.49369210190408747,-0.8678897397287572,0.055095446191807465,0.0840561301584264,51.329987597415034,False
720575940607734729,289091.2424557752,200110.95941727367,203331.98751300733,left,0.0664898771606016,2.151828214752849,117768.29508964122,12.0,6.0,0.0647966907600401,2.133492624328951,True,12.0,6.0,-0.0647966907600401,2.133492624328951,-0.0647966907600401,0.0,61610.67686299856,-238584.02300095858,61943.679602057295,12.0,6.0,23.024957174473396,367.88331927109596,145.35707828197042,-0.045663962257624265,0.30805032821546846,0.373378006846524,11.023,6.364,0.14874274719970812,0.6926610550231598,0.7057593485103028,0.25809224042872164,43.22116772516848,False
720575940607753769,329393.3898039216,318785.94823529414,186323.73333333328,left,-0.5221033738913848,1.1615604436429283,116979.07227607924,-7.0,-11.0,-0.5041708991275352,1.1736881115518236,True,-7.0,-11.0,0.5041708991275352,1.1736881115518236,0.5041708991275352,0.0,60423.48047384782,-189752.09000757395,-54723.92364294198,-7.0,-11.0,58.314324479229725,403.0010726551407,-153.07792975588566,0.051316023806430494,0.37922515178451405,-0.2918346583858909,-11.023,4.243,0.13396067975539397,0.8826195287867132,-0.4505966086021877,0.18458946765708936,45.91084139919886,False
720575940607787138,800990.1594202898,231597.15942028983,227160.72463768115,right,-0.608574715079868,1.858401690486676,136156.48146384468,2.0,14.0,-0.6085747150798684,1.8584016904866751,False,2.0,14.0,0.6085747150798684,1.8584016904866751,0.6085747150798684,19.0,42422.349241321164,274388.62339951395,71460.12962339367,2.0,14.0,199.9456179666805,-239.62548797992073,109.1829600712687,0.4161151147767518,0.0244097305425547,0.2468782374208771,9.798,-12.728,0.7922697866093852,-0.23088475766873845,0.5648015703786305,0.29535910519323616,1.391212435841437,True
720575940608157635,774059.5518207283,225203.9477124183,182149.766573296,right,-0.2098099363751888,1.995799468935341,129283.82865480204,8.0,8.0,-0.2098099363751896,1.995799468935341,False,8.0,8.0,0.2098099363751896,1.995799468935341,0.2098099363751896,0.0,87381.36562135608,246764.34268105056,68684.68579864308,8.0,8.0,95.36417258133551,-353.39855481277914,126.72915113460238,0.16396063864109092,-0.3010501346074278,0.3370103116166653,9.798,0.0,0.4655152990696374,-0.6516276537748925,0.5988964077099937,0.16317200774706664,32.04071994488391,False
720575940608184194,299342.1102581996,301940.92393579904,196085.0802512212,left,-0.2226469750339256,1.287396241210555,116291.96199084364,-4.0,-6.0,-0.2152101288502279,1.2965869813019657,True,-4.0,-6.0,0.2152101288502279,1.2965869813019657,0.2152101288502279,0.0,52895.803715355956,-220898.9903515278,-38745.09949281957,-4.0,-6.0,98.22015897563824,416.0052353898853,-85.97972432277413,0.18573782872279568,0.43216561387490265,-0.10933948092879081,-6.124,2.121,0.3552272446205074,0.9198588649874931,-0.1663528574543972,0.0713848164954301,53.86948060085998,False
720575940608211780,777407.2436363637,240209.5418181818,178767.49090909088,right,-0.1797812630641206,1.8775465858718656,129806.32752996848,6.0,6.0,-0.1797812630641211,1.8775465858718656,False,6.0,6.0,0.1797812630641211,1.8775465858718656,0.1797812630641211,0.0,88415.57320078925,251187.2604536306,53612.09820766492,6.0,6.0,106.50968115647485,-369.6880003811928,95.75372754036295,0.2069052350482406,-0.34878203744214614,0.2518501890565388,7.348,0.0,0.47985099727595715,-0.7332864992026814,0.48169900404749183,0.06533453169220506,39.37307418795559,False
720575940608212828,272625.6133122028,244519.11885895405,208506.9730586371,left,0.1042252445733856,1.7448361970640365,117122.58765467844,4.0,2.0,0.1011080982172308,1.7386686226828298,True,4.0,2.0,-0.1011080982172308,1.7386686226828298,-0.1011080982172308,0.0,49199.923455263764,-251695.3037404794,17852.3022056693,4.0,2.0,94.07650818209207,399.91621023773826,57.58702539365732,0.17485576768164374,0.4167744975267357,0.16171257902831931,3.674,2.121,0.4301804237360071,0.814326463993047,0.3896372839897259,0.10021183387269726,51.560445043790764,False
720575940608228107,264106.50542118435,231542.58882402003,229043.16930775647,left,0.3187340900912318,1.8127742924789565,116777.53223391592,3.0,7.0,0.308551676523324,1.804445321927653,True,3.0,7.0,-0.308551676523324,1.804445321927653,-0.308551676523324,0.0,30815.32741198288,-261012.9547980719,33275.94945536443,3.0,7.0,151.14959674756176,340.76615926589943,84.18501633288359,0.3500793858680915,0.23892708204575935,0.2311289738972475,6.124,-4.243,0.5888795788744867,0.6414031480356431,0.49175486095673115,0.2008339551275915,21.446549184431987,False
720575940608275696,275788.39963996405,310556.7704770477,242798.2358235824,left,0.2328757120062266,1.1086840119810213,116704.04186993671,-10.0,0.0,0.2235429481000369,1.1225347262688108,True,-10.0,0.0,-0.2235429481000369,1.1225347262688108,-0.2235429481000369,0.0,4988.2342469771975,-243445.33384828066,-41512.08008480852,-10.0,0.0,225.69075162115175,308.4224493660806,-95.40903382640842,0.46371825214147433,0.09701938600962912,-0.11591292173633999,-6.124,-10.607,0.8566222445492111,0.4940030782855225,-0.1488599636836564,0.32362440766006484,9.047916881980557,False
720575940608278281,784582.5125448029,218076.20430107525,205228.4946236559,right,-0.4323859427831833,2.013298105687707,130779.49470805727,6.0,12.0,-0.4323859427831841,2.0132981056877064,False,6.0,12.0,0.4323859427831841,2.0132981056877064,0.4323859427831841,0.0,65910.31153224714,256884.56522513754,80118.847286113,6.0,12.0,148.8363469716338,-295.0016284980204,131.70532087716776,0.32103900859203277,-0.13110328483146552,0.3313953727849278,11.023,-6.364,0.5936672518064646,-0.48948025632771297,0.6387239409932246,0.23541682489834218,10.751073218158279,False
720575940608309771,797204.347107438,225012.54545454544,228992.9752066116,right,-0.6290799996009695,1.910816579464759,134175.65473525476,3.0,15.0,-0.6290799996009698,1.910816579464758,False,3.0,15.0,0.6290799996009698,1.910816579464758,0.6290799996009698,0.0,41582.76369597575,270139.6397683168,77963.04376301047,3.0,15.0,192.03973590866775,-233.44279056880143,119.70179324680879,0.40011303442234614,0.046766071629376176,0.2704602463835247,11.023,-12.728,0.7587593469533915,-0.20450178394378082,0.6184361517365187,0.31530130287980074,2.87932638391445,True
720575940608390869,282555.5574468085,237641.73957446808,193872.340425532,left,-0.035089216276672,1.830881281984883,118415.52769763494,7.0,0.0,-0.0334268291358665,1.8222043957883205,True,7.0,0.0,0.0334268291358665,1.8222043957883205,0.0334268291358665,0.0,64913.90478660179,-242396.09563632865,23016.615131806502,7.0,0.0,27.45221298586692,418.841536514517,64.00207483085792,-0.025021563803078687,0.4472986533549306,0.18270624581014608,4.287,7.425,0.16288585253533494,0.9105767516954298,0.3798923246337528,0.21548274530044836,66.42143316158685,False
720575940608431061,799388.4217462932,260531.2718286656,218968.9291598024,right,-0.5051179241677769,1.6599639176346597,131679.36851423743,-2.0,10.0,-0.5051179241677773,1.6599639176346588,False,-2.0,10.0,0.5051179241677773,1.6599639176346588,0.5051179241677773,0.0,45918.958314428375,274871.28944339865,41553.69727066786,-2.0,10.0,221.92763359864242,-267.41011434777744,53.34034877358388,0.46352095135182514,-0.026432243841993906,0.1380693702381987,4.899,-12.728,0.8444172095046604,-0.3696256602386675,0.38773244329755496,0.3517664465950491,0.6941526919094491,True
720575940608553155,784786.8901927914,267657.1567476949,182433.69656328583,right,-0.1987495417259112,1.658792080486665,131393.4006318548,1.0,4.0,-0.1987495417259111,1.658792080486665,False,1.0,4.0,0.1987495417259111,1.658792080486665,0.1987495417259111,0.0,80602.10746640296,260595.03345602058,27694.62586045197,1.0,4.0,151.45604643550078,-368.6284971533379,39.251067167670755,0.3445893309260217,-0.31713833687169296,0.10236847219929032,3.062,-3.182,0.6486180022032285,-0.693355144910977,0.3139320471748161,0.12664615390717224,33.38748473536972,False
720575940608555356,301391.83703703707,328502.3,232534.25925925924,left,-0.0298598825865721,0.9297915747523298,112055.47813004033,-13.0,-4.0,-0.029791832023293,0.9505552104618072,True,-13.0,-4.0,0.029791832023293,0.9505552104618072,0.029791832023293,0.0,12757.812327534011,-216656.21058755147,-58973.57437050907,-13.0,-4.0,208.4903153079845,307.74931594635234,-158.57867578552006,0.4146487473635447,0.0820512667438132,-0.24590086412223655,-10.41,-9.546,0.7956755652394155,0.5355002055018324,-0.2830899588265749,0.4349727179823295,3.2994147160171545,True
720575940608677845,326825.2396274344,342511.55630821333,218602.5063505504,left,-0.3763495272641668,0.8364069535334074,115334.3990285252,-15.0,-9.0,-0.3608370519124437,0.8583564740367005,True,-15.0,-9.0,0.3608370519124437,0.8583564740367005,0.3608370519124437,0.0,24766.240683929904,-190351.08389951306,-73152.7466693183,-15.0,-9.0,163.13186255577483,315.2249326343361,-218.20605012428024,0.300523094682628,0.0666547566767437,-0.3865325651343651,-14.697,-6.364,0.5827629293621988,0.6125945847095863,-0.5339618366004059,0.5457190606739069,2.463094845051868,True
720575940608810798,769430.649963154,293804.53942520265,168182.81503316143,right,-0.0117649076703739,1.482178376566594,129709.23933077532,-1.0,-1.0,-0.0117649076703734,1.482178376566594,False,-1.0,-1.0,0.0117649076703734,1.482178376566594,0.0117649076703734,0.0,90270.42996905568,247115.57205831917,-1415.7678104103452,-1.0,-1.0,126.73487949135895,-403.232319182227,-22.47748382563294,0.2725614680219548,-0.4031762533721828,-0.0008148221499324739,-1.225,0.0,0.5393729712571227,-0.8335125798220585,0.11972291825561161,0.12332962199607134,46.60918208929095,False
720575940608810947,302327.5715378729,315928.85692425404,206517.55164498853,left,-0.2024683116328705,1.1357706353849055,115299.28120056618,-8.0,-6.0,-0.1955489998257258,1.1498483187077488,True,-8.0,-6.0,0.1955489998257258,1.1498483187077488,0.1955489998257258,0.0,40444.264600986186,-216821.4838340004,-50650.7629353393,-8.0,-6.0,142.99961215183615,382.8468266495549,-126.66900465878363,0.3115274197618001,0.31460343088973597,-0.19955365851185292,-8.573,-2.121,0.4895990783763318,0.8086881754114635,-0.32606161596042643,0.23751224433586837,31.15454991771557,False
720575940608921097,332848.35789473687,257794.3947368421,162381.6315789474,left,-0.5798481558115597,1.7305692521197684,115628.33724122896,8.0,-9.0,-0.5607591742623494,1.7262319816286489,True,8.0,-9.0,0.5607591742623494,1.7262319816286489,0.5607591742623494,7.0,93741.81498757715,-190962.24041244682,1787.621728860353,8.0,-9.0,-96.61880221065921,407.85328105184357,-4.506578200182891,-0.42923720775632307,0.2219687779756967,-0.0018649338444894114,-0.612,18.031,-0.6572688591754716,0.7534305352768512,0.018441129862663885,0.37684874378621624,50.04200900108736,False
720575940608927534,767913.9351535836,210841.409556314,186961.70648464165,right,-0.2417171879693639,2.1192971391348765,127574.17679172214,10.0,10.0,-0.2417171879693651,2.1192971391348765,False,10.0,10.0,0.2417171879693651,2.1192971391348765,0.2417171879693651,0.0,84783.37391154957,239608.010455133,83149.92759971612,10.0,10.0,85.27323377817673,-333.1882387097883,152.1328543538791,0.1391246970950325,-0.23304320354060037,0.3992808774053199,12.247,0.0,0.428277805535159,-0.5801616123530573,0.6928135570540529,0.2175518583775187,23.939587625360456,False
720575940609038660,268770.49376558606,192321.5012468828,244713.56608478804,left,0.5309535671100925,2.113361742252975,120719.23586655255,8.0,14.0,0.5131272051252933,2.098098705011231,True,8.0,14.0,-0.5131272051252933,2.098098705011231,-0.5131272051252933,0.0,21612.586849145766,-259151.24533331115,74718.09511846588,8.0,14.0,136.15562515489867,270.6842153136402,160.43435031120092,0.2619395559718313,0.0435791711566946,0.40643806717989056,13.472,-6.364,0.5468381909307585,0.40864621462929474,0.7307367954391811,0.3378592561169256,2.090551152302525,True
720575940609061077,246670.9,232420.8125,266110.125,left,0.640695533155131,1.7162722237950554,126134.96560352702,0.0,14.0,0.6225750932133053,1.7114191712620794,True,0.0,14.0,-0.6225750932133053,1.7114191712620794,-0.6225750932133053,0.0,-6237.091902075543,-278092.0934882838,37037.872114687365,0.0,14.0,214.88837863832552,222.392730500698,94.4971711463362,0.43814930115191125,-0.05501204369786513,0.2000973985018242,8.573,-14.849,0.8314728415714897,0.1568803595992575,0.5329554076102805,0.30576832721146546,2.3731657069549144,True
720575940609063800,751131.1956181535,307146.43818466354,156250.14084507045,right,0.1685068954296959,1.395958896427596,128537.02902456424,-1.0,-5.0,0.1685068954296964,1.3959588964275962,False,-1.0,-5.0,-0.1685068954296964,1.3959588964275962,-0.1685068954296964,0.0,99615.56933456246,229771.81901073735,-17759.806649551232,-1.0,-5.0,76.9281516054453,-427.0873200675217,-58.512505487568085,0.1021183107311943,-0.46652536377220694,-0.06453435664083482,-3.674,4.243,0.3125218743299605,-0.9466889926165056,-0.07816667655743198,0.11706760868569158,68.05024295841032,False
720575940609234185,276727.5724137931,298769.6606896552,230305.9586206897,left,0.1500374285902534,1.234910346233998,114087.23783650156,-7.0,0.0,0.1441639609515996,1.2454529587541412,True,-7.0,0.0,-0.1441639609515996,1.2454529587541412,-0.1441639609515996,0.0,19197.773940500447,-243460.21821339845,-31818.589871942953,-7.0,0.0,202.5715301550962,345.23612918026896,-63.993322506210006,0.44217992578542437,0.19666183140225588,-0.06483609152676731,-4.287,-7.425,0.7565726098656763,0.6513311623782481,-0.058013816596045605,0.30043460313646275,19.58106314529322,False
720575940609276171,295446.3351519875,255051.5198752923,181881.40296180832,left,-0.211532994887807,1.7111018551428616,117318.11976218953,6.0,-4.0,-0.2042044807729901,1.7064947398801864,True,6.0,-4.0,0.2042044807729901,1.7064947398801864,0.2042044807729901,0.0,74241.99391779845,-228335.60855657826,4896.332643201049,6.0,-4.0,-7.995757775127547,435.6663196031136,24.150798447521556,-0.1461028580643281,0.4494490698517295,0.09292407967574878,1.225,10.607,0.0018926519107401202,0.985012817404206,0.17247077264908772,0.31154050411063405,79.65469574585745,False
720575940609312860,692148.9360146252,357447.26873857406,147608.55575868374,right,0.6733291073181369,1.0340619121158854,137213.0495939539,-10.0,-16.0,0.6733291073181379,1.034061912115886,False,-10.0,-16.0,-0.6733291073181379,1.034061912115886,-0.6733291073181379,0.0,99144.42963026023,174604.3094543296,-72896.73993277954,-10.0,-16.0,18.62433108968678,-363.5214576156591,-214.74596515309327,-0.08171691972799502,-0.17745717444183637,-0.44602191125729035,-15.922,6.364,-0.0800663520280266,-0.7372471237965544,-0.6708621749112348,0.4587317839900505,38.998940738713415,False
720575940609372252,288941.91317593295,293310.8118811881,201808.4386900229,left,-0.1088905687032813,1.3493769774881736,116124.52447929623,-3.0,-4.0,-0.1053646287039842,1.35654327972722,True,-3.0,-4.0,0.1053646287039842,1.35654327972722,0.1053646287039842,0.0,48416.75666110982,-231869.4615116849,-30085.615371109874,-3.0,-4.0,113.85389565408202,412.62210555867904,-60.01058821266626,0.22766650577168007,0.4184293435708512,-0.06707262362613199,-4.287,1.061,0.4258576742149288,0.9025946896843148,-0.06299259850114931,0.09576692634279435,53.53287306395201,False
720575940609453010,773013.81292517,231086.9319727891,174054.89795918367,right,-0.1405590451462351,1.9542023332439569,131091.006796748,8.0,6.0,-0.1405590451462359,1.9542023332439569,False,8.0,6.0,0.1405590451462359,1.9542023332439569,0.1405590451462359,0.0,94427.0059844429,246102.0947376878,61532.738437207285,8.0,6.0,79.91388892585314,-374.7048085609172,112.96966139057866,0.10805565257192157,-0.35783715762905416,0.3012920818922407,8.573,2.121,0.38035178674865416,-0.7474160357058117,0.5447033944147175,0.17624548392525144,42.239637524279736,False
720575940609463620,741838.0123266564,213504.08320493065,152765.82434514636,right,0.1532998989902632,2.140133846138897,130385.31525211548,14.0,4.0,0.1532998989902623,2.140133846138898,False,14.0,4.0,-0.1532998989902623,2.140133846138898,-0.1532998989902623,0.0,117652.04191555179,213575.08624517635,73233.30225363733,14.0,4.0,-30.369642928827094,-377.67406646496187,131.76312126373,-0.2160537639472912,-0.2700275714870184,0.33973627103422616,11.023,10.607,-0.21852362557524857,-0.7427381729294477,0.6329197670628359,0.3023139352996572,44.22511816440428,False
720575940609555406,776941.3641791045,328277.70149253734,201883.0149253732,right,-0.2225159374888375,1.165149288119035,130859.28986951536,-10.0,0.0,-0.222515937488837,1.1651492881190348,False,-10.0,0.0,0.222515937488837,1.1651492881190348,0.222515937488837,0.0,51698.31151021142,257369.76092864116,-29479.204733532963,-10.0,0.0,225.71766408713967,-305.9732214803855,-102.91394420724423,0.4552567827511032,-0.1164212943376992,-0.12265960276228612,-6.124,-10.607,0.8750244029929395,-0.47167106086664135,-0.10889767907438191,0.28080332486026044,9.681907120754447,False
720575940609667083,740035.4714714715,350007.0960960961,178197.32732732737,right,0.1689251607807158,1.009547180311746,128819.78091282808,-11.0,-7.0,0.1689251607807167,1.0095471803117464,False,-11.0,-7.0,-0.1689251607807167,1.0095471803117464,-0.1689251607807167,0.0,70986.82168934199,222011.90736869443,-57282.06196223601,-11.0,-7.0,159.59162602829986,-348.5839728301872,-174.51813810015162,0.32461456507989994,-0.20521038753917065,-0.2992516937757364,-11.023,-4.243,0.5652609902994953,-0.6946333305848598,-0.44493207221576997,0.3388254723050605,17.364599584232923,False
720575940609743736,256768.21145374444,244047.80616740088,237801.1982378855,left,0.3826356148491007,1.6860209787300229,119586.35303859344,0.0,7.0,0.3708030231751379,1.6816679019530978,True,0.0,7.0,-0.3708030231751379,1.6816679019530978,-0.3708030231751379,0.0,20063.175875416062,-267351.23086726427,21823.806262750102,0.0,7.0,187.34346974526395,323.09678337004704,58.70938387109523,0.4140761225156532,0.1870546780210588,0.15479038215224378,4.287,-7.425,0.7312585967862294,0.5690307929786268,0.3761180948430294,0.22919887369362388,14.734576241522214,False
720575940609756427,255022.5431711145,253611.2715855573,244801.85243328105,left,0.4229730732883714,1.5941681650019788,119433.8225078414,-2.0,7.0,0.4098442508591093,1.592487826600784,True,-2.0,7.0,-0.4098442508591093,1.592487826600784,-0.4098442508591093,0.0,11611.604908735055,-268340.7479115107,13391.238923258303,-2.0,7.0,207.94857446020026,306.9670694835159,40.91173657846181,0.45448892611854996,0.11939313656955881,0.11279371989558147,3.062,-9.546,0.7777691572484938,0.5230390945696292,0.3485760226761881,0.3421087465978639,7.598978577528293,False
720575940609758217,788599.8798999166,245547.98331943285,194111.69307756465,right,-0.3202003360970216,1.8101742476774323,131114.49252247723,3.0,8.0,-0.3202003360970218,1.810174247677432,False,3.0,8.0,0.3202003360970218,1.810174247677432,0.3202003360970218,0.0,72627.54252891794,262843.82325831335,51591.89142072178,3.0,8.0,160.2876010855875,-332.6770758896188,85.16806074788609,0.3611048957037052,-0.24290816464986287,0.20819792661905287,6.736,-5.303,0.622385058472211,-0.5783356932492876,0.5274131823384856,0.17542230564094943,23.432846101202067,False
720575940609841635,326699.5238922676,334847.1103388358,203717.1155516941,left,-0.4434162558993638,0.9696379680123316,117211.38700857648,-12.0,-10.0,-0.4267956403101701,0.9874266620664742,True,-12.0,-10.0,0.4267956403101701,0.9874266620664742,0.4267956403101701,0.0,40669.1571743856,-191139.6292645751,-67974.92482967535,-12.0,-10.0,126.41380359009302,356.1279965253938,-197.43023567548747,0.24120253237347708,0.2002313129996175,-0.3795180932782634,-13.472,-2.121,0.4013964364624262,0.7570001780513003,-0.5155886259660558,0.44611942744321603,13.803984667472161,False
720575940609868949,334034.8729989328,272369.6093916756,159061.04589114198,left,-0.6080286995157658,1.6126831926773728,120214.59274941352,5.0,-10.0,-0.5890917212950264,1.6118629958764898,True,5.0,-10.0,0.5890917212950264,1.6118629958764898,0.5890917212950264,8.0,94743.69929550124,-188725.9017702485,-13006.498959709243,5.0,-10.0,-76.74888169072683,420.0904846391194,-36.06275424697116,-0.36524695949187264,0.3146071586958295,-0.06198019542323629,-3.062,15.91,-0.5345781582237618,0.7972853994787081,-0.2802894656032718,0.3059611710038494,62.978475951067956,False
720575940609887971,318183.8088235294,342817.5073529412,232065.1102941176,left,-0.1991164858015905,0.7821609355808313,113898.97579769375,-16.0,-7.0,-0.1911770469179515,0.8065508843071183,True,-16.0,-7.0,0.1911770469179515,0.8065508843071183,0.1911770469179515,0.0,11269.008546436753,-198857.6693656563,-71939.33591626637,-16.0,-7.0,192.97175209526986,290.408925161465,-209.35883780927503,0.34821994746757773,0.013515966342096801,-0.3493210603715618,-14.085,-9.546,0.7029432606168543,0.49492426139765594,-0.5108040209643323,0.5130152798125507,1.9657421456476305,True
720575940609890787,334208.8916929548,343106.3722397476,207414.76340694007,left,-0.5076875157337293,0.8852252666950601,118773.88693399448,-14.0,-11.0,-0.487846981897682,0.9044632079043988,True,-14.0,-11.0,0.487846981897682,0.9044632079043988,0.487846981897682,0.0,35852.56083130725,-183017.4282023404,-74982.69631194658,-14.0,-11.0,129.1613128693452,335.84037727097353,-223.21956177756053,0.22995038189772735,0.12551088035211838,-0.4194932746603699,-15.309,-3.182,0.38058311415742047,0.7164883899477779,-0.5846373921400178,0.5459006498239717,6.424402830611987,False
720575940609925589,753652.1463057792,253661.846378932,147150.60716898314,right,0.1479688509363476,1.8160579812158824,131313.57869755014,8.0,-1.0,0.1479688509363476,1.8160579812158832,False,8.0,-1.0,-0.1479688509363476,1.8160579812158832,-0.1479688509363476,0.0,117078.83979496166,228281.49355346826,33646.14029217696,8.0,-1.0,0.06449385486760961,-424.17119655576164,54.698640434647324,-0.12922209948939392,-0.4401318903832409,0.15016970492281487,4.287,9.546,0.058300153967017834,-0.9352683066367906,0.34910497940901997,0.3305664541507796,73.19975310321821,False
720575940609941624,309196.5918057663,331432.38239757204,223796.84370257964,left,-0.1637157848947577,0.9268355853291852,112880.55569768722,-13.0,-6.0,-0.1578485228284015,0.9475520907165168,True,-13.0,-6.0,0.1578485228284015,0.9475520907165168,0.1578485228284015,0.0,21064.30241016109,-208714.26283172058,-62684.32885141192,-13.0,-6.0,186.58092474445573,323.81738913837387,-175.29877221818225,0.38190223414636476,0.11819505476694796,-0.29066761700023,-11.635,-7.425,0.6553606864273377,0.6470874751726783,-0.38958974596379875,0.47299270323837683,5.340623473237114,False
720575940610007598,747083.0048780488,286977.39930313587,143392.1951219512,right,0.2351519405955927,1.5697014865484886,131188.9633141305,4.0,-5.0,0.235151940595593,1.5697014865484893,False,4.0,-5.0,-0.235151940595593,1.5697014865484893,-0.235151940595593,0.0,115417.13905214584,224162.68715930625,-228.32695657784643,4.0,-5.0,8.537165812636598,-438.5928451465979,-12.72576736268653,-0.09817046166548131,-0.47232243266137125,0.03349993482822805,-0.612,9.546,0.045793703761836384,-0.9962003946158801,0.07407908249254913,0.25026203901196226,85.67926316691194,False
720575940610106414,300106.12268188305,304779.06990014267,199922.5677603424,left,-0.2099052788459049,1.249795281809596,114699.54136181728,-5.0,-6.0,-0.2028039456197042,1.2603141088904757,True,-5.0,-6.0,0.2028039456197042,1.2603141088904757,0.2028039456197042,0.0,48673.337293770695,-219902.51723786094,-40876.511356690076,-5.0,-6.0,109.77039141522204,409.26522946364025,-96.25946310646763,0.2210675183139834,0.4069217397870004,-0.1367099800332619,-6.736,1.061,0.4115261409475333,0.8860618202393914,-0.21340263829411205,0.09428388689496192,47.82454588181507,False
720575940610174387,306316.8363883231,262367.75016972166,173650.7264086897,left,-0.3362342958708416,1.666522329593549,117865.02262731966,6.0,-6.0,-0.3250139664710701,1.663597665691697,True,6.0,-6.0,0.3250139664710701,1.663597665691697,0.3250139664710701,0.0,81412.29075379996,-217009.51708791233,-2833.1922257282567,6.0,-6.0,-34.361559930035526,435.7155881120164,5.610833740545705,-0.22274094492911828,0.42397830940866277,0.06242282556401991,0.0,12.728,-0.1604126523760114,0.9837675370578706,0.08043142413748613,0.3240072786381362,77.91381486782453,False
720575940610177941,750471.7770491804,223182.2524590164,152295.6393442623,right,0.1093250638159896,2.049726761492761,132081.57868683638,12.0,3.0,0.1093250638159889,2.0497267614927623,False,12.0,3.0,-0.1093250638159889,2.0497267614927623,-0.1093250638159889,0.0,116747.15073076199,222895.82517019354,64248.040701236845,12.0,3.0,-11.988094850076218,-394.0014159687539,115.93206264685423,-0.17484712212845788,-0.3382189631687615,0.29622017757315416,9.186,9.546,-0.058272364441818124,-0.8054129287410442,0.5898426449139921,0.32388769546718127,53.33480766176962,False
720575940610277017,248325.0354609929,282650.12765957444,269482.05673758866,left,0.5700349332642091,1.3225985448230415,127405.21262332208,-8.0,8.0,0.5528199431264161,1.327735180467975,True,-8.0,8.0,-0.5528199431264161,1.327735180467975,-0.5528199431264161,0.0,-17456.209066753025,-272715.89733825286,-11771.124127478457,-8.0,8.0,248.1603513337866,229.53090641404793,-13.615280105818849,0.4788820376006918,-0.059308840181583514,-0.01462129319006084,0.0,-16.971,0.9915591483574564,0.07099087618169204,0.10849309105925434,0.23897018085685195,1.3381740963235962,True
720575940610277956,692521.613832853,345614.84149855905,140592.50720461097,right,0.677117063380861,1.1340599723099771,135293.6760593605,-7.0,-15.0,0.6771170633808619,1.1340599723099776,False,-7.0,-15.0,-0.6771170633808619,1.1340599723099776,-0.6771170633808619,0.0,107944.01013019252,174057.1672730989,-62330.84295626667,-7.0,-15.0,3.305975697228163,-384.31777326563804,-184.38355529154506,-0.16348035293588611,-0.25254594835429817,-0.38143869658617413,-13.472,8.485,-0.21199616829092985,-0.7661406340386002,-0.6067010412920811,0.330154576332122,53.16329415871242,False
720575940610315749,292759.6824471959,258568.95557174072,184314.1733430444,left,-0.185605985594952,1.6766399618652872,117468.55012064589,5.0,-4.0,-0.1791987114318534,1.6731050012181758,True,5.0,-4.0,0.1791987114318534,1.6731050012181758,0.1791987114318534,0.0,71236.6190644644,-230739.4716180303,1625.5540301844576,5.0,-4.0,3.899795767680191,436.3446549100712,15.08737624123245,-0.10242777838525997,0.4678053908725303,0.06337814420799381,0.612,9.546,0.06542928040169577,0.9875947270047862,0.14274335171369001,0.27927556958654226,83.19602524542985,False
720575940610316242,283751.68702814,279349.2299245024,197472.06588881265,left,-0.0841251921220568,1.4783776017196808,118213.73549287191,0.0,-3.0,-0.0813412332043351,1.4812086609215285,True,0.0,-3.0,0.0813412332043351,1.4812086609215285,0.0813412332043351,0.0,54805.25087483655,-238103.6355380152,-17397.40969969315,0.0,-3.0,89.41891902485796,423.0537829822229,-20.788382709643365,0.16367567922286694,0.45308699139834807,0.016642724697392784,-1.837,3.182,0.37088639837518456,0.9260761649247156,0.06947097421668268,0.0489480044915697,62.63011623260422,False
720575940610316664,785161.4589502019,305795.13862718706,193781.42664872145,right,-0.2272266397230047,1.357187272264771,132266.46966662008,-6.0,2.0,-0.2272266397230043,1.3571872722647709,False,-6.0,2.0,0.2272266397230043,1.3571872722647709,0.2272266397230043,0.0,63391.56369617485,263855.9048290743,-8034.645650563525,-6.0,2.0,210.69781749341982,-331.8381617751922,-44.77145848646778,0.4503074581038293,-0.17826212428163907,-0.02485926490070162,-2.449,-8.485,0.8010686885590086,-0.5943176323562436,0.07124260018289001,0.28852236486570115,13.473868841817083,False
720575940610322115,298280.7296206618,218300.57142857145,183872.73607748188,left,-0.165793124661385,2.0227613697127818,118196.87082277302,11.0,0.0,-0.1591454743840475,2.0085039384540884,True,11.0,0.0,0.1591454743840475,2.0085039384540884,0.1591454743840475,0.0,78122.1816681445,-228206.2827664702,41605.44362640575,11.0,0.0,-31.100538752893385,408.8025732217666,94.06006254292267,-0.20171422506906508,0.37393560463231246,0.22984604484383858,6.736,11.667,-0.16933932547015654,0.8462761114918615,0.5051147750437782,0.26091235227218795,60.24254539505772,False
720575940610337234,295250.35725190834,307258.1893129771,205216.58015267173,left,-0.1487480473832771,1.219597685537506,115865.22769898252,-6.0,-5.0,-0.1438691969607143,1.2310107092322458,True,-6.0,-5.0,0.1438691969607143,1.2310107092322458,0.1438691969607143,0.0,42967.28874173675,-224527.2927819627,-42826.77269114655,-6.0,-5.0,134.7622784870572,395.91657002684025,-97.29100259253312,0.2945416187461648,0.35552762222931883,-0.14288584099599735,-6.736,-1.061,0.48881480838123736,0.8573198668292125,-0.1614395523010258,0.21808282857649594,39.39435959595323,False
720575940610418296,759695.743370402,206107.4388366125,179129.44396920447,right,-0.1481430983283459,2.1752841165689407,127795.52296700336,12.0,9.0,-0.1481430983283473,2.175284116568941,False,12.0,9.0,0.1481430983283473,2.175284116568941,0.1481430983283473,0.0,93113.43472299959,231011.72309120052,85979.66636948033,12.0,9.0,48.54921607453005,-344.71196085922514,160.0452167417594,-7.549972133758624e-05,-0.25554560400533416,0.4132128571429019,12.86,3.182,0.24069059103199125,-0.6431590964994961,0.7269211896613159,0.296053448336438,31.351385154467945,False
720575940610438898,709694.5387453875,352273.9963099631,160591.69741697417,right,0.4921140249698602,1.017617842308124,128481.29524570848,-10.0,-12.0,0.4921140249698609,1.0176178423081244,False,-10.0,-12.0,-0.4921140249698609,1.0176178423081244,-0.4921140249698609,0.0,87460.43711980116,191805.62789662287,-64484.13908714621,-10.0,-12.0,80.43433945523246,-371.9860343746163,-200.55680729396605,0.0941887929546629,-0.26119281954072165,-0.39900448927689736,-13.472,2.121,0.21450991713629694,-0.7972406898324617,-0.5642630396593772,0.36787374208364343,32.44779454601179,False
720575940610460402,793909.6053511705,235304.4448160535,216679.03010033444,right,-0.515026170360757,1.8574932712096788,130617.44557964802,2.0,12.0,-0.5150261703607574,1.8574932712096777,False,2.0,12.0,0.5150261703607574,1.8574932712096777,0.5150261703607574,8.0,52057.94239949151,267531.96613635344,65638.98480717606,2.0,12.0,193.30911358957508,-270.2290918762243,99.82765857726268,0.4173362853073199,-0.05692266375418666,0.235219227676746,8.573,-10.607,0.7376486944090411,-0.37079695927813483,0.5642552778900047,0.2943662511022737,1.5583022190002536,True
720575940610533582,758176.5428354816,271066.89613343443,151614.43517816532,right,0.1156560301982372,1.6781074894586123,130262.79529578662,5.0,-2.0,0.1156560301982374,1.678107489458613,False,5.0,-2.0,-0.1156560301982374,1.678107489458613,-0.1156560301982374,0.0,110009.45108982775,234106.46033980878,17539.45886228579,5.0,-2.0,32.117376388685095,-430.1472739774768,21.388082021736476,-0.023490488535350917,-0.4784331776099149,0.06393892211754039,1.837,7.425,0.19750398372177447,-0.9567678612400339,0.21351214511638508,0.2620361241740056,77.65416288445665,False
720575940610578786,752654.5524861879,336626.3093922652,174199.94475138123,right,0.0938231241225203,1.1384108259822745,130469.62517280904,-8.0,-5.0,0.0938231241225212,1.1384108259822745,False,-8.0,-5.0,-0.0938231241225212,1.1384108259822745,-0.0938231241225212,0.0,77272.70209986524,233583.21862278017,-43833.709302763564,-8.0,-5.0,156.86715700491357,-370.17453614972123,-128.81072503417448,0.33496956691176133,-0.29715100204401385,-0.19870052153554904,-7.961,-3.182,0.5718843199523479,-0.760883755137291,-0.3066011020215285,0.21520071575365804,31.357937047099117,False
720575940610580434,321735.257370518,334084.28685258963,206927.9043824701,left,-0.3817661881225656,0.9673170542598192,116861.08116093418,-12.0,-9.0,-0.3674539640855476,0.9855683015549282,True,-12.0,-9.0,0.3674539640855476,0.9855683015549282,0.3674539640855476,0.0,37529.13121098135,-196125.4059335666,-67070.8923954919,-12.0,-9.0,140.5072329376384,353.22541146343895,-190.20809283348365,0.286750404763241,0.19198502806978254,-0.3455757774055391,-12.86,-3.182,0.46002353744348096,0.7479246870046671,-0.4785258692766328,0.44471471173269445,13.246261509679876,False
720575940610580578,775573.1885895404,331763.04278922343,215555.8795562599,right,-0.3159703998963274,1.1008611340084622,127235.41795756888,-12.0,1.0,-0.3159703998963264,1.1008611340084622,False,-12.0,1.0,0.3159703998963264,1.1008611340084622,0.3159703998963264,0.0,37624.348748351345,256352.32964985704,-30841.24048326379,-12.0,1.0,242.20126039217834,-264.3403656966917,-112.02020990406294,0.4641652842664478,-0.014270005211019739,-0.138886336436829,-6.736,-13.789,0.9377173307468822,-0.29976738711071066,-0.17557255264351443,0.2939487939893322,0.7925797869457213,True
720575940610665898,304120.09543859644,303459.1887719298,192256.87017543864,left,-0.2788448741692602,1.283268791443786,116645.87786248369,-4.0,-7.0,-0.2694957969020568,1.2925230247123076,True,-4.0,-7.0,0.2694957969020568,1.2925230247123076,0.2694957969020568,0.0,56522.923361010864,-216047.33136362841,-40504.32404422996,-4.0,-7.0,84.58951552759603,419.2237105252815,-95.40611439020249,0.1265031970825456,0.4448438403968026,-0.12260573469227622,-6.736,3.182,0.28413254100495045,0.929181565284386,-0.2364113319570967,0.02799068738044987,58.25020491878372,False
720575940610674090,790715.9027777779,241678.1493055556,198317.9861111111,right,-0.3617299387912925,1.83205741727164,132030.7633692517,3.0,9.0,-0.3617299387912927,1.8320574172716395,False,3.0,9.0,0.3617299387912927,1.8320574172716395,0.3617299387912927,0.0,69123.20838066327,264696.3072054004,56221.579812159835,3.0,9.0,165.50161095168158,-320.14118438142293,91.53680278636043,0.3648864561342042,-0.2117274807403019,0.2357437850468262,7.348,-6.364,0.6600796561844661,-0.5303249882613462,0.5320246745377514,0.13966542607666194,19.25043248614549,False
720575940610695338,765820.7563527653,274893.6860986547,160132.7952167414,right,0.0320819019472571,1.6371605692826452,129710.59218892276,3.0,-1.0,0.0320819019472573,1.6371605692826454,False,3.0,-1.0,-0.0320819019472573,1.6371605692826454,-0.0320819019472573,0.0,101134.60008994857,242067.9536193166,15670.656044212668,3.0,-1.0,73.06759595331901,-420.9809830648886,13.802428628854248,0.1137500072277633,-0.4620633347327754,0.05462310012166705,1.225,4.243,0.3238047452167745,-0.9233257180760573,0.20644637394353302,0.1331409915603385,66.20460993932993,False
720575940610708292,270487.3744075829,193253.2853080569,239963.0331753555,left,0.4820784474973028,2.1194245593945635,119958.1001579762,8.0,13.0,0.4656738279607323,2.103607387128521,True,8.0,13.0,-0.4656738279607323,2.103607387128521,-0.4656738279607323,0.0,26187.18096067873,-257401.6086827605,73170.41171902619,8.0,13.0,129.28999228552334,283.1341913673491,155.91315153240842,0.25860600486047153,0.07885371365013048,0.4001374373618301,12.86,-5.303,0.5335370299035659,0.4668234672256999,0.7052758950716077,0.32911820799697455,3.299947714464952,True
720575940610739882,721946.8716763007,243666.45086705204,130670.38150289012,right,0.4246008105845685,1.9214137116561008,130375.32733376588,12.0,-4.0,0.4246008105845686,1.9214137116561023,False,12.0,-4.0,-0.4246008105845686,1.9214137116561023,-0.4246008105845686,1.0,134350.00017750787,195817.67431041395,38599.69133860622,12.0,-4.0,-89.53667614051189,-401.02949483858197,48.532006347618044,-0.40129627177528604,-0.24703391643229142,0.08654934071561998,4.899,16.971,-0.5743323647002248,-0.737105813376587,0.35611424395029223,0.3886400984240867,57.377877780421386,False
720575940610740394,743804.438271605,298951.1203703704,145412.09876543208,right,0.2569261029967881,1.4762435830992515,130109.94332470727,2.0,-6.0,0.2569261029967886,1.4762435830992524,False,2.0,-6.0,-0.2569261029967886,1.4762435830992524,-0.2569261029967886,0.0,111475.28123327086,221789.47133173555,-11934.248940313852,2.0,-6.0,21.527498688796737,-438.0721495749859,-40.028403533471895,-0.05836652087656297,-0.4784917373276787,-0.020421667025496717,-2.449,8.485,0.06861349139346432,-0.9967670258917657,-0.04180532135605802,0.18994011154543658,85.24461655141828,False
720575940610772174,793959.9576719578,241437.641723356,206406.07709750568,right,-0.4290854035635609,1.82170538788529,132225.3194455305,2.0,10.0,-0.4290854035635612,1.821705387885289,False,2.0,10.0,0.4290854035635612,1.821705387885289,0.4290854035635612,0.0,61234.52387075623,267966.9258113627,57973.91040175513,2.0,10.0,182.90555523384043,-300.6172150591103,89.89239667071006,0.39921043131925465,-0.1474625320251989,0.22450493936351676,7.348,-8.485,0.6775495199655259,-0.5056673110995029,0.5340666798068234,0.26030276323414847,11.142239194212253,False
720575940610865506,283822.5714285714,210938.51231527093,217994.3842364532,left,0.1967504075202965,2.05059565937961,109679.02767078356,9.0,7.0,0.1897657419137234,2.034041102191344,True,9.0,7.0,-0.1897657419137234,2.034041102191344,-0.1897657419137234,0.0,45331.14474003729,-242943.244401481,53228.4804381689,9.0,7.0,73.59025826139278,359.2029513222506,133.848557439198,0.12321390813679396,0.28900741390989615,0.36557106703219977,9.798,2.121,0.376932735486677,0.6661888088896882,0.6435170423762445,0.18011888176511756,32.649986231912706,False
720575940610902806,338130.3510917031,304133.93886462884,167404.29694323146,left,-0.6395262922175984,1.3401370155279737,121615.55951986178,-2.0,-12.0,-0.6196178576503371,1.3466118686474389,True,-2.0,-12.0,0.6196178576503371,1.3466118686474389,0.6196178576503371,0.0,81572.1465652472,-182244.15697442522,-42668.808189923155,-2.0,-12.0,-17.596464105830503,419.298872749486,-110.23706468644423,-0.21083047504026844,0.38184782100458614,-0.20762040430322867,-8.573,10.607,-0.25864713753753893,0.8847652053035732,-0.38767536641855843,0.20597652350168597,75.12424261319325,False
720575940610903854,740903.5229982964,366348.8586030665,197786.71209540032,right,0.0571606381908258,0.835784132973187,131637.5019753275,-16.0,-7.0,0.057160638190827,0.8357841329731874,False,-16.0,-7.0,-0.057160638190827,0.8357841329731874,-0.057160638190827,0.0,49084.82165478181,224211.64857600996,-70205.46105017018,-16.0,-7.0,191.05048983037915,-278.9758069669779,-218.84208341280268,0.32877075779351855,0.003206200025543974,-0.366182557632672,-14.085,-9.546,0.7241981002701536,-0.38654118998261505,-0.5710718168601254,0.4365594088010908,2.8770548013461252,True
720575940610934340,797458.3877327492,269007.16319824755,204204.03066812703,right,-0.3841399142160946,1.61682001477827,133804.3947866361,-2.0,7.0,-0.3841399142160941,1.6168200147782696,False,-2.0,7.0,0.3841399142160941,1.6168200147782696,0.3841399142160941,0.0,59125.16459130469,273474.52351708035,30727.19488108991,-2.0,7.0,208.1910391298015,-309.5163817285691,33.313579353721124,0.4509771549777513,-0.14001853232342776,0.09760904332864269,3.062,-9.546,0.7926127446340352,-0.5068566854362655,0.3389119907472502,0.2940415725262249,9.937931071077104,False
720575940610952198,785396.7529411765,228988.8031372549,198330.5098039216,right,-0.3647751638247187,1.9361529953063272,130337.41914228431,5.0,10.0,-0.3647751638247193,1.9361529953063268,False,5.0,10.0,0.3647751638247193,1.9361529953063268,0.3647751638247193,0.0,71014.98977707424,258455.99933469307,68337.38514375241,5.0,10.0,148.41566781819137,-318.5131625972559,114.06362970005516,0.3216435989684108,-0.19727641327907794,0.29628190828583045,9.186,-5.303,0.5998821011330462,-0.5358939178299617,0.5941036724116896,0.1453051410311869,18.480889884205997,False
720575940610952982,735571.0586443259,330055.87204874336,157723.29017517137,right,0.2844561672879648,1.2103220253858304,127978.61064116364,-5.0,-8.0,0.2844561672879655,1.2103220253858311,False,-5.0,-8.0,-0.2844561672879655,1.2103220253858311,-0.2844561672879655,0.0,94266.02931796221,215953.65883179323,-41202.738685573,-5.0,-8.0,83.48697800546583,-410.11134103342664,-124.62899701315413,0.12106146769232047,-0.4190586710474119,-0.2057896723581418,-7.961,3.182,0.27762905069068905,-0.9048112626680707,-0.322860169673496,0.11310603399033854,53.43084650650801,False
720575940610953478,787358.3748939779,225476.72603901607,202755.3180661577,right,-0.4088423977368772,1.954186619163064,131504.3267915923,5.0,11.0,-0.4088423977368774,1.954186619163064,False,5.0,11.0,0.4088423977368774,1.954186619163064,0.4088423977368774,0.0,67235.69447755293,260182.32826590803,72638.34897148973,5.0,11.0,154.08431151931381,-304.8800462388955,118.31580011226708,0.3290537394457489,-0.16070281680277115,0.31088909218002103,9.798,-6.364,0.6261968893775841,-0.4754312376684283,0.6179341340166478,0.15560502910272472,13.797732481944708,False
720575940610979590,783266.9779286928,254925.59252971137,181960.37351443127,right,-0.2057744959859282,1.7563483123300094,130865.13678997716,3.0,5.0,-0.2057744959859283,1.7563483123300094,False,3.0,5.0,0.2057744959859283,1.7563483123300094,0.2057744959859283,0.0,83049.27896246426,258137.22481633103,40047.65884006085,3.0,5.0,135.65255703258973,-368.5692778026898,63.90019343269224,0.2993436298811063,-0.3390328655204947,0.15591797454033343,4.899,-2.121,0.5646046228830005,-0.7109175340678666,0.41930642682173225,0.11169101228426889,38.426869334079626,False
720575940611028594,304896.4413062665,233270.9514563107,176991.7034421889,left,-0.2739418778919371,1.9097020874051904,116480.6330997174,10.0,-3.0,-0.2639036908838889,1.8989754601755984,True,10.0,-3.0,0.2639036908838889,1.8989754601755984,0.2639036908838889,0.0,82675.7381354618,-220549.92860370775,26247.257084914265,10.0,-3.0,-53.99578604361717,418.91060128619904,61.61079769476545,-0.27193069563169714,0.3756333479494573,0.14924275457580585,4.287,13.789,-0.30737208245205766,0.8848803266031993,0.3500131576379677,0.27978963920050076,64.79960600430947,False
720575940611054798,748022.5251989393,205615.89036251104,166706.10079575598,right,0.0124308812407644,2.201988972504429,127830.74061200704,14.0,7.0,0.012430881240763,2.2019889725044304,False,14.0,7.0,-0.012430881240763,2.2019889725044304,-0.012430881240763,0.0,105244.65674258056,219252.57095087218,83655.68460568032,14.0,7.0,1.7539301833841305,-359.0000164244107,156.1147638251315,-0.13301667892497557,-0.25630276336600294,0.39179924513760517,12.86,7.425,-0.017661945015769516,-0.6797393005390281,0.7332411192786265,0.307722378269909,37.632552354164915,False
720575940611100484,315520.5028248588,302094.92090395483,182143.41807909604,left,-0.4097362842788302,1.3179243315561662,117275.22373490762,-3.0,-9.0,-0.3961446180489272,1.3258623285599485,True,-3.0,-9.0,0.3961446180489272,1.3258623285599485,0.3961446180489272,0.0,66930.47107920308,-204845.3618382354,-39946.41908900076,-3.0,-9.0,43.02782192940979,426.29394960068663,-100.62878767097736,0.007676651225841544,0.4535784172712844,-0.16140449923398925,-7.348,6.364,0.09988951205812119,0.9629172550046663,-0.25062411175916255,0.12106599144840703,63.16827615741306,False
720575940611108721,295206.86780210864,208207.95133819952,192294.07948094085,left,-0.0716273102848708,2.101599335062663,117362.99746068042,12.0,3.0,-0.0681365444726087,2.084724158080176,True,12.0,3.0,0.0681365444726087,2.084724158080176,0.0681365444726087,0.0,71343.0989178899,-231960.6410812611,52658.83506055305,12.0,3.0,-13.437903435583543,389.7973337486767,124.96051530860692,-0.15055576011592572,0.32694798030234884,0.3266217773606491,9.186,9.546,-0.025814845680315567,0.7860282208854283,0.6176513820224074,0.3117866022376113,48.344489444492574,False
720575940611126648,760060.8402061856,296427.53350515466,159159.17525773196,right,0.090864744785916,1.4750632457256858,129427.02322069154,0.0,-3.0,0.0908647447859164,1.475063245725686,False,0.0,-3.0,-0.0908647447859164,1.475063245725686,-0.0908647447859164,0.0,98595.81501964595,237905.56787464465,-6102.269097944867,0.0,-3.0,91.66714043599053,-423.20971860215593,-30.228252010548104,0.16314905084151946,-0.45739067627352453,-0.011154546652863355,-1.837,3.182,0.3584628319417205,-0.9316917416894169,0.058778368334472336,0.08541186764732552,61.07440927158055,False
720575940611216867,752516.1998388396,319148.63497179694,162941.0153102337,right,0.1378211109192481,1.2930357833344466,129098.60007504073,-4.0,-5.0,0.1378211109192488,1.2930357833344468,False,-4.0,-5.0,-0.1378211109192488,1.2930357833344468,-0.1378211109192488,0.0,91142.21537399502,232082.1999221422,-28418.28581968235,-4.0,-5.0,113.69035219025628,-408.154963886977,-90.3596048714073,0.2183291142887013,-0.4133874668998492,-0.11318273896290855,-5.511,1.061,0.4463671563498518,-0.8805184761880702,-0.1595104223039548,0.07905529667816039,53.09383473109753,False
720575940611352469,738396.9754601227,225771.1472392638,142998.19018404905,right,0.241143147016279,2.0444964073065712,131657.53415367534,13.0,1.0,0.2411431470162785,2.044496407306573,False,13.0,1.0,-0.2411431470162785,2.044496407306573,-0.2411431470162785,0.0,125299.09178408471,210983.9381826851,59357.537342443145,13.0,1.0,-50.61422526925428,-394.6930546235237,102.2429341476471,-0.272353607615412,-0.2940855360611432,0.2717866364972374,8.573,12.728,-0.3211812083295275,-0.7656669754210055,0.5573120438009878,0.28960649879608924,52.28227526817144,False
720575940611361378,750767.3795093795,299417.8961038961,151015.23809523808,right,0.1887634459159462,1.4645107311694392,129977.0746754503,1.0,-5.0,0.1887634459159466,1.4645107311694396,False,1.0,-5.0,-0.1887634459159466,1.4645107311694396,-0.1887634459159466,0.0,105996.11104783762,228804.58361426272,-11005.543196859919,1.0,-5.0,50.0509284616415,-435.0193750594197,-39.376024331991694,0.030152609883462952,-0.4797695796703293,-0.022861357269351134,-2.449,6.364,0.17732870034654968,-0.9841482534218244,-0.002597560427795521,0.12389206785280957,77.15159623549386,False
720575940611361941,294012.4606240713,319761.7890044577,230581.7236255572,left,0.0199983908844967,1.024907867123098,111821.7565405806,-11.0,-3.0,0.0182176845593433,1.0427580704533077,True,-11.0,-3.0,-0.0182176845593433,1.0427580704533077,-0.0182176845593433,0.0,15929.662424401376,-224672.78939226622,-51205.82338717369,-11.0,-3.0,205.00736153805653,326.1879369304384,-132.0361023239403,0.4289951078395141,0.14292553435787902,-0.17894080606219684,-8.573,-8.485,0.7799071207122303,0.5821406452752721,-0.2299068336975841,0.33714904350299535,11.77678920691989,False
720575940611362965,776986.2687000727,308941.83877995645,182600.61002178647,right,-0.1174058729836984,1.3481687303750371,131537.88644311685,-5.0,0.0,-0.1174058729836978,1.3481687303750374,False,-5.0,0.0,0.1174058729836978,1.3481687303750374,0.1174058729836978,0.0,73785.91442144166,255861.67381712445,-13493.204201144186,-5.0,0.0,183.2432794403428,-363.05295250539416,-52.831031919976496,0.39707330368483007,-0.2748652109911772,-0.04469487478561569,-3.062,-5.303,0.6499680029622177,-0.7595091181462876,0.026220117809713426,0.28316860082076284,26.741931972151775,False
720575940611437846,326868.8532818533,258595.5366795367,162632.81853281852,left,-0.5312792046928793,1.720677960334215,117584.46165739304,8.0,-8.0,-0.5139234584268235,1.7165707613776626,True,8.0,-8.0,0.5139234584268235,1.7165707613776626,0.5139234584268235,2.0,93258.82239405416,-196864.59487860126,609.348151076465,8.0,-8.0,-88.69517297058229,414.6594904405806,2.6150903859430894,-0.4035319733177214,0.25976760441364877,0.019356078258766965,0.0,16.971,-0.5976845856276668,0.8007170463723113,0.04031560184204255,0.35732757191648373,55.43162176947735,False
720575940611489746,785182.9814020029,283680.6494992847,186793.39055794,right,-0.208836148400124,1.5324626361462583,130689.45276022944,-2.0,3.0,-0.2088361484001241,1.532462636146258,False,-2.0,3.0,0.2088361484001241,1.532462636146258,0.2088361484001241,0.0,73778.34635381456,262200.451836818,12635.573565097755,-2.0,3.0,179.32446747960708,-357.46332690940545,1.8575461004253817,0.3919608173232409,-0.2829350408469682,0.025316503331163216,0.612,-5.303,0.7016956690033807,-0.6864260202287543,0.1908992060088563,0.20349956506408087,26.279509791956098,False
720575940611496750,303493.5015873016,196695.69523809524,191349.87301587305,left,-0.1149951968953745,2.2171957675164187,117574.82579805508,14.0,4.0,-0.109427113066287,2.197314871812569,True,14.0,4.0,0.109427113066287,2.197314871812569,0.109427113066287,0.0,74241.14733073965,-224551.99557628832,64440.39493314171,14.0,4.0,-28.65769295777019,373.8795675367394,139.18160728443175,-0.18449412265853574,0.2671439916259076,0.35755448369991605,11.023,10.607,-0.21281107451895248,0.6839367609816182,0.6978122623887185,0.2184802498857817,40.462411517038944,False
720575940611524835,794842.3248145095,237772.41879637263,210969.00247320693,right,-0.4698904410408105,1.842799404610305,132428.0628265365,2.0,11.0,-0.4698904410408107,1.842799404610304,False,2.0,11.0,0.4698904410408107,1.842799404610304,0.4698904410408107,0.0,57323.39600026436,268606.576478036,62370.11838912833,2.0,11.0,189.4168921028138,-286.0427364904137,94.39405147417024,0.4162056278605171,-0.09518272557073786,0.2217245197390657,7.961,-9.546,0.695280025582034,-0.42097825186059,0.582548708252836,0.30688145106701675,5.4283685492224825,False
720575940611551857,792938.9443037974,297673.86329113925,212258.60759493668,right,-0.3913946352325559,1.3899141876357766,130688.31914812048,-7.0,5.0,-0.3913946352325552,1.3899141876357763,False,-7.0,5.0,0.3913946352325552,1.3899141876357763,0.3913946352325552,0.0,46570.487391825205,271134.64466993295,3451.082255007562,-7.0,5.0,237.36565172812416,-283.73874127584673,-29.749621832873558,0.4817515881227871,-0.06281722318874039,-0.0038746627688396205,-1.225,-12.728,0.9150432669611543,-0.3799236527628268,0.13547633616395455,0.29986991550027464,0.902855396999365,True
720575940611625238,737970.3337931035,250277.45379310343,136528.0,right,0.2936685069207285,1.8577248061184268,131418.94384978156,10.0,-3.0,0.2936685069207285,1.857724806118428,False,10.0,-3.0,-0.2936685069207285,1.857724806118428,-0.2936685069207285,0.0,127815.43665412843,212323.24855199005,34168.67668400444,10.0,-3.0,-52.378041376004994,-420.6531618806922,50.813827445843856,-0.30004444734022956,-0.3643685388524588,0.12306447652742727,4.287,13.789,-0.27646398860087273,-0.8899566107367946,0.3626911827061337,0.3862098790493659,71.59737044515522,False
720575940611625877,294332.15970961883,185672.19237749543,217761.66969147004,left,0.2045506987367511,2.293418498232217,113736.35054875228,13.0,10.0,0.1965893276296708,2.2709015394686074,True,13.0,10.0,-0.1965893276296708,2.2709015394686074,-0.1965893276296708,0.0,49735.81417237686,-234327.4301725326,78826.51078151117,13.0,10.0,42.37943982299342,325.0917956052726,175.74894126899554,0.010616015353468667,0.18754573262667612,0.44923673293881533,14.085,3.182,0.2160702823074144,0.5246182801153146,0.8234617740201688,0.25960185146116227,25.746055407580872,False
720575940611642773,322876.88,262435.7982608696,164578.33043478258,left,-0.496564134680438,1.6845573082741672,117730.57664171916,7.0,-8.0,-0.4803557508613346,1.681415775649448,True,7.0,-8.0,0.4803557508613346,1.681415775649448,0.4803557508613346,0.0,90659.90498585801,-200549.59235916368,-3150.292540585362,7.0,-8.0,-78.1625846669515,422.9774308287612,-4.573472027566536,-0.3741641281944507,0.32038346122649586,0.017590551687386925,-0.612,15.91,-0.4789632831272119,0.8752985707023297,0.06668272296825489,0.3628211823754891,63.225546586934556,False
720575940611667154,783235.1357615893,237101.0761589404,189245.6622516556,right,-0.2795091808244487,1.8855095316378248,130172.07179762032,5.0,8.0,-0.279509180824449,1.8855095316378248,False,5.0,8.0,0.279509180824449,1.8855095316378248,0.279509180824449,0.0,78666.2734493801,256838.8341329871,58753.09318588385,5.0,8.0,134.89390411799815,-342.8933960022266,101.05274062014958,0.29198431916873185,-0.2795726107171243,0.2594531873703925,7.961,-3.182,0.5975466054958987,-0.6060939538796908,0.5249649258101079,0.03026725079759078,29.784309850093543,False
720575940611680718,262098.89940828405,207685.0216962525,253490.2958579881,left,0.5819783423384267,1.9628826331339848,118595.85768688706,5.0,14.0,0.563395722814522,1.951303440456249,True,5.0,14.0,-0.563395722814522,1.951303440456249,-0.563395722814522,0.0,10403.400077872488,-264613.7285403786,60502.106706906925,5.0,14.0,171.20818747000456,256.97377441879723,137.26982588947624,0.3450451235114656,0.013717408726878176,0.340214452235336,11.635,-9.546,0.6431977968936585,0.3361275397485947,0.6879788304110098,0.3170087133201337,1.3127239693367714,True
720575940611685489,733489.8364116095,358635.00087950745,181208.3729111697,right,0.2096034207864829,0.9296035583181996,129736.24110315532,-13.0,-8.0,0.2096034207864842,0.9296035583182004,False,-13.0,-8.0,-0.2096034207864842,0.9296035583182004,-0.2096034207864842,0.0,66534.56924379754,216140.35659449323,-65770.57269519754,-13.0,-8.0,161.45405472871826,-328.1334468740944,-203.51634491701026,0.31295675895436953,-0.12768582864551786,-0.3570665079922425,-12.86,-5.303,0.5576791809854813,-0.6820572408807676,-0.47306643429594253,0.5040101463509833,7.673053476351715,False
720575940611686513,766943.8929440388,237937.1321978913,166259.39983779402,right,-0.0517977502395573,1.9155951034078025,129478.02545132834,8.0,4.0,-0.0517977502395578,1.915595103407803,False,8.0,4.0,0.0517977502395578,1.915595103407803,0.0517977502395578,0.0,100933.25656633127,240502.75849354436,53115.19130917686,8.0,4.0,58.617925307700055,-393.12764981806225,98.2847245845358,0.04219957845009669,-0.40442788905304217,0.2588765779890694,7.348,4.243,0.2676330676596588,-0.8459163245508207,0.46130045843626816,0.19580532453662555,52.76899508511869,False
720575940611704689,739316.820224719,362300.67041198496,193700.7865168539,right,0.0919290513547249,0.8692272574625179,129429.04303222676,-15.0,-7.0,0.091929051354726,0.8692272574625184,False,-15.0,-7.0,-0.091929051354726,0.8692272574625184,-0.091929051354726,0.0,53728.42111047062,222303.86825444514,-66980.93015478608,-15.0,-7.0,186.9614962434484,-294.680273130132,-211.6031253469623,0.33490626562785897,-0.03366907376348023,-0.3594053232819616,-13.472,-8.485,0.673542926077946,-0.5295275395374893,-0.515694203575851,0.5141561554300106,0.6510256515393327,True
720575940611751347,733151.1345029238,308378.2046783626,141506.87134502924,right,0.3499508082445065,1.4105068842236006,130423.19550758388,1.0,-8.0,0.3499508082445071,1.4105068842236013,False,1.0,-8.0,-0.3499508082445071,1.4105068842236013,-0.3499508082445071,0.0,113650.96540912476,211834.96942906702,-22601.38966215501,1.0,-8.0,6.821557806650614,-436.4800303294019,-66.63255687252982,-0.10965466811669147,-0.46300151162549646,-0.0773495531353699,-4.287,9.546,-0.00691830735526468,-0.9867249032712053,-0.162253204244997,0.2225780220178461,84.79399108103702,False
720575940611778290,785078.9710867397,244844.79361914253,187253.28015952144,right,-0.2614243858775082,1.825608787962739,131150.97538144127,4.0,7.0,-0.2614243858775086,1.8256087879627392,False,4.0,7.0,0.2614243858775086,1.8256087879627392,0.2614243858775086,0.0,79445.90456422365,259235.60206419206,50943.986065381294,4.0,7.0,139.74482787969728,-350.1052982849413,86.67392659326237,0.3100875055215872,-0.28357875014753586,0.2253035771795966,6.736,-3.182,0.5592044662676968,-0.6455859627174997,0.5201049217690404,0.11475777697136623,30.03032017313855,False
720575940611780450,800119.9148936169,278074.59574468085,224860.2553191489,right,-0.5249886837031256,1.5205292542433566,131529.78434456166,-5.0,9.0,-0.5249886837031249,1.520529254243356,False,-5.0,9.0,0.5249886837031249,1.520529254243356,0.5249886837031249,0.0,37349.434204364785,276933.35242611315,25264.98421699258,-5.0,9.0,239.7085295818259,-248.39244233752314,18.07921547344147,0.47983568443981317,0.0030130317874714867,0.06640049651739485,2.449,-14.849,0.9422560909270479,-0.2398891420898362,0.2336806766043809,0.2695797905187975,1.6514722389906884,True
720575940611838577,734592.3212121212,351431.13636363635,174744.42424242423,right,0.2290673379729088,1.0029401490339824,128885.29817729475,-11.0,-8.0,0.2290673379729098,1.002940149033983,False,-11.0,-8.0,-0.2290673379729098,1.002940149033983,-0.2290673379729098,0.0,74072.49531884673,216666.00719851814,-59622.635559853385,-11.0,-8.0,145.50190158876276,-353.14319157762293,-184.80017407887576,0.2941647760416058,-0.20962836925952094,-0.32686391239718104,-11.635,-3.182,0.4922925917675612,-0.7347847427942248,-0.46662553064272244,0.3856647303503192,17.725591991642382,False
720575940611858274,261992.343079922,286781.9454191033,248332.82651072124,left,0.3709453354438739,1.3107616045268975,117706.14576397942,-7.0,4.0,0.3582575927920369,1.3177462566657152,True,-7.0,4.0,-0.3582575927920369,1.3177462566657152,-0.3582575927920369,0.0,3021.815308017799,-258920.50968299838,-18212.781669212964,-7.0,4.0,231.97875418806885,297.6705073378613,-31.337172766693094,0.48319717599138845,0.0643207831730824,-0.011138408842962516,-1.837,-11.667,0.8875218278824099,0.4465986183119106,0.11337847747327831,0.36011663098362273,2.5897636572227842,True
720575940611865829,292699.43338954466,214074.3102866779,191279.5278246206,left,-0.0730474971413943,2.046761283577568,117760.41174365432,11.0,2.0,-0.0696488331653471,2.031517251757656,True,11.0,2.0,0.0696488331653471,2.031517251757656,0.0696488331653471,0.0,71374.23293199162,-234035.22189007504,46541.167625172835,11.0,2.0,-7.772420310654355,399.81272061472174,111.17903016354326,-0.14768458616154467,0.36472969758486157,0.28279098303421846,7.961,9.546,0.013517108165214245,0.824321583041128,0.5659604363552444,0.3281996857718262,55.17128426349148,False
720575940611882725,759643.047761194,262179.1104477612,151949.55223880595,right,0.0968862443176036,1.7443241665254448,131014.57290540617,6.0,-1.0,0.0968862443176036,1.7443241665254454,False,6.0,-1.0,-0.0968862443176036,1.7443241665254454,-0.0968862443176036,0.0,111106.63003618325,234915.6687493192,26449.961353480154,6.0,-1.0,29.183736371977762,-426.0681299649869,39.19616161403074,-0.0415990973516064,-0.473023827668779,0.09337710011009462,3.062,7.425,0.19201527124901452,-0.9413164220243135,0.277585174738335,0.2938652859181107,76.09792015325245,False
720575940611884773,773429.932381668,261464.3155522164,168611.87077385426,right,-0.0703425174179545,1.7270927031877776,129845.4227252454,4.0,2.0,-0.0703425174179545,1.7270927031877776,False,4.0,2.0,0.0703425174179545,1.7270927031877776,0.0703425174179545,0.0,95018.79268711164,248721.60270905943,30785.818266880713,4.0,2.0,95.96424495004185,-402.4844193764908,49.565894736549524,0.17231187825546584,-0.4266141068807377,0.1305307073491956,3.674,2.121,0.39522217891859357,-0.8521427144538788,0.34300469893868024,0.08789583880533111,56.48417669123534,False
720575940611944434,335024.9745836985,326332.1787905346,188686.90622261167,left,-0.5697170974838288,1.0916090515054937,118074.2632509552,-9.0,-12.0,-0.5498533203042985,1.105243785963803,True,-9.0,-12.0,0.5498533203042985,1.105243785963803,0.5498533203042985,0.0,57002.74524540189,-183563.8823066379,-61375.95978056368,-9.0,-12.0,66.29059957722303,387.7521620874299,-178.7735808087692,0.06705004111839846,0.3186454780635436,-0.357548312336181,-12.86,3.182,0.13347001274468853,0.8568109257165096,-0.49805701809205605,0.31339439353469334,36.93315239846011,False
720575940612007061,346688.69588313415,348470.45949535194,197601.85922974767,left,-0.6694457741435151,0.8983476796913562,125324.64588224213,-14.0,-14.0,-0.6450376756091066,0.9149041068571904,True,-14.0,-14.0,0.6450376756091066,0.9149041068571904,0.6450376756091066,0.0,44922.08230397575,-170240.83045386485,-80925.28525382777,-14.0,-14.0,85.21555715881107,338.86302292448016,-237.0740699343288,0.12146916797809534,0.11129254322217301,-0.463766274999183,-17.146,0.0,0.16227067094601688,0.696992141317169,-0.6984770463607499,0.5436153498210202,14.404890783987007,False
720575940612028645,282433.1969981238,210369.74108818013,204856.9981238274,left,0.0936078413015841,2.049808553821433,117845.07187460376,10.0,5.0,0.0909452476615619,2.034348412430721,True,10.0,5.0,-0.0909452476615619,2.034348412430721,-0.0909452476615619,0.0,58366.42762508411,-244457.17378821556,51605.46047287325,10.0,5.0,39.28068299686872,379.7681383162606,128.2941242192433,0.013625106410446347,0.35110455350443837,0.3284323198754744,9.186,5.303,0.25157003431825276,0.742714673624331,0.6205541325430173,0.23264595988044456,46.10764502841141,False
720575940612031694,781566.4840182648,250688.2800608828,179216.56012176562,right,-0.1863037123655656,1.7920848627281396,131298.47293981534,4.0,5.0,-0.1863037123655659,1.7920848627281396,False,4.0,5.0,0.1863037123655659,1.7920848627281396,0.1863037123655659,0.0,86395.53195404407,256110.84658957704,43663.09666004128,4.0,5.0,124.21478086078572,-373.67904414879723,72.54441624106504,0.2504866667793284,-0.3637584207789675,0.18329019616311032,5.511,-1.061,0.5512360250101355,-0.7097275153502681,0.43866353699134863,0.08011365951636663,42.9313419276374,False
720575940612098766,260698.21014492755,218066.268115942,237982.39130434784,left,0.4279002080852271,1.901387702363457,119951.69767351243,4.0,10.0,0.4144481006088571,1.8909513355191527,True,4.0,10.0,-0.4144481006088571,1.8909513355191527,-0.4144481006088571,0.0,24052.38374252303,-265346.970237632,47719.504748810665,4.0,10.0,159.48955531251394,307.3426842453627,110.43154016299002,0.34582661671866793,0.1529431691334643,0.2918076111243849,8.573,-6.364,0.623519945614482,0.5468743223766939,0.5587050679436742,0.25407861951663013,10.121345126247048,False
720575940612104034,324967.84435797663,294389.7307392996,169730.73929961087,left,-0.5218020422668195,1.4126971655252936,120019.77734872662,0.0,-10.0,-0.5052447204136609,1.417520544536104,True,0.0,-10.0,0.5052447204136609,1.417520544536104,0.5052447204136609,0.0,80572.42093329292,-196073.86610166496,-33649.20710897512,0.0,-10.0,-11.739989562711035,431.12251765408314,-80.56977591493661,-0.17657040788784698,0.4272451164536227,-0.1311479620720504,-6.124,10.607,-0.15692158064484005,0.9550487908812041,-0.25151028719373497,0.22210327289046156,79.4604980945637,False
720575940612109619,745723.7305263156,270415.4329824561,139377.26315789472,right,0.2473681941030004,1.698816476762263,132189.46885424014,7.0,-4.0,0.2473681941030006,1.698816476762264,False,7.0,-4.0,-0.2473681941030006,1.698816476762264,-0.2473681941030006,0.0,121967.90881999128,221559.28496548836,15346.5164234539,7.0,-4.0,-24.177157401424942,-434.29535679110836,20.961842705188072,-0.19934772415536778,-0.43808355939857135,0.06958667087152065,1.837,11.667,-0.08131308273613508,-0.978670119834968,0.1886610164240506,0.3424298395845447,82.4661592204363,False
720575940612162227,791027.5935098208,222107.48420153715,221181.72502134927,right,-0.5658693014119272,1.9553559443058384,130776.35178573016,4.0,14.0,-0.5658693014119277,1.9553559443058373,False,4.0,14.0,0.5658693014119277,1.9553559443058373,0.5658693014119277,4.0,49640.8022281453,263714.2075264345,79141.65772237933,4.0,14.0,181.00632295643564,-254.64778382242545,124.71981229589764,0.3793494290596945,-0.0074428567893059135,0.3013659623871359,11.023,-10.607,0.713829760866132,-0.30109916378161794,0.6322866170272872,0.29522042398735293,1.428877591715917,True
720575940612181221,310460.6646248086,229306.8208269525,174005.29862174575,left,-0.3258248065009018,1.95141113858857,116521.77911408617,11.0,-3.0,-0.3138382664109335,1.939648408857408,True,11.0,-3.0,0.3138382664109335,1.939648408857408,0.3138382664109335,0.0,86350.45814896816,-215312.9795028387,30076.659580608877,11.0,-3.0,-66.61057444071909,410.96121024811123,66.16661126983836,-0.3160757193794434,0.3305747910483874,0.1577974302949299,4.899,14.849,-0.41862912972898536,0.8276133847500853,0.3739060538756493,0.28053485202303896,59.24207778987409,False
720575940612197986,795746.2776911076,272841.2605304212,208229.8283931357,right,-0.4031967638777727,1.58329631501895,131015.09121837476,-3.0,7.0,-0.4031967638777722,1.5832963150189496,False,-3.0,7.0,0.4031967638777722,1.5832963150189496,0.4031967638777722,0.0,54514.73700536644,272076.3613165403,27467.168745342402,-3.0,7.0,217.07003606352671,-299.6978534424303,23.411228390013786,0.4620189172116131,-0.11378437966313737,0.07857611732861179,2.449,-10.607,0.8466012372742782,-0.45764211423708834,0.27171683849601436,0.271760968454407,5.899455481400297,False
720575940612210289,349703.6121758737,314681.6640360767,166243.38218714768,left,-0.7414304292570204,1.2640672793574117,125089.27729426052,-5.0,-14.0,-0.7189593164367984,1.2718241700276869,True,-5.0,-14.0,0.7189593164367984,1.2718241700276869,0.7189593164367984,0.0,81265.54133552355,-169932.40440035364,-52408.8976799439,-5.0,-14.0,-9.890295049523434,401.87609657454317,-148.65172317258018,-0.19009104557562892,0.3263030978968965,-0.30280680714379044,-11.635,9.546,-0.29079363974734085,0.8067187087171934,-0.5144355976098058,0.2011445011098659,63.99592539152958,False
720575940612248418,255551.48691099475,276631.74869109946,259204.81675392672,left,0.4926580229693773,1.3771535198533962,119527.0138457744,-6.0,7.0,0.4768293148630639,1.3815343274353966,True,-6.0,7.0,-0.4768293148630639,1.3815343274353966,-0.4768293148630639,0.0,-6228.960293859322,-266020.7453076061,-6955.735054176183,-6.0,7.0,239.9592609199236,264.4733405061321,1.489368290588448,0.48558739837019227,-0.010366210936549342,0.0163273319914957,0.612,-13.789,0.9349593048487326,0.2799481422585205,0.21789937109312188,0.3609325356508586,1.7182451667494898,True
720575940612334810,745178.0227870289,360164.8273444347,197219.2112182296,right,0.0230630912382973,0.8850875391711462,129645.52943545736,-15.0,-6.0,0.0230630912382984,0.8850875391711469,False,-15.0,-6.0,-0.0230630912382984,0.8850875391711469,-0.0230630912382984,0.0,50697.88860345382,228014.60865315862,-63899.02323093225,-15.0,-6.0,198.08268842637005,-290.0291388656533,-202.17952652872208,0.3588919985119272,-0.02250632308866591,-0.33514971688021544,-12.86,-9.546,0.7330427793607097,-0.46698394184222164,-0.4945445194202707,0.46514025900936257,2.0515998397803688,True
720575940612352114,757693.9724837075,324494.1028240406,172189.65966690803,right,0.0621240728491178,1.2359102256387016,128939.6862572728,-6.0,-4.0,0.0621240728491185,1.2359102256387018,False,-6.0,-4.0,-0.0621240728491185,1.2359102256387018,-0.0621240728491185,0.0,81262.05358830593,237700.82933658152,-31843.805510088932,-6.0,-4.0,148.67286595997913,-385.11183849541237,-101.46089752178924,0.3060511652667396,-0.34569344163562854,-0.1453781607320334,-6.124,-2.121,0.5456617534042564,-0.8179150784775646,-0.18239565584418838,0.17961424845486645,40.36662070593132,False
720575940612382634,310941.65960784315,252515.75529411764,171433.4745098039,left,-0.3688282842804051,1.7550019797603085,116626.67966671848,8.0,-6.0,-0.3562484474528652,1.7493434748105832,True,8.0,-6.0,0.3562484474528652,1.7493434748105832,0.3562484474528652,0.0,85238.91460869863,-213138.56063932407,6848.731388415046,8.0,-6.0,-65.20331823782819,426.8667333692679,19.613499501399264,-0.31636890408509305,0.362620942438906,0.05505562115604493,1.225,14.849,-0.3551910648695615,0.9272009092446117,0.11890240255264949,0.349179603888157,70.78621317288174,False
720575940612393000,748658.4072778167,273505.6515045486,142399.24422673194,right,0.2185247325045514,1.6719056325422987,131533.38270740153,6.0,-4.0,0.2185247325045516,1.6719056325422994,False,6.0,-4.0,-0.2185247325045516,1.6719056325422994,-0.2185247325045516,0.0,118550.31367700324,224733.6897868614,12993.35999024276,6.0,-4.0,-6.975595501050934,-436.33243478898953,12.827650066732053,-0.13921588121471923,-0.4596120958241656,0.054285010516138474,1.225,10.607,-0.0037730346910537504,-0.9882683434403196,0.15268086180968043,0.2905639518404983,84.76714350995076,False
720575940612410481,742267.9052553663,327705.9777942265,160133.50111028872,right,0.2253773294167915,1.227791324720426,128692.95342952944,-5.0,-7.0,0.2253773294167921,1.2277913247204264,False,-5.0,-7.0,-0.2253773294167921,1.2277913247204264,-0.2253773294167921,0.0,92378.59979947415,222474.6730035663,-38025.812769652235,-5.0,-7.0,98.19089158604352,-407.76841296596905,-115.41735671693517,0.16354643606153665,-0.41432179241997985,-0.17962804696603393,-7.348,2.121,0.34299428809516797,-0.8898159636596192,-0.30096921628397844,0.07797854904606595,51.76175499167187,False
720575940612506354,289611.16883116885,169549.69202226345,236318.66419294992,left,0.4697117962284594,2.375663933960732,119944.56866600992,13.0,15.0,0.4504139369810145,2.354135896897187,True,13.0,15.0,-0.4504139369810145,2.354135896897187,-0.4504139369810145,1.0,33870.4017410676,-240102.42543013205,97306.84994685063,13.0,15.0,78.01278382775057,265.29179284747187,193.99469747990656,0.1031138660774745,0.03641651610009203,0.47100476417116044,17.146,-2.121,0.3313314262776227,0.2289729928101953,0.9153091578938662,0.20285563061666043,5.929750249853347,False
720575940612506482,331796.768558952,333347.9615720524,197751.5458515284,left,-0.5142746449358537,1.002770090475321,117878.86065395734,-11.0,-11.0,-0.4954532396762495,1.019131714275814,True,-11.0,-11.0,0.4954532396762495,1.019131714275814,0.4954532396762495,0.0,46888.120085953495,-186206.18205755265,-67078.83832459281,-11.0,-11.0,103.65810478318112,369.0336166003453,-194.29212093033783,0.17548272752982563,0.2503708476051607,-0.38188813151883905,-13.472,0.0,0.30631097402821433,0.8032147652820455,-0.5109008005697343,0.4032618741900257,22.10941487998539,False
720575940612523669,702346.0263653484,335354.4896421846,137875.2919020716,right,0.6009389290980052,1.2147402459232597,133799.41984021344,-4.0,-13.0,0.600938929098006,1.2147402459232604,False,-4.0,-13.0,-0.600938929098006,1.2147402459232604,-0.600938929098006,0.0,112423.14262794444,183080.0351367159,-51952.86683329826,-4.0,-13.0,-2.699994285495701,-407.0171571493766,-147.45510834276112,-0.19379539174643146,-0.3393100238029586,-0.28858220015397396,-10.41,9.546,-0.18511947164770798,-0.860208655992341,-0.47515455314321053,0.2943416661404118,68.36826747609148,False
720575940612556438,794142.0970266041,230784.2316118936,213511.9248826292,right,-0.4977760070042952,1.892343295465932,132798.0951652997,3.0,12.0,-0.497776007004296,1.8923432954659305,False,3.0,12.0,0.497776007004296,1.8923432954659305,0.497776007004296,0.0,55901.857298475436,267409.61903736077,69604.62279960058,3.0,12.0,182.77474345979016,-276.8424783552148,106.96858602611869,0.39790506201151743,-0.07936383915383534,0.26067880861666753,9.186,-9.546,0.7187785014081917,-0.4149350872288125,0.5578407831091342,0.2734013526461836,3.468041470051904,True
720575940612562525,763299.1706979957,326888.8984105045,177956.7657221838,right,-0.0004755305978884,1.212482768432813,130617.67757856884,-7.0,-3.0,-0.0004755305978876,1.2124827684328134,False,-7.0,-3.0,0.0004755305978876,1.2124827684328134,0.0004755305978876,0.0,75292.3165352455,243505.19590766542,-32885.13802230903,-7.0,-3.0,169.98480213551954,-369.10356703696016,-102.58951708494466,0.36117569950216094,-0.28260497366151105,-0.1359602923039685,-6.124,-4.243,0.6614585768096547,-0.7288582991593426,-0.17674312125651845,0.19875976180526383,31.48499110192825,False
720575940612659826,274272.3228070175,205928.6070175439,224306.9122807017,left,0.3009797582150068,2.0524619075422974,116537.90909030738,8.0,9.0,0.290774766874484,2.037095003089568,True,8.0,9.0,-0.290774766874484,2.037095003089568,-0.290774766874484,0.0,39715.021048980794,-252795.23362930206,58477.46825266817,8.0,9.0,103.02719347743393,335.15569583362054,137.36203988428363,0.20969327929794468,0.23629581421989573,0.36144352325581575,10.41,-1.061,0.5001096375773989,0.595910885559096,0.6283156586258031,0.17424322150595473,22.300450000851896,False
720575940612727550,733930.6600985221,254588.5855031668,133719.12737508796,right,0.3355119659544663,1.8284854877863723,131379.80678623126,10.0,-4.0,0.3355119659544664,1.8284854877863728,False,10.0,-4.0,-0.3355119659544664,1.8284854877863728,-0.3355119659544664,0.0,129835.52294360648,208594.13253898983,29187.960796922045,10.0,-4.0,-64.96137084084992,-419.4819048140123,41.2544661815864,-0.3262614135163413,-0.34260628669909154,0.09267528201519822,3.674,14.849,-0.372048743218516,-0.8762137999583591,0.3063153757682683,0.36711962484914146,71.65813173775646,False
720575940612779690,290494.3209486166,243613.3470355732,187285.28063241104,left,-0.1326238473452587,1.7974254908581104,116713.00741531025,7.0,-2.0,-0.1277122473935651,1.7898485052619364,True,7.0,-2.0,0.1277122473935651,1.7898485052619364,0.1277122473935651,0.0,70620.15585526823,-234082.0483609651,16661.401919830012,7.0,-2.0,1.6491954488667668,428.7503770141099,48.68344877257787,-0.10824508571489211,0.44904015005391,0.1386199470812599,3.062,9.546,0.08399481926625602,0.9488899265022142,0.3042248801775614,0.3106654794448813,75.580457638569,False
720575940612822422,347627.7181409296,300123.4542728636,158097.6911544228,left,-0.7315013872470992,1.3976392388225438,125880.39801386594,-1.0,-13.0,-0.7100240349612614,1.4022482320477103,True,-1.0,-13.0,0.7100240349612614,1.4022482320477103,0.7100240349612614,0.0,91565.73768700227,-173129.85524355544,-39513.729857036844,-1.0,-13.0,-46.301603142455896,410.88367275459393,-106.1631839929312,-0.2898628719061781,0.33068211120498375,-0.20572855846771482,-8.573,12.728,-0.35948272830139594,0.8498433685363929,-0.38540682013646516,0.2949639038665369,69.97809186561035,False
720575940612855219,699861.9294117647,365598.6039215687,162823.9477124183,right,0.5795840123154494,0.920699042991163,133843.1491135891,-13.0,-14.0,0.5795840123154502,0.9206990429911632,False,-13.0,-14.0,-0.5795840123154502,0.9206990429911632,-0.5795840123154502,0.0,82976.81139931237,182997.3848094423,-77957.0849345888,-13.0,-14.0,78.50308500389629,-339.32909247318634,-238.99316475167507,0.09132312003660081,-0.11124817183302728,-0.4705582266928702,-16.534,1.061,0.13187301871017568,-0.6843272532013289,-0.7171511120134932,0.5256994730180287,20.25790827095132,False
720575940612861182,255055.0,256425.1165048544,240985.69579288023,left,0.3874518676621789,1.5788449118001282,120416.72661744956,-2.0,6.0,0.3754622868591569,1.5776871135260415,True,-2.0,6.0,-0.3754622868591569,1.5776871135260415,-0.3754622868591569,0.0,14936.298400901895,-268125.9625334279,10017.50084744743,-2.0,6.0,200.6087844404283,322.37177746930956,32.93810596701536,0.44101522119787034,0.17573589945130774,0.09786309013633235,2.449,-8.485,0.7613601664718844,0.561976473894371,0.323284920308934,0.2775672179892717,14.683045046125311,False
720575940612868067,276043.65849535086,212781.4877430262,217479.3237531699,left,0.2209084755789582,2.008065318928588,115619.71234975389,8.0,7.0,0.2135967693963789,1.993653264375153,True,8.0,7.0,-0.2135967693963789,1.993653264375153,-0.2135967693963789,0.0,45407.711945202,-250568.2731408299,50773.60644169323,8.0,7.0,87.26841014051526,358.19834692761583,126.091417253631,0.1714139169586214,0.2885768638469458,0.3423596221079531,9.186,1.061,0.4392228594184688,0.6482404081368652,0.6219868592042876,0.13163281431436413,30.352373685063554,False
720575940612944298,778114.6213438736,203869.19841897232,209603.8577075099,right,-0.4763392329434116,2.1314506160041145,130026.21732332566,8.0,14.0,-0.4763392329434128,2.1314506160041136,False,8.0,14.0,0.4763392329434128,2.1314506160041136,0.4763392329434128,0.0,63712.98174565893,249415.44168453553,94338.56494086674,8.0,14.0,135.66156209941042,-276.9556901125475,155.99210552860632,0.2644639708520575,-0.061593299205629067,0.4009438656726326,13.472,-6.364,0.604089697854511,-0.42513807400896114,0.6740424726780923,0.34199558225985194,1.5098866122827548,True
720575940612950165,338449.90316573554,341205.1508379888,200353.9292364991,left,-0.5749548349745531,0.9309701012555768,120032.95938262374,-13.0,-12.0,-0.5534311589582253,0.9483625589406044,True,-13.0,-12.0,0.5534311589582253,0.9483625589406044,0.5534311589582253,0.0,43200.740884220635,-178974.72177762885,-73925.82593825262,-13.0,-12.0,105.60904453212989,349.5049839349716,-219.44037656627404,0.1806733970739983,0.16492568627488288,-0.427370590838506,-15.309,-1.061,0.26883608391855895,0.731898582271827,-0.6261402600470787,0.47960441994308745,13.806366575058778,False
720575940612953750,332516.44589096826,336908.2148087876,200658.22620016272,left,-0.5129585383270872,0.9636931804157371,118435.24717390226,-12.0,-11.0,-0.4938507661898722,0.9809961072876132,True,-12.0,-11.0,0.4938507661898722,0.9809961072876132,0.4938507661898722,0.0,43469.99630495056,-185206.78995204013,-70072.12655966474,-12.0,-11.0,113.19282244609556,358.8712505053648,-204.19261264605643,0.19215057595117885,0.20408440323140392,-0.40225009483112406,-14.085,-1.061,0.33825669017353527,0.7676671576726475,-0.5443064822171823,0.45402284534933146,16.221663606938026,False
720575940612966546,308808.3495531281,177732.90963257197,202205.28301886795,left,-0.0242081963582617,2.396365278902589,117890.81950562644,16.0,8.0,-0.0218916596804462,2.372018805145076,True,16.0,8.0,0.0218916596804462,2.372018805145076,0.0218916596804462,0.0,66609.92347776057,-220578.83468388458,85216.6599531786,16.0,8.0,-17.90297627788712,334.07435927479804,174.37916311154987,-0.144194714203678,0.17726209902346185,0.42370762634790055,14.697,8.485,-0.15471600188404303,0.5220800056560545,0.8387463421411689,0.21572991125723756,27.146095402713467,False
720575940612977066,272578.79623824445,230154.329153605,209936.1128526646,left,0.1409684599335766,1.862203473794601,117960.4443231272,6.0,4.0,0.1367096365327287,1.852375286561182,True,6.0,4.0,-0.1367096365327287,1.852375286561182,-0.1367096365327287,0.0,50053.04139798785,-252791.99640167033,32221.06243927613,6.0,4.0,86.0685657393293,385.9533271243561,89.79264617890381,0.16662047555058646,0.3800340129260506,0.2403522540097068,6.124,2.121,0.43755535808607354,0.7643319461074921,0.47364753221113903,0.09837874765203919,43.58212314150671,False
720575940612984722,329204.78437754273,322697.7119609439,189913.88120423103,left,-0.5109228210317255,1.1172769833409606,116865.28201687256,-8.0,-11.0,-0.4930508522399868,1.1307035812031616,True,-8.0,-11.0,0.4930508522399868,1.1307035812031616,0.4930508522399868,0.0,56258.621451480656,-189628.06746197783,-58020.16345810578,-8.0,-11.0,70.59142323360403,395.8304469916929,-163.45505701277665,0.08897570362050956,0.3520805735767402,-0.3200837990783613,-11.635,3.182,0.16308097763635088,0.8740363925102177,-0.4576734417692344,0.2524381091459007,39.47854364884872,False
720575940613006614,282864.3640606768,180061.20420070013,237759.6266044341,left,0.4707133074666497,2.2714800980410685,117717.12871802076,11.0,14.0,0.4526699250518191,2.251743533120228,True,11.0,14.0,-0.4526699250518191,2.251743533120228,-0.4526699250518191,0.0,30667.672500334585,-246046.00587222146,86700.05907973004,11.0,14.0,98.75665281496313,277.71011319970495,180.19164332439883,0.16945813815681363,0.06996881129239876,0.44743443113465003,15.309,-3.182,0.41886205659791304,0.3991181154171241,0.8156342976410752,0.2863566910730028,4.793536186663708,False
720575940613073918,736148.1074626866,235635.823880597,137765.28358208953,right,0.2891861806595013,1.969946314812205,132117.90460980276,12.0,-1.0,0.2891861806595012,1.969946314812206,False,12.0,-1.0,-0.2891861806595012,1.969946314812206,-0.2891861806595012,0.0,128869.3646293671,209434.34094221634,48652.18988356265,12.0,-1.0,-57.73756139437615,-406.3573870833891,79.73057458773883,-0.30783698845509855,-0.31223546324494306,0.20207365719607018,6.736,13.789,-0.3785506128378605,-0.8188176045344158,0.43155204092276234,0.31255765879112757,60.436484873460415,False
720575940613079932,294630.68656716414,271341.75820895523,183926.14925373136,left,-0.2168464548353149,1.5716330076202052,118138.47733261308,3.0,-5.0,-0.2096080582551835,1.5715656109403788,True,3.0,-5.0,0.2096080582551835,1.5715656109403788,0.2096080582551835,0.0,69639.75410757955,-227934.15971667552,-10879.483105532072,3.0,-5.0,19.61661395526031,438.6019116588543,-10.3704011158134,-0.038476127859198676,0.4790118523927913,0.028887232707403582,-1.225,8.485,0.08284056648903834,0.9919990444962486,0.09526455931932437,0.16675806133190152,81.28764645401571,False
720575940613081041,274410.6526054591,276973.9081885856,215631.56327543428,left,0.0899807658518156,1.4580608711967211,114990.72019145451,-2.0,0.0,0.0868615127947438,1.461349693869228,True,-2.0,0.0,-0.0868615127947438,1.461349693869228,-0.0868615127947438,0.0,37080.72514629871,-247474.75091780198,-12849.024600927918,-2.0,0.0,148.4702196012455,388.02982772366346,-13.529058977547514,0.3464099390059589,0.3470587338860798,0.024355975761855483,-1.225,-2.121,0.5899610333735856,0.7870145546089018,0.18042746446847557,0.19238777658225276,38.75051080444494,False
720575940613097330,287034.1759133965,176932.25439783488,234976.77943166444,left,0.4399605502028992,2.316067572184849,117373.9130424177,12.0,14.0,0.4224125888846988,2.2950541415454184,True,12.0,14.0,-0.4224125888846988,2.2950541415454184,-0.4224125888846988,0.0,33984.38541722454,-242136.70687475707,89639.22442354514,12.0,14.0,85.70720543002399,278.4239153748369,186.43676097152576,0.12652374471125696,0.06843158345055433,0.46167273440416445,15.922,-2.121,0.3813732921483324,0.3800686199409099,0.8426756530078194,0.2904994306055812,6.910686593013951,False
720575940613102053,805257.9432176657,270703.2555205047,231766.43533123028,right,-0.5916306242654469,1.565937201354416,135132.91457459747,-4.0,11.0,-0.5916306242654464,1.565937201354415,False,-4.0,11.0,0.5916306242654464,1.565937201354415,0.5916306242654464,0.0,31786.464238892455,281559.0706453493,33987.7939843804,-4.0,11.0,237.64329276960248,-230.87200363569886,39.18023992491899,0.4728221447021697,0.04196100081334354,0.09928217247044822,4.287,-15.91,0.9281009089643891,-0.19152762603107512,0.31928963535695193,0.30555065398023157,1.2625173388857227,True
720575940613120741,769149.0427807488,331407.96256684494,188691.0962566845,right,-0.0928997722006905,1.1627206322762214,131666.1394033847,-9.0,-2.0,-0.0928997722006896,1.1627206322762218,False,-9.0,-2.0,0.0928997722006896,1.1627206322762218,0.0928997722006896,0.0,64087.82076256189,249742.90578386735,-35213.02252070174,-9.0,-2.0,198.2543365423756,-338.1992728196424,-112.90164477613014,0.41811487608068276,-0.1945835033243384,-0.14562870980056736,-6.736,-7.425,0.6987860109723562,-0.6825106628491132,-0.21418988296977576,0.338551259210277,19.430116978434413,False
720575940613127574,799602.6564885498,305749.38422391855,229656.5903307888,right,-0.5208146907889262,1.3118073686941998,135462.8194857738,-9.0,7.0,-0.5208146907889252,1.3118073686941991,False,-9.0,7.0,0.5208146907889252,1.3118073686941991,0.5208146907889252,0.0,28240.830927300267,278490.0854722754,-1263.7969788347027,-9.0,7.0,250.11300552258362,-229.09680287180817,-36.19673400861092,0.47974792611334016,0.0403636673811581,-0.020800812207394347,-1.225,-16.971,0.9955292875916537,-0.027519060035134272,0.09035562451799568,0.17403246555009433,1.9038172778343507,True
720575940613152493,340639.9102040816,323701.8612244898,182233.306122449,left,-0.6364575532867284,1.1358297566277722,119476.0293062355,-8.0,-13.0,-0.6150721960420588,1.1477384572721858,True,-8.0,-13.0,0.6150721960420588,1.1477384572721858,0.6150721960420588,0.0,63891.3192354239,-178200.79946388886,-59406.20914205275,-8.0,-13.0,42.10477914496072,393.09584241685656,-173.84065489410335,-0.02535567380697064,0.33202102177866394,-0.3504106455530806,-12.86,5.303,0.029973310949886364,0.8524586381290217,-0.5219347381712728,0.2754842495937939,46.46473298469576,False
720575940613398386,329717.2784958872,245592.09870740309,164715.95769682722,left,-0.5372921403603785,1.833404716011092,114362.61967353406,10.0,-7.0,-0.5188460041574441,1.8258757825081235,True,10.0,-7.0,0.5188460041574441,1.8258757825081235,0.5188460041574441,12.0,93304.19458223468,-194969.29043318104,13949.06915623271,10.0,-7.0,-97.14757093703454,405.87483765092315,20.745060031899865,-0.4243280321335307,0.22106557989559975,0.03218172087580564,1.837,18.031,-0.6503353775929592,0.7563280523402458,0.07093499766852499,0.379418695933424,50.21178557144667,False
720575940613416744,785462.7529908514,309928.44475721323,197243.6030964109,right,-0.2464015597436678,1.3209158845982365,132420.4640339593,-7.0,2.0,-0.2464015597436666,1.3209158845982365,False,-7.0,2.0,0.2464015597436666,1.3209158845982365,0.2464015597436666,0.0,59327.02498426124,264483.9790443563,-11534.175798716538,-7.0,2.0,218.80352964275573,-321.94635341277046,-55.289160647894136,0.46103789755044483,-0.1454007431341596,-0.04363873593734255,-3.062,-9.546,0.8279858322750198,-0.5594062858599752,0.03878232706002369,0.3158419183382845,10.239777113291904,False
720575940613433241,246838.5651105652,276134.4963144963,269711.7444717445,left,0.5851337064408472,1.3729940278452255,127346.12561136553,-7.0,9.0,0.5678106655568061,1.376785268326718,True,-8.0,9.0,-0.5678106655568061,1.376785268326718,-0.5678106655568061,0.0,-16682.63648826826,-274677.3052491164,-5425.23830626286,-8.0,9.0,248.14106560181742,224.7853959501139,-9.72355729339369,0.47721820115942265,-0.07003755050718385,-0.00508151474777014,0.612,-18.031,0.9915591483574564,0.07099087618169198,0.10849309105925424,0.24743102437023382,0.902855396999365,True
720575940613508210,746900.221875,325252.16875,163580.75,right,0.1756921105576393,1.2401470947900617,127872.8354141559,-5.0,-6.0,0.1756921105576398,1.240147094790062,False,-5.0,-6.0,-0.1756921105576398,1.240147094790062,-0.1756921105576398,0.0,89446.14352845207,226935.98243094835,-34730.28862175511,-5.0,-6.0,113.37052407130022,-404.4934210416322,-107.41908810831042,0.20963425270500463,-0.4045364829455788,-0.16091812252407828,-6.736,1.061,0.410115799012819,-0.8708579960356014,-0.2709453489929909,0.07451329113212238,49.42845380814246,False
720575940613530085,275730.2033898305,316876.2372881356,259639.32203389832,left,0.3702195470437991,1.012182857346061,117331.19363951376,-12.0,2.0,0.3550953070180814,1.0277884776408273,True,-12.0,2.0,-0.3550953070180814,1.0277884776408273,-0.3550953070180814,0.0,-12636.856872442855,-242926.52289295275,-45068.51517461919,-12.0,2.0,247.28757857242127,253.24613779919605,-95.51189367763709,0.466436115431437,-0.014030104188782777,-0.13258859198469175,-6.124,-14.849,0.9741288621036732,0.1948084396169223,-0.11455405654372434,0.2754951365528832,0.7925797869457213,True
720575940613616559,722330.9821428572,364479.5892857143,178607.0357142857,right,0.3201263095427711,0.8828829475043445,130500.22131363668,-14.0,-10.0,0.320126309542772,0.8828829475043446,False,-14.0,-10.0,-0.320126309542772,0.8828829475043446,-0.320126309542772,0.0,67978.58029213201,205426.0596748902,-72739.4227475366,-14.0,-10.0,143.78557865761942,-323.2797145670095,-225.78153810417405,0.26448190259759974,-0.09326579579109513,-0.4056531971651915,-14.697,-4.243,0.43866780719699977,-0.6615934463222469,-0.6081649995785914,0.534281976396906,7.712245044510169,False
720575940613622946,275577.205252246,293714.56807187287,227386.5929509329,left,0.141950927815294,1.286497313361579,114081.5645927624,-6.0,0.0,0.1365530466322441,1.2953904618933674,True,-6.0,0.0,-0.1365530466322441,1.2953904618933674,-0.1365530466322441,0.0,22856.296394483907,-244999.44600650406,-27386.209794703605,-6.0,0.0,193.12935299622205,356.0269523177061,-54.85230230409995,0.4281313926823622,0.2266535852594228,-0.045056231061789465,-3.674,-6.364,0.7149617994308292,0.6991240334083022,0.007430428354966041,0.30390707033532205,23.201792898602683,False
720575940613627567,312861.9867046534,338217.50807217474,232166.9895536562,left,-0.1415966249379188,0.8273811761799221,112818.49073690517,-15.0,-6.0,-0.1365060255216639,0.8509034800243309,True,-15.0,-6.0,0.1365060255216639,0.8509034800243309,0.1365060255216639,0.0,11797.017275903887,-204503.46381656427,-67775.39844900812,-15.0,-6.0,199.56342290771863,295.6375184523466,-193.23127453833047,0.3683793856778047,0.03550245278755443,-0.3272804969218008,-12.86,-9.546,0.7370055700041903,0.5201458964742155,-0.4315912836977054,0.5098170248729974,1.9000344886837406,True
720575940613630631,284195.1362229102,223069.21671826625,195649.81424148605,left,-0.0076939852874078,1.9529450488384228,118470.64956798322,9.0,2.0,-0.0067935255991048,1.9404703691143688,True,9.0,2.0,0.0067935255991048,1.9404703691143688,0.0067935255991048,0.0,65486.506697985664,-241824.05041785474,37766.22344671003,9.0,2.0,22.242746477484083,404.3293651297056,97.3631040910283,-0.05021010317871039,0.40862049694339847,0.25932696927150517,6.736,7.425,0.1653650254885844,0.8538601904059601,0.4935353924340762,0.2726467625461828,59.06841286493948,False
720575940613634070,255082.08970976248,268712.8654353562,259443.27176781005,left,0.5111168789172911,1.4406925929581476,118454.50344391487,-5.0,8.0,0.4948917005183961,1.4432251397011842,True,-5.0,8.0,-0.4948917005183961,1.4432251397011842,-0.4948917005183961,0.0,-5224.300015773792,-267071.30424816284,846.3730059774902,-5.0,8.0,236.5438520929998,259.49505503056395,17.776838329948227,0.4825698339362407,-0.0053015386953730835,0.0552320132110757,1.837,-13.789,0.9297510988743458,0.29306089635734806,0.2228860811449971,0.33071553022227845,1.6514722389906884,True
720575940613638290,743686.0,278092.9899856938,138633.99141630903,right,0.2694270904081245,1.6425672520373409,132102.36170247715,6.0,-5.0,0.2694270904081248,1.6425672520373416,False,6.0,-5.0,-0.2694270904081248,1.6425672520373416,-0.2694270904081248,0.0,121454.15426904181,220088.47942405703,7522.037690761455,6.0,-5.0,-20.043870905336654,-436.7645375281494,3.8508961228422107,-0.1836366144372115,-0.4452795776981438,0.04517502406800066,0.612,11.667,-0.08432753292300592,-0.9907494336968107,0.10632227810091534,0.30497895619329496,85.84222986355853,False
720575940613676975,767590.404207363,267394.0676183321,160678.19684447785,right,0.0118148139310307,1.6927903521040473,130392.84721786396,4.0,0.0,0.0118148139310308,1.6927903521040475,False,4.0,0.0,-0.0118148139310308,1.6927903521040475,-0.0118148139310308,0.0,101810.78771614232,243283.23370450223,23269.29134431425,4.0,0.0,72.21210719091987,-417.71516198323604,30.625272040290323,0.10616394686736212,-0.46039512072439925,0.08883150545665681,2.449,4.243,0.31533527456588645,-0.91381901929418,0.2559266781534907,0.12624022127373244,66.13119098015241,False
720575940613700305,757604.9490579204,336508.0055826936,181612.8681088625,right,0.0200331699354504,1.124402964545137,129575.30066469304,-9.0,-4.0,0.0200331699354516,1.1244029645451374,False,-9.0,-4.0,-0.0200331699354516,1.1244029645451374,-0.0200331699354516,0.0,70062.36797363998,238560.06617630093,-42186.3098582217,-9.0,-4.0,177.05543619095326,-353.60345999021234,-129.95267669111894,0.3726178514340239,-0.24555117658186387,-0.19264232282649385,-7.961,-5.303,0.6250646966702739,-0.744628992088164,-0.23414053283928304,0.32339327045190197,25.13904035982115,False
720575940613707542,318874.7419354838,284482.04193548387,168514.74193548382,left,-0.4711984080800941,1.4960523899387432,120314.75382218877,2.0,-9.0,-0.4562493154357215,1.4984892143841864,True,2.0,-9.0,0.4562493154357215,1.4984892143841864,0.4562493154357215,0.0,83224.48223075758,-202888.93603542217,-24522.968188899897,2.0,-9.0,-22.854984183510993,435.18089425636697,-54.5376775347355,-0.1966230091326958,0.43267628656270285,-0.06243005609709253,-4.287,11.667,-0.1574033250102392,0.972719406929859,-0.17041463745155366,0.26616649794222896,87.40456215653667,False
720575940613709983,755523.2772494514,274827.6664228237,147355.52304316018,right,0.1555797990317637,1.654674677953032,131921.8358927901,5.0,-3.0,0.1555797990317639,1.6546746779530326,False,5.0,-3.0,-0.1555797990317639,1.6546746779530326,-0.1555797990317639,0.0,113573.17055097094,231709.81877645498,12970.262342947488,5.0,-3.0,19.057819172344423,-433.8505414491052,13.277743175163737,-0.061309539528189856,-0.47585121363287586,0.05116536398332173,1.225,8.485,0.14693847554669573,-0.9742556497200091,0.17098249440412325,0.28278921830250997,81.51657464930003,False
720575940613721837,351268.2013129103,342758.77461706783,188088.8402625821,left,-0.7308166821327508,0.979835620423853,126083.35133097248,-13.0,-16.0,-0.7059076405691117,0.9939528406658324,True,-13.0,-16.0,0.7059076405691117,0.9939528406658324,0.7059076405691117,0.0,55298.33494705353,-166157.71270169396,-76480.70715138105,-13.0,-16.0,46.14725715960739,345.4392747597214,-233.273514636497,0.032872327156960944,0.1269231902566135,-0.4734215397182362,-17.759,3.182,-0.024410919485618236,0.6788895497319696,-0.7338345087787779,0.49285113250692836,23.37382240080208,False
720575940613759795,341751.3307692307,342439.19615384616,196784.92307692303,left,-0.6194161856357139,0.940893610875752,122249.72449689687,-13.0,-13.0,-0.5968435167528503,0.957375405454841,True,-13.0,-13.0,0.5968435167528503,0.957375405454841,0.5968435167528503,0.0,46589.92299565033,-175614.82340446563,-75470.0489038186,-13.0,-13.0,91.52912584732297,350.1039834520393,-223.3885135669415,0.14234255525730613,0.15826709804559175,-0.4450465305373487,-15.922,0.0,0.18717686240532738,0.7356304745635097,-0.6510089301027772,0.5005950260441991,16.396517845132216,False
720575940613796246,271755.3208722741,257980.0093457944,215548.691588785,left,0.1353454388882487,1.6191369549125112,114418.70703110874,1.0,2.0,0.1309472672873149,1.6169495670818568,True,1.0,2.0,-0.1309472672873149,1.6169495670818568,-0.1309472672873149,0.0,40109.184338634026,-251524.14197912652,5651.156872039241,1.0,2.0,132.84587944006483,385.8359983209876,30.86478570834756,0.2971112161391827,0.3663345954486833,0.09902464999983927,1.837,-1.061,0.5681730767545182,0.7602259365453565,0.31501726977269057,0.11979821276491967,41.27549371194932,False
720575940613847983,351836.0849933599,320858.5816733068,169112.08499335987,left,-0.7572251208109406,1.2093605779078669,125708.44125939863,-7.0,-15.0,-0.7340672499296299,1.2182479066912235,True,-7.0,-15.0,0.7340672499296299,1.2182479066912235,0.7340672499296299,0.0,77498.00216858543,-167331.36528982964,-57883.516550324166,-7.0,-15.0,-1.7980716671076669,389.1476904725578,-171.27108068637517,-0.14418220328123316,0.26936034782296203,-0.37022270803162827,-13.472,8.485,-0.26735018333278165,0.7851826401038189,-0.5585804339139754,0.31194068400131225,53.06242487880881,False
720575940613857251,752510.2681258549,315238.36114911083,161562.79069767444,right,0.1411351998477749,1.3247180537257464,128489.54150941044,-3.0,-5.0,0.1411351998477756,1.3247180537257468,False,-3.0,-5.0,-0.1411351998477756,1.3247180537257468,-0.1411351998477756,0.0,93119.42013144931,231778.8348207754,-24786.70068387182,-3.0,-5.0,102.62246929852604,-414.93523910987346,-79.92053471706483,0.18045078235647505,-0.43487682939881006,-0.09501839503116662,-4.899,2.121,0.39607733723974203,-0.9107466748091029,-0.11688985092486878,0.08365789484156673,58.440847519535765,False
720575940613874738,351975.7306930693,345220.48316831683,191725.7821782178,left,-0.7320563774588958,0.9448257153749569,125463.23619017504,-14.0,-16.0,-0.706436844471883,0.9597223728050578,True,-13.0,-15.0,0.706436844471883,0.9597223728050578,0.706436844471883,0.0,51332.2008156593,-165246.64915520602,-78277.28628374322,-13.0,-15.0,59.919453266934134,348.20711200954656,-231.18187073238005,0.044554626920987515,0.13871895287783229,-0.47045309844385313,-17.146,2.121,0.03990063210684812,0.706366601622117,-0.7067207112221174,0.49984931808119465,23.27061589097648,False
720575940613903477,297776.3135391924,285823.8226444972,186109.6437054632,left,-0.2446583612058557,1.447770202123644,118044.13083663874,0.0,-6.0,-0.2366060999737604,1.4517264378948846,True,0.0,-6.0,0.2366060999737604,1.4517264378948846,0.2366060999737604,0.0,65257.62196563738,-223714.7491817933,-24568.394677010918,0.0,-6.0,47.64891392379387,435.25972281677116,-46.88370956163383,0.028625708639007725,0.4784866144377958,-0.04332892828174859,-3.674,6.364,0.19204529839760798,0.9772748931186037,-0.08973509148262712,0.13374024743268959,73.56107351136436,False
720575940613919135,712993.628742515,287606.1636726547,126389.54091816366,right,0.5264538308211754,1.589258028158339,130728.86218343712,7.0,-9.0,0.526453830821176,1.58925802815834,False,7.0,-9.0,-0.526453830821176,1.58925802815834,-0.526453830821176,0.0,131485.59590376768,190101.40734794995,-5990.711179788792,7.0,-9.0,-85.87744377854985,-417.7675456178647,-25.951499894509745,-0.41115149800382966,-0.2659134332668335,-0.031021056705503383,-1.225,16.971,-0.5655833805013598,-0.8148233851177242,-0.1271939100977206,0.39336113556200586,60.31708159188227,False
720575940613956242,768589.0379746836,260377.88185654007,160968.2137834036,right,-0.0025464086826973,1.7448765377462665,131097.3640917827,5.0,1.0,-0.0025464086826975,1.7448765377462665,False,5.0,1.0,0.0025464086826975,1.7448765377462665,0.0025464086826975,0.0,102648.88459166074,243763.58933259963,30296.03269204232,5.0,1.0,68.56124965119842,-412.9157938208142,49.29017894312567,0.0989722706797473,-0.45067080346983895,0.13151588179058174,3.674,4.243,0.306078956238987,-0.9018148171446394,0.30503394585854376,0.1110587754559489,62.18934845500289,False
720575940613978065,273335.39712108386,200067.932260796,231747.0618120237,left,0.3840783998190115,2.088813741027098,116938.0837696275,8.0,11.0,0.3708166287086195,2.072835377723161,True,8.0,11.0,-0.3708166287086195,2.072835377723161,-0.3708166287086195,0.0,33276.25065198505,-254112.86957199624,65361.306912243694,8.0,11.0,117.26948951884965,310.23237612841314,146.98894180030763,0.2341173716869347,0.15940289105373298,0.38992065391290615,11.635,-3.182,0.5106288180793997,0.5324623406583535,0.6750867099324818,0.2440292599699866,13.22674925794472,False
720575940613994898,768554.82205164,289594.17166782974,165614.2358688067,right,0.0028074128304579,1.5179172244316268,129858.63305642355,0.0,-1.0,0.0028074128304582,1.517917224431627,False,0.0,-1.0,-0.0028074128304582,1.517917224431627,-0.0028074128304582,0.0,93454.4085789716,245914.73608714214,2260.1189245687074,0.0,-1.0,114.83724122584499,-409.2586200461212,-13.17330333966334,0.23745528664148444,-0.42581054370251437,-0.002004309601628224,-0.612,1.061,0.4628399334748989,-0.8716802176372079,0.16109870937068688,0.16717576573406626,51.501116471192205,False
720575940614026280,696524.8826619965,366992.4413309983,161956.63747810858,right,0.6124930951817569,0.914609748730434,134761.23051217367,-13.0,-15.0,0.6124930951817577,0.9146097487304344,False,-13.0,-15.0,-0.6124930951817577,0.9146097487304344,-0.6124930951817577,0.0,83552.70583118677,179766.58836328247,-79706.71080986025,-13.0,-15.0,63.74577986856245,-337.77494279364856,-241.6271797981382,0.058245677223174364,-0.09972558802509854,-0.47861577966627933,-17.146,2.121,0.05962464964440915,-0.701895983838198,-0.7097794932418022,0.5749878681660282,22.25567219659215,False
720575940614047500,723050.1883268482,265406.9167315176,129998.13229571984,right,0.4320777667998328,1.7538531846622352,129361.09848462144,10.0,-6.0,0.4320777667998332,1.7538531846622356,False,10.0,-6.0,-0.4320777667998332,1.7538531846622356,-0.4320777667998332,0.0,131605.81458129175,198516.9028053621,17163.72405048303,10.0,-6.0,-88.3102852373853,-413.74834948194786,17.974847390173696,-0.4055872005421564,-0.26686253109174973,0.04198926407945071,2.449,16.971,-0.5531395120370725,-0.8258152537071289,0.10984464924619564,0.3974240879794264,59.936755711146105,False
720575940614084015,247388.4567699837,271276.2544861337,268039.34747145185,left,0.5811342348402976,1.412034998440407,125926.94897109702,-6.0,10.0,0.56391410176844,1.4148936585439216,True,-7.0,9.0,-0.56391410176844,1.4148936585439216,-0.56391410176844,0.0,-14255.41472492611,-274498.2206238307,-866.9130178391886,-7.0,9.0,246.2894526697747,227.64324015845392,2.5568705493890262,0.4775699285131866,-0.06841876226460832,0.01717732290926785,1.225,-16.971,0.9826977119173379,0.13821822290164304,0.12329205104280046,0.2945001211609301,2.260404876888074,True
720575940614104774,754264.4402216944,245110.2612826604,148502.77117973083,right,0.1291765505012895,1.879414685869892,131799.09403713848,9.0,0.0,0.1291765505012894,1.879414685869892,False,9.0,0.0,-0.1291765505012894,1.879414685869892,-0.1291765505012894,0.0,117103.32936059164,228270.3210078593,42325.54893825436,9.0,0.0,-0.47710024160542785,-417.97157897321136,72.5152497938272,-0.14291329037229833,-0.42314571500900966,0.18566965597011964,5.511,9.546,0.05563146803532865,-0.9220118644286961,0.3831439176301171,0.3561345722392724,68.94747723689085,False
720575940614109438,307751.9090909091,190295.5909090909,192178.95104895107,left,-0.1289785767248921,2.2820161913589283,117707.58159703774,15.0,5.0,-0.1225158001777051,2.2605565596293427,True,15.0,5.0,0.1225158001777051,2.2605565596293427,0.1225158001777051,0.0,74509.11625951476,-220771.83190949596,71179.9272299207,15.0,5.0,-35.398602972521005,360.58312161537464,149.97399983598206,-0.1900996502676391,0.2192357601807292,0.38648677310087687,12.247,10.607,-0.23297521355997777,0.6556586075529174,0.7182160818364152,0.2713347961997756,33.894045409951694,False
720575940614212258,798548.5233644859,254600.1665250637,215431.7077315208,right,-0.4860743852017384,1.7090870572434205,132123.2390609045,-1.0,10.0,-0.4860743852017381,1.70908705724342,False,-1.0,10.0,0.4860743852017381,1.70908705724342,0.4860743852017381,0.0,50331.27336750075,273573.0076969506,46773.018608365186,-1.0,10.0,212.5836254651396,-274.888836508386,61.19040378280688,0.4570778026286787,-0.051677795952430154,0.1517985864613492,5.511,-11.667,0.8033546428528924,-0.4124377531089196,0.42955374240852284,0.3577889469922146,0.9754024561073714,True
720575940614222590,297849.3072824156,200996.03907637656,194113.78330373,left,-0.0624355057691452,2.1684427316237453,117259.21819037266,13.0,4.0,-0.059114411441532,2.149681226276021,True,13.0,4.0,0.059114411441532,2.149681226276021,0.059114411441532,0.0,70731.63508018902,-229845.3640095061,60238.887947366085,13.0,4.0,-16.16871592981915,379.68249371151256,136.76696035739332,-0.16824486423873874,0.29129236518843854,0.34845078812609054,10.41,9.546,-0.058971753655746785,0.7276629398268188,0.6833951845552888,0.3182179357380491,43.369205672616744,False
720575940614254130,315676.42452830187,176658.04245283018,194277.26415094337,left,-0.1510555018010378,2.413694340411346,119984.7401492045,17.0,7.0,-0.1427767973325156,2.3897370664402247,True,17.0,7.0,0.1427767973325156,2.3897370664402247,0.1427767973325156,0.0,74731.7415128286,-213861.0367640323,85510.83575458694,17.0,7.0,-40.571962252268264,334.4784280776479,166.8627917493456,-0.19850686520396962,0.15221476608727988,0.4129987580417239,14.697,10.607,-0.3526281813521008,0.4952343162303313,0.793975023375538,0.19928457983147868,25.69025713111156,False
720575940614268050,288197.65255474456,289328.36496350367,199221.8978102189,left,-0.1143534597180664,1.3898769842469822,116809.67966278308,-2.0,-4.0,-0.1106231523502553,1.3956850431031496,True,-2.0,-4.0,0.1106231523502553,1.3956850431031496,0.1106231523502553,0.0,51584.922533126104,-232922.40029896534,-26627.57460140299,-2.0,-4.0,100.6540482941259,418.63955292804064,-49.16823082353923,0.19348908609886728,0.439943213666888,-0.04446032574078616,-3.674,2.121,0.3648020039664397,0.9310017773308652,-0.012457467994732963,0.08962568959012299,58.837811601326436,False
720575940614269182,296583.7840755735,318289.34682861,222036.41025641028,left,-0.0608029989830875,1.0645906493123627,112581.2134430824,-10.0,-4.0,-0.0592344624329867,1.081232245064235,True,-10.0,-4.0,0.0592344624329867,1.081232245064235,0.0592344624329867,0.0,24645.55122988944,-222273.3306100979,-50926.447809456746,-10.0,-4.0,184.9049202782279,346.98739877465965,-131.03366144533936,0.40769555507248945,0.19761835865116453,-0.19076201096935075,-8.573,-6.364,0.6609916989975458,0.7050992466994329,-0.25675869247258265,0.37289894387279005,17.892291861614815,False
720575940614281523,280530.2045801527,187062.05190839697,235576.3053435114,left,0.4349401664594443,2.2133904047907214,116172.81622408816,10.0,13.0,0.4186997050600328,2.194464355468055,True,10.0,13.0,-0.4186997050600328,2.194464355468055,-0.4186997050600328,0.0,31677.02687375015,-247871.8071861692,79292.31217894197,10.0,13.0,104.6342708681828,289.41641052257165,170.41886396203245,0.18171201782226643,0.09547468272679958,0.43749466604468573,14.085,-3.182,0.4453518332759494,0.46367326336751236,0.7659431110962959,0.3095244335341068,7.18451126502492,False
720575940614282134,793523.8866666667,245869.55666666667,200614.6,right,-0.379949314915109,1.7948783792860106,133012.53145135535,2.0,9.0,-0.3799493149151095,1.79487837928601,False,2.0,9.0,0.3799493149151095,1.79487837928601,0.3799493149151095,0.0,66245.85110237582,267820.8080854858,52659.92094512829,2.0,9.0,177.86130098903843,-313.62226699593936,83.91461341521509,0.39039094828942644,-0.18102971202122464,0.21377208817815369,6.736,-7.425,0.6834700916037679,-0.5134116606021603,0.5189191658060717,0.2023254787986006,15.471278235379433,False
720575940614356461,298908.2787456446,166147.69337979093,229064.4599303136,left,0.3666602385551131,2.4517178293419133,118605.4399888659,15.0,14.0,0.3501971427362838,2.427599239334364,True,15.0,14.0,-0.3501971427362838,2.427599239334364,-0.3501971427362838,314.0,41738.025095869176,-231129.45388179002,100173.83640459758,15.0,14.0,44.70652248187668,273.4421488760679,200.86472252648457,0.01165197301066829,0.03034964012483716,0.48209431085135646,17.759,1.061,0.13299197935095017,0.2450059681091396,0.9603568133872014,0.21593328115098198,6.729458533361444,False
720575940614427253,298498.49,281793.33,184181.3333333333,left,-0.2543200692296388,1.484886101045333,117845.8018544559,1.0,-6.0,-0.2459261291188079,1.487654494732187,True,1.0,-6.0,0.2459261291188079,1.487654494732187,0.2459261291188079,0.0,67810.12731077368,-223304.48951659608,-20853.39882784537,1.0,-6.0,34.517019446824385,437.9394956777979,-38.43880509799858,-0.0020093045070853836,0.4806055618314516,-0.02921618312060713,-3.062,7.425,0.1098348698483147,0.99290657499811,-0.045528394337231944,0.11519311627641975,76.99182232930957,False
720575940614429992,271181.1243042671,304192.6604823748,243163.78478664192,left,0.2658933757712841,1.1685933963066246,117355.1813534557,-9.0,1.0,0.255831025086434,1.180414796716431,True,-9.0,1.0,-0.255831025086434,1.180414796716431,-0.255831025086434,0.0,5547.060566008009,-248506.91184126874,-35517.862082961394,-9.0,1.0,226.9734834668459,309.6059204795408,-76.26957025611252,0.47054314325862806,0.0956403909372041,-0.08021626672575964,-4.899,-10.607,0.8725708237333725,0.48332260888389716,-0.07084781796870958,0.3174773294472548,8.086335155876997,False
720575940614440685,256052.96945010184,298770.51731160894,269311.283095723,left,0.5305559784965365,1.1870578690971365,125302.63410485224,-10.0,6.0,0.5131007589874375,1.1959959903221054,True,-10.0,6.0,-0.5131007589874375,1.1959959903221054,-0.5131007589874375,0.0,-19688.96606800975,-263821.41833942116,-27117.78921872493,-10.0,6.0,250.50342299034827,229.59619382408152,-46.22300250410434,0.47483434698660504,-0.051122022005825045,-0.07619756296948012,-2.449,-16.971,0.9988833822868923,0.015373261466123184,0.044672714524556456,0.23687519820185887,2.0191653045875784,True
720575940614448059,775801.3246511628,229227.7618604652,185206.06511627903,right,-0.2336175777553196,1.962099935377044,127907.33792589596,7.0,8.0,-0.2336175777553201,1.962099935377044,False,7.0,8.0,0.2336175777553201,1.962099935377044,0.2336175777553201,0.0,83761.0025666786,248818.1966089295,65332.00492060457,7.0,8.0,108.1342764243125,-350.59928209195147,118.2860292876401,0.2148804320588995,-0.29639901748140585,0.3105482751992828,9.186,-1.061,0.5092157023355061,-0.6361001877421844,0.5797205530678683,0.09307223501559268,30.370987567801002,False
720575940614455277,308567.7182685253,257618.49449743217,172222.71460014672,left,-0.3535404815826038,1.7093510756193826,117429.01477378848,7.0,-6.0,-0.3416425944475929,1.705109086480176,True,7.0,-6.0,0.3416425944475929,1.705109086480176,0.3416425944475929,0.0,83611.9536000468,-215124.4659833951,1778.6601245681286,7.0,-6.0,-50.371261009511706,431.978225649934,12.365548741183506,-0.2720922626883777,0.4000322213536206,0.05711340437339245,0.612,13.789,-0.26150362012605366,0.9614802473154124,0.08468524477890006,0.33163220288106493,74.62020762180283,False
720575940614486782,732908.7317535545,361997.37630331743,185319.27962085308,right,0.193969665495925,0.8903302469505309,129813.36584464184,-14.0,-8.0,0.1939696654959259,0.8903302469505313,False,-14.0,-8.0,-0.1939696654959259,0.8903302469505313,-0.1939696654959259,0.0,61935.04539447385,215835.86553864746,-68471.40046578695,-14.0,-8.0,169.71935746971968,-314.470355008798,-212.4288632538789,0.3214295939358531,-0.0799636044774609,-0.36640443771150094,-13.472,-6.364,0.6141191457116324,-0.610419349225366,-0.5002458325280636,0.5164817023024872,2.736600177750277,True
720575940614503285,746848.714624506,333228.0569169961,168269.62845849802,right,0.1595704547004105,1.1698954541522264,128702.6539126854,-7.0,-6.0,0.1595704547004113,1.1698954541522268,False,-7.0,-6.0,-0.1595704547004113,1.1698954541522268,-0.1595704547004113,0.0,83558.15588023013,227503.68440494555,-41844.52379997025,-7.0,-6.0,133.66736016847494,-386.5730864861692,-127.78955823288699,0.27212471030203356,-0.347049910606914,-0.20126839172704766,-7.961,-1.061,0.4861526639607905,-0.822378050397532,-0.2955502149350954,0.17715663864606915,38.7359355670417,False
720575940614518678,785817.2029339853,240844.0684596577,191838.27220863893,right,-0.3016170382651157,1.851422701087429,130462.95561912189,4.0,8.0,-0.3016170382651159,1.851422701087429,False,4.0,8.0,0.3016170382651159,1.851422701087429,0.3016170382651159,0.0,75563.27118090422,259706.91490014637,55663.727835212725,4.0,8.0,146.9181631584752,-338.70135009656974,93.12432782653042,0.3225640492726766,-0.26855047370597906,0.2327017215513374,7.348,-4.243,0.5611988728393179,-0.6216784435253104,0.5464171830934919,0.14135578723239964,27.572325795659584,False
720575940614545851,728164.6755373593,208122.9355168884,146875.66018423747,right,0.2819836287824514,2.198986374928755,130468.10026260903,16.0,4.0,0.2819836287824506,2.198986374928756,False,16.0,4.0,-0.2819836287824506,2.198986374928756,-0.2819836287824506,0.0,124067.52902154312,199503.6742767773,76616.76403781294,16.0,4.0,-58.28073288139132,-360.762249113245,134.39563151676984,-0.2839153142761328,-0.18909713746143655,0.34104039991553475,12.247,12.728,-0.5082089527065475,-0.578499134758415,0.6380144288906633,0.2148819901567159,38.084837389704035,False
720575940614570705,787080.9875173371,271782.5298196949,185654.31345353683,right,-0.2231774128832562,1.6230772736134698,131905.0461834906,0.0,4.0,-0.2231774128832561,1.6230772736134695,False,0.0,4.0,0.2231774128832561,1.6230772736134695,0.2231774128832561,0.0,76813.53322332428,263208.2666990945,24307.639605178,0.0,4.0,163.99230436472484,-361.0169254717091,29.059302723168663,0.36941050150342974,-0.2917344973749289,0.07971172832882881,2.449,-4.243,0.6545304641275849,-0.6873164663866235,0.3149380043163004,0.205122002725463,28.80431482116611,False
720575940614606742,274268.84298908483,203008.66162888327,228230.73047858945,left,0.3426533264473039,2.0726618699496697,116172.5393312072,8.0,10.0,0.3308440913772009,2.056835358216343,True,8.0,10.0,-0.3308440913772009,2.056835358216343,-0.3308440913772009,0.0,36301.28694700387,-252988.23823176464,61974.84028555176,8.0,10.0,110.61961314096165,322.7465882892017,142.29296404473277,0.21470972955199857,0.1946657908590423,0.38383683897292364,11.023,-2.121,0.517938386911896,0.5424137384459976,0.6614583612806932,0.20707898375345307,17.841431089889813,False
720575940614607912,775168.5178423236,265723.8074688797,170814.07468879665,right,-0.0869579218249453,1.6914137790739123,129782.22033102076,3.0,2.0,-0.0869579218249453,1.6914137790739123,False,3.0,2.0,0.0869579218249453,1.6914137790739123,0.0869579218249453,0.0,92204.47856277731,250784.04079130728,27065.383071695003,3.0,2.0,109.38464498940642,-398.9374513049234,40.2788342378466,0.205089418586552,-0.419835058592042,0.10477437360409343,3.062,1.061,0.445514608616452,-0.8414722197086226,0.30568159409420326,0.09537301372517065,54.13741100329419,False
720575940614650163,752368.1958041958,208856.2132867133,168499.72027972026,right,-0.0231758058637091,2.168102396287874,127869.011742626,13.0,7.0,-0.0231758058637104,2.1681023962878743,False,13.0,7.0,0.0231758058637104,2.1681023962878743,0.0231758058637104,0.0,103041.82662804009,223837.08620639742,81061.19508477487,13.0,7.0,16.751738737544574,-362.26882750354963,152.27988843314813,-0.10231675951221454,-0.2825849798294637,0.3829410300450135,12.247,6.364,0.10301004352605131,-0.6994585952503413,0.7072104385988519,0.3460409879497449,39.638658008748834,False
720575940614735250,285566.55,332152.52,260149.4,left,0.3075048291002337,0.8679821362052786,119349.33319281624,-15.0,0.0,0.2931737155829358,0.8875932062332202,True,-15.0,0.0,-0.2931737155829358,0.8875932062332202,-0.2931737155829358,0.0,-15370.42153797172,-231987.19291787184,-59324.65040038675,-15.0,0.0,242.5560766562335,235.04744496682397,-136.79199120358783,0.4335946379097367,-0.043929940038451826,-0.21419279226693533,-9.186,-15.91,0.9693067179309027,0.12686347030718578,-0.21059474465342004,0.32733578852325607,0.5327468969526207,True
720575940614750870,698702.70995671,348062.90476190473,147541.60173160175,right,0.615915541212256,1.0928213604091424,132460.9093212749,-8.0,-14.0,0.6159155412122569,1.092821360409143,False,-8.0,-14.0,-0.6159155412122569,1.092821360409143,-0.6159155412122569,0.0,100809.33502191404,180447.55492616305,-63195.848460082816,-8.0,-14.0,31.48169654524294,-383.7758538086211,-191.17936465593823,-0.08272032311640791,-0.2664918204972139,-0.3995565153753455,-13.472,6.364,-0.03806614400827635,-0.8006727103052035,-0.5978914447061948,0.3640118103368037,48.158024067808675,False
720575940614761512,280561.4839797639,323211.3861720067,259166.4755480607,left,0.3365669690992211,0.9501529708732988,117316.00156100556,-13.0,1.0,0.3219523226801806,0.9677043618047246,True,-13.0,1.0,-0.3219523226801806,0.9677043618047246,-0.3219523226801806,0.0,-13081.108373894342,-237644.39625053413,-51035.15124996009,-13.0,1.0,244.8886494055708,252.03934601041195,-113.29142503374254,0.4620479902435654,-0.02610386754165197,-0.14289251648558945,-7.348,-14.849,0.9671552286278975,0.1912384427442269,-0.1674473701032129,0.27754891820417693,1.4699761332241077,True
720575940614779026,779525.0144329896,274430.0618556701,174688.74226804127,right,-0.1200097396883025,1.6191009579413131,131290.26421751684,1.0,2.0,-0.1200097396883024,1.6191009579413134,False,1.0,2.0,0.1200097396883024,1.6191009579413134,0.1200097396883024,0.0,87085.32755030954,255796.15536094503,19419.209041893104,1.0,2.0,133.8182557280858,-389.17234827808124,22.853953509740386,0.28036307285591366,-0.3838434159583785,0.07115000682104328,1.837,-1.061,0.6014173154024097,-0.7686965582154658,0.21772187331973694,0.07799049433054908,44.059478783861465,False
720575940614810335,270123.8333333333,203456.55284552847,234706.58536585368,left,0.4112027458988208,2.0482043004186523,117319.89687386015,7.0,11.0,0.3973052806964181,2.0334682644581057,True,7.0,11.0,-0.3973052806964181,2.0334682644581057,-0.3973052806964181,0.0,29761.571662212667,-257046.23785362567,62263.234411652295,7.0,11.0,130.9732915609144,306.4050804629878,139.98468780012132,0.2696639808347513,0.1439089405112193,0.3706341331982943,11.023,-4.243,0.5455573954435676,0.5394555011866758,0.6413695428660946,0.27423195876571904,9.085746930221868,False
720575940614850088,749622.9673055243,180146.1285231116,191508.99661781284,right,-0.2491719031360827,2.399128066493724,130054.4214898744,15.0,13.0,-0.2491719031360854,2.399128066493724,False,15.0,13.0,0.2491719031360854,2.399128066493724,0.2491719031360854,37.0,84801.24630535695,219133.3821827831,112784.82101555081,15.0,13.0,39.37976659961206,-295.54982753542663,195.9907473135861,-0.023334252245802725,-0.09886734648728726,0.4747666331998488,17.146,2.121,0.13006229256008564,-0.4356523169895333,0.8906687705065593,0.30642429950853634,13.904440687804057,False
720575940614856359,272096.8247758761,227608.69763651185,213998.761206194,left,0.1788787687947211,1.8787120359207568,116779.61330309554,6.0,5.0,0.1732711827338017,1.8682737145195605,True,6.0,5.0,-0.1732711827338017,1.8682737145195605,-0.1732711827338017,0.0,46434.520592161694,-253433.66024239972,35337.50635006519,6.0,5.0,96.09454205347984,375.6498683592522,96.07779473059131,0.19339106159965408,0.3570450226999746,0.2552138174550982,6.736,1.061,0.47058586763243143,0.7382802595034291,0.48320927103293576,0.08350255594932227,39.151477900570896,False
720575940614871215,286374.9709425939,298650.6024096385,210632.2324592488,left,-0.0447765968007375,1.2820261895678202,115157.1035865868,-5.0,-3.0,-0.0435486655519946,1.2914015832844885,True,-5.0,-3.0,0.0435486655519946,1.2914015832844885,0.0435486655519946,0.0,38816.20662594462,-233977.50164559015,-34128.81925107841,-5.0,-3.0,148.8124314665599,390.3752445085072,-71.21540272389211,0.3372892349790982,0.33712505673875515,-0.08540760466898428,-4.899,-2.121,0.5872017150045828,0.8010593734565554,-0.11618100573272597,0.1631547383280262,39.577476903964325,False
720575940614915582,263742.5947302383,202186.017565872,245590.71518193223,left,0.5225151860130886,2.021584161593859,120600.6368464834,6.0,13.0,0.505664874175609,2.0084536820738856,True,6.0,13.0,-0.505664874175609,2.0084536820738856,-0.505664874175609,0.0,19099.778420930008,-263432.0633245215,64782.390181970775,6.0,13.0,153.7136382797496,276.5225151306918,141.70739744905538,0.3049737118517662,0.06445786286675051,0.3697145515479941,11.635,-7.425,0.5957342689610029,0.4213753567764674,0.6837715184818715,0.302370553736865,1.3509301180327613,True
720575940614924946,759704.4164859002,185187.6268980477,199844.5553145336,right,-0.3663926308395886,2.3291348375832284,129872.5501281058,13.0,14.0,-0.3663926308395906,2.3291348375832284,False,13.0,14.0,0.3663926308395906,2.3291348375832284,0.3663926308395906,41.0,75959.64125698355,229613.80344904412,109865.80534622945,13.0,14.0,72.48555487941877,-286.5774415430691,189.6429544333235,0.0940970767655195,-0.09445724740763288,0.46572315572673895,16.534,-1.061,0.37503139667915864,-0.3970403386742969,0.837681574925866,0.2991276346366029,9.448682295026526,False
720575940614935249,746191.5073746312,337150.17109144543,172039.08554572274,right,0.1475661155533132,1.1289125423182484,128104.27606418576,-8.0,-6.0,0.147566115553314,1.128912542318249,False,-8.0,-6.0,-0.147566115553314,1.128912542318249,-0.147566115553314,0.0,79206.11249558159,227162.33431227552,-45156.15575287566,-8.0,-6.0,144.5004497401629,-375.5793121362276,-136.95051859723557,0.29660560414503095,-0.31263019895665045,-0.22103921463371903,-8.573,-2.121,0.5392133614913923,-0.7856903296190997,-0.30321552851426287,0.22061354073752817,33.375252068824175,False
720575940614953362,294950.12105711846,323643.8567774936,234099.26683716968,left,0.0357288063226898,0.9796693605987375,112443.84824698335,-12.0,-3.0,0.0331516295864714,0.99876019572461,True,-12.0,-3.0,-0.0331516295864714,0.99876019572461,-0.0331516295864714,0.0,11861.638220977355,-223428.26022386295,-54403.49343848556,-12.0,-3.0,211.0209485219118,311.25125421767524,-141.233092672462,0.4311711791847124,0.09888249386183967,-0.20106670934453955,-9.186,-9.546,0.8158361175608766,0.5175561652272468,-0.25796713960980133,0.35974389147782476,6.6217295498876005,False
720575940614968938,745120.339823009,363802.42123893806,207845.38053097343,right,-0.0531429812503697,0.8202003586761835,128508.02654615008,-17.0,-6.0,-0.0531429812503682,0.820200358676184,False,-17.0,-6.0,0.0531429812503682,0.820200358676184,0.0531429812503682,0.0,39631.80941040989,228295.25932417734,-65800.08015351553,-17.0,-6.0,205.94799790292262,-255.98305332039325,-213.08644871506047,0.34851437683330205,0.05009903246426009,-0.3402481961740655,-14.085,-11.667,0.764638289179251,-0.3302462544085652,-0.5534127737684967,0.4622823153289287,1.5570673797159122,True
720575940614989107,793612.013888889,280691.6759259259,198265.1388888889,right,-0.3176416396399224,1.5391118407422255,133025.4909426367,-3.0,5.0,-0.3176416396399221,1.5391118407422253,False,-3.0,5.0,0.3176416396399221,1.5391118407422253,0.3176416396399221,0.0,63076.495301205985,270461.37449909374,18003.17100450476,-3.0,5.0,203.94001213861446,-326.6633679297575,8.37930053434016,0.4405081050660341,-0.1826950840554825,0.05070831426847191,1.225,-8.485,0.7949477092580003,-0.5778159081193296,0.18489704126808618,0.24617359276899817,12.917325788912278,False
720575940615032799,281157.2234494478,205719.6669498725,212494.4435004248,left,0.171796750901065,2.082523537273378,116418.85647517166,10.0,7.0,0.1661584807426682,2.065998535097224,True,10.0,7.0,-0.1661584807426682,2.065998535097224,-0.1661584807426682,0.0,51535.817244729114,-246022.34707375147,57304.1326241045,10.0,7.0,59.18295094926184,359.82229719707885,141.00633993963268,0.06944226976894395,0.2925535948427617,0.37644671446270495,10.41,3.182,0.3157402593392498,0.6807870841509945,0.6609364830946844,0.22263049935027143,35.08755960195213,False
720575940615049046,272424.629597947,295857.1633875107,234894.7134302823,left,0.2102866392949521,1.2535379728467304,114982.91364964284,-7.0,1.0,0.2024230240156797,1.2631884647331375,True,-7.0,1.0,-0.2024230240156797,1.2631884647331375,-0.2024230240156797,0.0,15048.221667572587,-247935.96056209883,-28531.7107326545,-7.0,1.0,211.72710303497632,334.77176516527385,-56.030055075313925,0.45572098416712836,0.16899941016721,-0.04343903065475105,-3.674,-8.485,0.798469704661957,0.6019976666614174,-0.006703735619494465,0.30194953960521115,15.753114073868215,False
720575940615088034,752385.2259577796,220616.53479280687,156810.47693510557,right,0.0681583827912055,2.0689530954106763,130899.64222128676,12.0,4.0,0.0681583827912047,2.068953095410677,False,12.0,4.0,-0.0681583827912047,2.068953095410677,-0.0681583827912047,0.0,112728.87308297647,224644.49968164755,67627.91267196432,12.0,4.0,-1.4500558481532366,-387.4791720246266,124.21473036449628,-0.14413457490487983,-0.32303669370243476,0.3342127671032968,9.798,8.485,-0.0012854780032079242,-0.801575998494259,0.597891517069974,0.33902725950598084,47.976204695611465,False
720575940615133115,322688.95816242823,248356.3609515997,165978.99917965545,left,-0.4776599708976042,1.803294597182196,115892.828886681,9.0,-7.0,-0.4614021319301048,1.796497821062819,True,9.0,-7.0,0.4614021319301048,1.796497821062819,0.4614021319301048,2.0,91493.57528688316,-201766.14496773458,10922.828508966119,9.0,-7.0,-88.71468789283509,414.5487571555039,16.476902190836313,-0.39223768728477654,0.28984171524992763,0.03987776940890568,1.225,16.971,-0.5771997086194386,0.8125189162853251,0.0815690324090966,0.31568471061708875,59.14699404809487,False
720575940615140767,322412.840981857,343469.68623265746,227380.14941302035,left,-0.2765796291142353,0.7910845033002619,114233.21452901972,-16.0,-8.0,-0.2650267873184615,0.814912374559535,True,-16.0,-8.0,0.2650267873184615,0.814912374559535,0.2650267873184615,0.0,15868.603598427044,-194622.96649275965,-73020.96694425854,-16.0,-8.0,182.04814609749576,296.75360149182427,-217.67373754999798,0.32230681120559884,0.026297610095099497,-0.3709333110600628,-14.697,-8.485,0.6444095023338117,0.5329866944211028,-0.5483261592081444,0.5279186705974641,2.2191254258528694,True
720575940615203259,261730.80841121497,297273.4439252336,262390.046728972,left,0.4679612214427762,1.1964372905932754,119796.3391395456,-9.0,5.0,0.4517086438889909,1.205989307405436,True,-9.0,5.0,-0.4517086438889909,1.205989307405436,-0.4517086438889909,0.0,-12516.22677019183,-258315.10414697308,-26333.62608738801,-9.0,5.0,247.34568905416512,256.99578554660803,-43.466345840602486,0.4832017646863344,-0.01834674088828706,-0.03667031109057434,-2.449,-14.849,0.9761905433427075,0.2083601914706647,0.060316280543295034,0.2828973748748199,2.1758263683183916,True
720575940615240103,756842.486569455,225143.1926323868,158742.71680736763,right,0.0349418912363915,2.0276725183176185,130879.2094451388,11.0,4.0,0.0349418912363908,2.0276725183176194,False,11.0,4.0,-0.0349418912363908,2.0276725183176194,-0.0349418912363908,0.0,110188.38277248865,229436.0779172331,63796.71947981607,11.0,4.0,14.396986833071734,-390.70576617663136,119.0510059087113,-0.09175714136377078,-0.3616748176500218,0.3184190413286269,9.186,7.425,0.09971720939549933,-0.8187491759428724,0.5654257378677074,0.3108925761623134,50.95310113312401,False
720575940615261235,697757.8913362701,322097.02202643175,127647.75330396475,right,0.6489544064030258,1.334645259135902,135517.09048654605,0.0,-13.0,0.6489544064030266,1.3346452591359028,False,0.0,-13.0,-0.6489544064030266,1.3346452591359028,-0.6489544064030266,0.0,124528.04326287172,177459.47416666313,-40849.054361718474,0.0,-13.0,-51.48656375107876,-407.3668981641126,-107.75066681700326,-0.3195414803152536,-0.2912490944613642,-0.20600498304518255,-7.961,13.789,-0.41545115527552223,-0.8410058074212715,-0.34656827532815093,0.3548386773028701,71.6657288761865,False
720575940615279419,768192.3392226148,310590.16537102475,172325.5123674912,right,-0.0110333522886605,1.3493179506929929,130847.13864678369,-4.0,-2.0,-0.0110333522886599,1.3493179506929929,False,-4.0,-2.0,0.0110333522886599,1.3493179506929929,0.0110333522886599,0.0,83511.04137729268,247145.85480386586,-17377.044134937787,-4.0,-2.0,148.03949173909095,-389.4196846158996,-61.98992274525047,0.3168141162995348,-0.3604985822470641,-0.0698400827286541,-3.674,-2.121,0.5933197835557827,-0.8031563869946197,-0.053957876821349296,0.12369136426894226,40.93654509835591,False
720575940615281105,334527.7801131771,316445.21261115605,179880.42037186745,left,-0.5849576926357928,1.2025732762500985,118725.87817932288,-6.0,-12.0,-0.5655312292445379,1.2131086729443905,True,-6.0,-12.0,0.5655312292445379,1.2131086729443905,0.5655312292445379,0.0,67247.50423381689,-184846.80902057773,-53072.19509645802,-6.0,-12.0,32.022781239481,407.32590267114904,-150.40947492860977,-0.03994361643323922,0.3895939437941876,-0.2829790819727491,-11.023,6.364,0.010131691780836696,0.8963542773342177,-0.44322269608664056,0.19267315823067765,54.594611928448124,False
720575940615324822,341287.67409948545,338826.295025729,193356.0548885077,left,-0.6223806062419323,0.9816635425748254,121817.04425016826,-12.0,-13.0,-0.600193291531013,0.9972238256314412,True,-12.0,-13.0,0.600193291531013,0.9972238256314412,0.600193291531013,0.0,50536.569259108786,-176366.2155123886,-72489.35061419639,-12.0,-13.0,81.39155825073341,360.72744413815786,-213.5243909860702,0.11346384993349988,0.2079318841535331,-0.4327370008952787,-15.309,1.061,0.1736529636223558,0.7450878925306871,-0.6439632603102075,0.4056167310451095,23.094641054624176,False
720575940615358119,252175.2543554007,224297.60975609755,247213.3101045296,left,0.5038432317999845,1.8201081748192744,124353.43704165108,2.0,11.0,0.488930342018796,1.812355109141793,True,2.0,11.0,-0.488930342018796,1.812355109141793,-0.488930342018796,0.0,13801.051275798756,-273326.24476433656,42435.41385195016,2.0,11.0,188.96333779751018,282.1516220852867,100.35358407728194,0.4117848656248986,0.07965470486522888,0.23988050324554536,7.961,-9.546,0.7139362865742063,0.43291236617888434,0.550347037715324,0.3076224538813187,3.0054167413451935,True
720575940615376070,301334.66553480475,221623.1103565365,181385.90831918508,left,-0.2072822899073849,2.001397920825306,117358.3702093289,11.0,-1.0,-0.1992142953303691,1.9877935696014069,True,11.0,-1.0,0.1992142953303691,1.9877935696014069,0.1992142953303691,0.0,80109.09906312336,-224932.05110972564,38158.46406184884,11.0,-1.0,-43.31407887861986,411.0208462529928,86.29304634984432,-0.241929488547876,0.35929768068172246,0.21115958158508977,6.124,12.728,-0.24464352043459656,0.8564951432048835,0.4544949037952057,0.2816768707552063,59.71960334687326,False
720575940615420358,773955.5551921504,206959.70564186428,197385.31479967287,right,-0.355837508851886,2.127402037016424,129442.54838927725,9.0,12.0,-0.3558375088518871,2.127402037016424,False,9.0,12.0,0.3558375088518871,2.127402037016424,0.3558375088518871,0.0,75213.75133224981,245415.34000528723,89059.0439008829,9.0,12.0,112.72621234836255,-307.1216031622681,154.99644410682677,0.20093175636880267,-0.1644175797774914,0.40668827032093624,12.86,-3.182,0.5192515234711982,-0.49128049555914133,0.6993006006403857,0.2325604642888943,13.600169874325202,False
720575940615452305,306060.19269619265,280872.8329448329,177848.3294483294,left,-0.3360218975397572,1.5054404591018802,118002.026292517,2.0,-7.0,-0.32500611962604,1.5075887917808977,True,2.0,-7.0,0.32500611962604,1.5075887917808977,0.32500611962604,0.0,74345.4145525842,-215873.09052961352,-20408.50505967535,2.0,-7.0,5.300848459569006,439.6276230117794,-36.844562158160734,-0.11015641173387337,0.47103486283864354,-0.02194229143705623,-3.062,9.546,0.001578728391749762,0.9974287750024691,-0.07164737548395815,0.23241211197320166,85.01705691010697,False
720575940615466562,262518.08664259926,285604.62093862816,253497.1480144405,left,0.4152307984785235,1.305954266758123,115958.36054163027,-7.0,5.0,0.4009042441545164,1.3129518533361928,True,-7.0,5.0,-0.4009042441545164,1.3129518533361928,-0.4009042441545164,0.0,-1881.8497466916488,-258449.06462808253,-16196.715100069836,-7.0,5.0,237.6298459780255,282.63470784633574,-23.601433157757334,0.4854698258639278,0.03497804446195257,-0.005600738653588324,-1.225,-12.728,0.9198493587758251,0.3706098983973235,0.12855139193967957,0.34057489107160194,1.174351895886427,True
720575940615471884,268275.94666666666,242860.2103703704,218094.5481481481,left,0.1965282468037064,1.7402762514374008,116229.93216025172,3.0,4.0,0.1903060962512343,1.734146462758776,True,3.0,4.0,-0.1903060962512343,1.734146462758776,-0.1903060962512343,0.0,39916.407355406205,-256092.3055281037,20694.111048837935,3.0,4.0,126.16715687408424,376.59132693514516,63.6538543087999,0.27474967016840046,0.3532045207446146,0.1730406360935454,4.287,-1.061,0.5076206017030287,0.7592589549118234,0.4072433720919968,0.08328216496631943,39.04085566325751,False
720575940615506399,342446.828375286,346280.9885583524,199786.59038901603,left,-0.6200585833545634,0.9016201970467164,123255.3777115246,-14.0,-13.0,-0.5970380657704816,0.918858051657915,True,-14.0,-13.0,0.5970380657704816,0.918858051657915,0.5970380657704816,0.0,43033.18476154766,-174618.15624322556,-78727.25018031595,-14.0,-13.0,99.54109529617381,338.8122517743993,-233.10631234946726,0.16610815077259108,0.11521719478080644,-0.4505378125695739,-16.534,-1.061,0.2174513283680848,0.6955080955315314,-0.68482363338385,0.5350712022704877,10.736191564580123,False
720575940615517746,273104.8777698356,269427.696926376,208421.5868477484,left,0.0584187171452795,1.5379120990044233,118237.0191325712,0.0,0.0,0.0565870135640891,1.5385828019974097,True,0.0,0.0,-0.0565870135640891,1.5385828019974097,-0.0565870135640891,0.0,45365.43563224612,-249380.90512880258,-6655.135619766727,0.0,0.0,124.30125859467111,401.97950886802,3.8902655123006173,0.2718628125932395,0.39824439199893713,0.04052176129360853,0.0,0.0,0.5272947575647393,0.827304993361567,0.19371805957050187,0.11541480390364602,48.36269799733221,False
720575940615590034,749658.98125,257052.575,143196.15625,right,0.1944715374047575,1.7951135941667935,131682.38680466,8.0,-2.0,0.1944715374047575,1.7951135941667944,False,8.0,-2.0,-0.1944715374047575,1.7951135941667944,-0.1944715374047575,0.0,120375.9538274878,224523.34268325448,29393.443393936534,8.0,-2.0,-11.361688797087734,-428.0471035736242,46.48759931670812,-0.16386861278376827,-0.43393579374734853,0.13016360332156016,3.674,10.607,-0.01571255907615452,-0.9468484758419274,0.3212959372340357,0.3331949042872878,75.76707361683604,False
720575940615643835,255662.44367417684,269266.4956672444,242125.64991334485,left,0.3704380315209896,1.473275625571261,120917.49508603796,-4.0,5.0,0.3587669502910348,1.4752958163835486,True,-4.0,5.0,-0.3587669502910348,1.4752958163835486,-0.3587669502910348,0.0,11797.048364220507,-266565.63363365206,-2403.4485904194757,-4.0,5.0,214.4042096924826,314.5710550701743,5.751378898318822,0.4630438518711076,0.13202783767211046,0.04157310166372068,0.612,-9.546,0.8105852046521398,0.5498741686796137,0.2014696617805084,0.3357117296576125,9.6242600873138,False
720575940615649366,704033.0454086781,317680.2058526741,129990.15136226034,right,0.5968606342421638,1.3603043368395766,133071.5407193127,1.0,-12.0,0.5968606342421646,1.3603043368395775,False,1.0,-12.0,-0.5968606342421646,1.3603043368395775,-0.5968606342421646,0.0,123025.80873074719,183407.07142484083,-35677.78462656233,1.0,-12.0,-51.85305911799115,-414.2621563154857,-95.33009422137027,-0.31656778041561257,-0.32369013810464453,-0.17339703770808718,-6.736,13.789,-0.4382765458990028,-0.8102379982338412,-0.38913757918358044,0.2603699796410081,74.08086707362307,False
720575940615658713,768623.1918604651,340750.3168604651,211658.77906976745,right,-0.2447467815705219,1.0302093020083078,127696.00029295636,-13.0,-1.0,-0.2447467815705208,1.0302093020083076,False,-13.0,-1.0,0.2447467815705208,1.0302093020083076,0.2447467815705208,0.0,39928.658799399454,250058.5867956801,-40808.18073801226,-13.0,-1.0,234.1910444365785,-271.46048985384584,-139.86300574743905,0.44021585939848334,-0.02082991258946638,-0.2045449378154625,-8.573,-12.728,0.9032855776722407,-0.3462232818921834,-0.2533862747765399,0.3483444149819206,1.020796232014378,True
720575940615664345,288053.5737226277,321552.0087591241,239698.36496350367,left,0.1276803850229848,0.9976794810120022,114280.96722973631,-12.0,-2.0,0.1214865813250568,1.0156389444737817,True,-12.0,-2.0,-0.1214865813250568,1.0156389444737817,-0.1214865813250568,0.0,6538.018134213407,-230423.3184277511,-51950.67404171674,-12.0,-2.0,220.71291347444196,301.1880448666195,-132.36317475144372,0.447157058185804,0.06728710275932687,-0.18300378779757306,-8.573,-10.607,0.829298508856717,0.5018487087103363,-0.24578823562936009,0.39860928380860655,2.7992748235859,True
720575940615702621,728944.3384146341,259809.57926829267,132231.06707317074,right,0.3792041993998241,1.7928288994422037,130012.3556144465,10.0,-5.0,0.3792041993998243,1.7928288994422044,False,10.0,-5.0,-0.3792041993998243,1.7928288994422044,-0.3792041993998243,0.0,130390.8722169508,203996.75820765458,23452.785147038907,10.0,-5.0,-78.20078570239912,-417.4713542918897,30.150187325229634,-0.3611720984233959,-0.31230939034130173,0.06769279854381517,3.062,15.91,-0.46164169385464104,-0.8560372718642404,0.2325664113199638,0.3687991893098128,66.7343272835106,False
720575940615729567,314718.6605922551,173588.0911161731,200279.95444191343,left,-0.081625856779845,2.4465491243063866,118650.237770098,17.0,8.0,-0.0763617635876942,2.421392735069229,True,17.0,8.0,0.0763617635876942,2.421392735069229,0.0763617635876942,57.0,69271.79780894583,-215003.09352923348,89417.1031278513,17.0,8.0,-30.419319536838962,328.41879994380474,174.8809353750469,-0.17685641701838914,0.13507330498230727,0.426128274932153,15.309,9.546,-0.2608416807236051,0.48212373636139366,0.8363721183983923,0.23382218007262587,22.71257936738073,False
720575940615811807,722581.6886792453,330332.60062893084,150040.97484276726,right,0.4099691794776554,1.2198566215684234,127924.15949895956,-4.0,-10.0,0.4099691794776561,1.219856621568424,False,-4.0,-10.0,-0.4099691794776561,1.219856621568424,-0.4099691794776561,0.0,101571.26447303631,202969.81614747955,-43625.887079994274,-4.0,-10.0,42.29561579104253,-416.5003442835558,-129.4050551057368,-0.02991699913360235,-0.42722186601449413,-0.22282377239898402,-8.573,6.364,0.09401794907580231,-0.9220588283022295,-0.3754572444386972,0.1822482690794696,64.61387606499618,False
720575940615836450,757032.8157524613,344054.21097046416,189152.6019690577,right,-0.0159583005572431,1.048424857560278,129797.83064343002,-11.0,-4.0,-0.0159583005572421,1.0484248575602786,False,-11.0,-4.0,0.0159583005572421,1.0484248575602786,0.0159583005572421,0.0,61417.95300867394,238595.63581643687,-48462.691273526114,-11.0,-4.0,194.16501288794225,-329.72481690340004,-149.82871120368083,0.3991620830285219,-0.1690488033061283,-0.22665490609831362,-9.186,-7.425,0.6923647533914925,-0.6356791877639187,-0.3413839751730337,0.3397403650214387,14.812423102325823,False
720575940615908353,801006.7686956521,298340.80695652176,230076.9391304348,right,-0.5362536726997678,1.365429327287307,134816.64168002212,-8.0,8.0,-0.5362536726997672,1.3654293272873064,False,-8.0,8.0,0.5362536726997672,1.3654293272873064,0.5362536726997672,3.0,29019.488026021,279346.7249533162,6199.118219170705,-8.0,8.0,248.51628138962118,-229.38538075095158,-19.687910375550654,0.48043719275236235,0.04414662719564582,-0.0020799108324954713,0.0,-16.971,0.9936086899061706,-0.062416228808686726,0.09405310055625542,0.18293264008043864,1.174351895886427,True
720575940615912916,718898.8046692607,282351.2217898833,127871.59533073928,right,0.4775661783673753,1.6266957848305028,130644.31111463808,8.0,-8.0,0.4775661783673758,1.626695784830504,False,8.0,-8.0,-0.4775661783673758,1.626695784830504,-0.4775661783673758,0.0,130958.2279916839,195612.570528686,-157.10460413068722,8.0,-8.0,-86.7772757481812,-417.2765613878117,-9.943242254331313,-0.41097708138145633,-0.27103041414011925,0.007166465998458965,0.0,16.971,-0.5636254070833274,-0.8220935352883113,0.08055196910889097,0.3918897995848182,60.615880263243355,False
720575940615991362,322700.01039861346,301221.1958405546,176379.61871750437,left,-0.4872008030527038,1.339309914936763,118194.61987861615,-2.0,-10.0,-0.4713088149513638,1.3463948699254724,True,-2.0,-10.0,0.4713088149513638,1.3463948699254724,0.4713088149513638,0.0,72889.44862276026,-197787.91502515902,-39484.7496350862,-2.0,-10.0,11.441065450288038,428.30520852092786,-98.35388212965549,-0.11018412056859932,0.4398061527273309,-0.1676273011008225,-7.348,8.485,-0.016376476165192253,0.9611233062025544,-0.2756334546144244,0.22952374893003033,71.16296596108357,False
720575940616046348,804683.7367458867,287292.4533820841,230415.3564899452,right,-0.5586219041596927,1.4478828598803222,136225.44873123532,-7.0,9.0,-0.5586219041596924,1.4478828598803215,False,-7.0,9.0,0.5586219041596924,1.4478828598803215,0.5586219041596924,0.0,30494.251458346305,282201.0083848151,17396.389135282385,-7.0,9.0,247.04230052696454,-228.48194130969944,-3.375567803489235,0.4796885471041476,0.04736230343081252,0.015929266770413442,1.225,-16.971,0.9896644226160239,-0.06369714678116645,0.12847958631639017,0.18828709892435272,2.6662969539442267,True
720575940616071541,325648.7613104524,332340.6801872075,200076.66146645864,left,-0.4477191321216424,1.0075510970517592,117977.05630203163,-11.0,-10.0,-0.4313730944154975,1.024206166487485,True,-11.0,-10.0,0.4313730944154975,1.024206166487485,0.4313730944154975,0.0,44639.57276463468,-192396.3051847555,-66159.50043648576,-11.0,-10.0,115.9880297040607,367.35821048656305,-187.49652174467602,0.22737521072565214,0.24899403087138477,-0.35847128745811174,-12.86,-1.061,0.36521503468300986,0.7970316331589484,-0.4809974575665316,0.3966881528875632,20.185179056844763,False
720575940616072821,292077.2388535032,205374.28662420384,195794.5222929936,left,-0.0208402849060765,2.116403379846371,118181.46165746175,12.0,4.0,-0.0192289327564247,2.0991547020302823,True,12.0,4.0,0.0192289327564247,2.0991547020302823,0.0192289327564247,0.0,68276.95584708283,-235267.6355813759,55779.71426252446,12.0,4.0,1.04180279211431,383.1713938189018,132.03077439842343,-0.12266450239028229,0.32792027201308954,0.3412754821259235,9.798,8.485,0.04170449817581062,0.754112005651047,0.6554203367037518,0.30843696811442955,47.63356923895536,False
720575940616077930,270914.3815439219,234493.91304347827,213157.16060337177,left,0.1642071149914628,1.8202623244602507,117087.17991563585,5.0,4.0,0.1591238869436839,1.8116650730781936,True,5.0,4.0,-0.1591238869436839,1.8116650730781936,-0.1591238869436839,0.0,46158.32576939885,-254110.60835777473,28339.069921779068,5.0,4.0,99.56230534769249,383.59312081402896,80.34971511032764,0.20347336540995198,0.3764472177624995,0.21276808866390837,5.511,1.061,0.4703258974845231,0.7522896343002534,0.4613608742402947,0.05917828786364053,43.09357550297026,False
720575940616083212,695217.078470825,363115.09859154926,157094.72837022133,right,0.6326972018068844,0.9588324018116048,134907.00787800748,-12.0,-15.0,0.6326972018068853,0.9588324018116052,False,-12.0,-15.0,-0.6326972018068853,0.9588324018116052,-0.6326972018068853,0.0,88940.58231692243,178144.4362828666,-76753.456960727,-12.0,-15.0,54.342731232275675,-348.56785212150265,-231.88691048419983,0.018760645450073946,-0.14258810512221382,-0.47067179175322865,-16.534,3.182,0.038059812599006385,-0.7161239990242662,-0.696934622964322,0.5044457621308936,28.95648165145614,False
720575940616085917,713692.5291557877,279435.17145343777,126436.51871192345,right,0.5174571141899547,1.6512112098423726,129865.4598740183,9.0,-8.0,0.5174571141899551,1.6512112098423737,False,9.0,-8.0,-0.5174571141899551,1.6512112098423737,-0.5174571141899551,0.0,132740.2898849136,190196.08643697161,2113.149716787684,9.0,-8.0,-94.01957624445973,-410.09072726543485,-4.106008023429668,-0.4464296141101209,-0.209516803932227,0.002331622958408483,0.612,18.031,-0.61862352089305,-0.7831302786703409,0.06333960867893207,0.46677997564754536,52.39640406007398,False
720575940616095259,757898.3393501805,312444.5371841156,162878.4981949459,right,0.0996045600626377,1.3475614800418536,130095.84797754748,-3.0,-4.0,0.0996045600626384,1.3475614800418536,False,-3.0,-4.0,-0.0996045600626384,1.3475614800418536,-0.0996045600626384,0.0,92358.83198665788,236954.72626233657,-21440.134750958,-3.0,-4.0,117.05027527948145,-409.54891561047043,-69.55313410127972,0.23052303216779002,-0.41642625151437085,-0.08099654532040573,-4.287,1.061,0.4489219473366532,-0.8896812946642397,-0.0832843270011212,0.09324938749063841,53.199485372747496,False
720575940616097653,780420.1829878485,310005.49249463907,189729.578270193,right,-0.176687414323566,1.3291793947491306,131309.08834876414,-6.0,1.0,-0.1766874143235652,1.3291793947491306,False,-6.0,1.0,0.1766874143235652,1.3291793947491306,0.1766874143235652,0.0,66642.00897946407,259411.50335272533,-13163.598145987076,-6.0,1.0,203.72083823423966,-342.6859561819622,-53.70335537999121,0.435371621384773,-0.20698208345976105,-0.04033478546260528,-3.062,-7.425,0.7692821572470232,-0.6388386530898609,0.009494096044328146,0.2657686152782523,17.588264140874646,False
720575940616111221,758540.1274336283,208417.94336283187,174749.34513274336,right,-0.1049965538362685,2.1585144086411017,128375.21604695248,12.0,8.0,-0.1049965538362698,2.1585144086411017,False,12.0,8.0,0.1049965538362698,2.1585144086411017,0.1049965538362698,0.0,97052.69524482466,230000.86568541534,82926.87436501407,12.0,8.0,39.703433786508405,-355.085150491242,153.81579158574982,-0.022124983697594965,-0.29113625398123194,0.38761241267705676,12.247,4.243,0.2139802274982007,-0.6751792791238764,0.7059358351022994,0.2867307092187421,37.10632513848586,False
720575940616168276,749407.5154929578,290692.7295774648,145774.78873239437,right,0.2134398710851519,1.5385069627241217,131288.7149684797,3.0,-5.0,0.2134398710851523,1.538506962724122,False,3.0,-5.0,-0.2134398710851523,1.538506962724122,-0.2134398710851523,0.0,112521.1718257584,226770.49671752652,-3342.2447606374044,3.0,-5.0,23.13287700158732,-438.38305837227426,-21.82108622228158,-0.053502395951560054,-0.4793437567445661,0.007333927157473971,-1.225,8.485,0.10006672128544336,-0.9936259345701787,0.05190523519569551,0.21456077492243797,85.19100896474156,False
720575940616176852,719164.5254237289,249998.93220338985,129852.93785310732,right,0.4518477998696033,1.8753831734099955,129085.19845217656,12.0,-5.0,0.4518477998696034,1.8753831734099964,False,12.0,-5.0,-0.4518477998696034,1.8753831734099964,-0.4518477998696034,0.0,134108.03208585412,193504.6095135636,32034.54340782581,12.0,-5.0,-98.11220465565229,-399.38212695262587,38.30983913145106,-0.4386288127674032,-0.19308067868511597,0.06779593709463473,4.287,18.031,-0.623357626212124,-0.717828229806227,0.31007725220732435,0.4630646485161825,50.02659585297267,False
720575940616262651,324123.1625,298402.61875,172499.59375000003,left,-0.5093838465596238,1.3734043414672654,119593.24033865282,-1.0,-10.0,-0.4930680102920092,1.3793932385919905,True,-1.0,-10.0,0.4930680102920092,1.3793932385919905,0.4930680102920092,0.0,77190.57611491259,-196602.0638811516,-37222.36332235249,-1.0,-10.0,-1.6181579681876075,430.15161327954297,-90.59500909400971,-0.14748906815782603,0.43554313082152896,-0.15138259336633497,-6.736,9.546,-0.08732976069002199,0.9596230875492655,-0.2673893093230134,0.23046337647715642,75.43392582219752,False
720575940616304925,764493.6,292912.4973782771,161604.94382022473,right,0.049864205735052,1.4986866989084318,130122.78308581957,0.0,-2.0,0.0498642057350524,1.4986866989084322,False,0.0,-2.0,-0.0498642057350524,1.4986866989084322,-0.0498642057350524,0.0,96815.84796738757,242083.01454652284,-1934.8623718527397,0.0,-2.0,102.55944777514227,-416.74646283935806,-21.502877201476053,0.2083948472739784,-0.43705067984822554,0.006706984236464416,-1.225,2.121,0.4318118702856735,-0.8901417988364518,0.14555441128524604,0.13239199570567275,55.017295786795096,False
720575940616322527,251018.95431472085,223637.32994923857,261805.17766497465,left,0.623208101775587,1.797894738934757,123658.74831267542,2.0,14.0,0.6050108232189023,1.7909178772995036,True,2.0,14.0,-0.6050108232189023,1.7909178772995036,-0.6050108232189023,223.0,-522.7464915931887,-274432.0767829626,45316.65510780315,2.0,14.0,199.53245522994712,235.7159178119659,113.28217590192071,0.4126435019622224,-0.024328606053763614,0.2530615968338039,9.798,-12.728,0.7950865661954919,0.23390042444457051,0.5595783624302423,0.29308033597512323,2.000048434582399,True
720575940616367133,790664.3354037268,226702.60248447204,210045.52795031053,right,-0.470650074912291,1.9325286229017216,131750.6164870569,4.0,12.0,-0.4706500749122916,1.932528622901721,False,4.0,12.0,0.4706500749122916,1.932528622901721,0.4706500749122916,0.0,59904.687266497516,263617.5798976567,72824.59505752758,4.0,12.0,171.75877780588286,-284.9679280864164,116.83906043871156,0.3744614397017723,-0.09376913901903013,0.28816462442377505,9.798,-8.485,0.6803500803376918,-0.45566032811002666,0.5740186700545193,0.2804107531664314,6.043539151636543,False
720575940616394939,317664.7058823529,188933.53761969908,184603.83036935705,left,-0.2655715756187189,2.309385969321707,118775.1715309823,16.0,4.0,-0.2532394866554577,2.2880931314739525,True,16.0,4.0,0.2532394866554577,2.2880931314739525,0.2532394866554577,15.0,82383.12534177459,-211036.528319611,72031.41280659093,16.0,4.0,-58.398310618152955,356.8987604412768,141.5139818545942,-0.2382723067285379,0.2105586016027382,0.36023905586402694,12.247,12.728,-0.4969097846124281,0.5699287742151241,0.6544171897788723,0.1627638591025388,35.151777806263105,False
720575940616457867,262174.54349775787,243559.0206278028,230582.7802690583,left,0.3128645561508881,1.7078160665677,116741.86668600404,1.0,6.0,0.3029083520902473,1.7026989410835365,True,1.0,6.0,-0.3029083520902473,1.7026989410835365,-0.3029083520902473,0.0,27365.41187624553,-262043.2718900362,21548.458608342775,1.0,6.0,167.96720825555792,342.7873987596909,61.02168096971364,0.3828327466766346,0.25178818819899795,0.1534494020408994,4.287,-5.303,0.6221902956653668,0.640113811137146,0.45070338890596506,0.24725115548378712,23.06834560292947,False
720575940616485900,315096.8857142857,350636.9523809524,239542.09523809524,left,-0.1240259744321218,0.7163638259422326,119566.34988406868,-18.0,-7.0,-0.1198151132315287,0.7413759539169641,True,-18.0,-7.0,0.1198151132315287,0.7413759539169641,0.1198151132315287,0.0,2597.7610663850264,-201310.24788169414,-78675.24301503984,-18.0,-7.0,201.47732793750146,257.4258524773692,-223.2388156710448,0.3259514126700791,-0.05711299210154842,-0.3655085523790773,-15.309,-11.667,0.7741348791676106,0.34715568865931934,-0.5293374317839452,0.5277098141689951,2.0325257034210136,True
720575940616492230,253387.0483271376,241374.23048327136,257838.8104089219,left,0.5545449517080048,1.6680097499137383,119140.6888553362,-1.0,11.0,0.537663017745387,1.6641153986585888,True,-1.0,11.0,-0.537663017745387,1.6641153986585888,-0.537663017745387,0.0,639.6824797785655,-270788.47594027116,27391.518823764512,-1.0,11.0,217.5246029347941,258.11432657664955,74.07278459555457,0.45598855101279767,0.008813378292100027,0.1682091014574038,6.124,-12.728,0.832258797594004,0.3058965101369416,0.46235551139077263,0.3294060503353286,1.5406630962834043,True
720575940616496102,771491.8481421648,218348.80775444265,184495.8966074313,right,-0.2263135940698958,2.053236606810067,128471.36447588942,9.0,9.0,-0.2263135940698963,2.0532366068100667,False,9.0,9.0,0.2263135940698963,2.0532366068100667,0.2263135940698963,0.0,86099.20768731402,243713.55316434638,75622.92235546038,9.0,9.0,92.15488529624153,-343.64128683584715,139.9530902486977,0.16261580400757694,-0.27666958913088546,0.36435080901023403,11.023,0.0,0.43156495645047105,-0.6133828968375807,0.6614477380950372,0.13850148396365436,28.416487924355785,False
720575940616543813,318388.8535315986,320798.36431226763,195308.40148698885,left,-0.3944384723251095,1.1210196553787877,116488.70369944932,-8.0,-9.0,-0.380583764327763,1.1349354678850614,True,-8.0,-9.0,0.380583764327763,1.1349354678850614,0.380583764327763,0.0,51035.404233017456,-200518.89952221367,-56070.67389405272,-8.0,-9.0,100.32904056819564,393.5816728436233,-150.61006254453176,0.19172530480194955,0.34955438439316244,-0.2737769386750614,-10.41,1.061,0.33309791930478694,0.8640024427486436,-0.3775520561183566,0.2445395029675088,36.07113891335429,False
720575940616553541,734039.3608428448,343892.6672519754,168678.9113257243,right,0.2567624555046141,1.0738764875005626,127494.974605316,-9.0,-8.0,0.2567624555046149,1.0738764875005633,False,-9.0,-8.0,-0.2567624555046149,1.0738764875005633,-0.2567624555046149,0.0,81239.71052976586,215518.70063457807,-53200.8412289191,-9.0,-8.0,127.23773690382735,-374.5513017335463,-162.25944432981282,0.25037541895436605,-0.3010833701759039,-0.28782449729462445,-10.41,-1.061,0.41462232942174665,-0.8157603808589879,-0.4032658241974936,0.29143430056688086,30.533144728042387,False
720575940616558405,769862.4537264537,220456.6977886978,180342.6044226045,right,-0.1851766126680263,2.041504871585521,128568.1823563282,9.0,8.0,-0.1851766126680274,2.041504871585521,False,9.0,8.0,0.1851766126680274,2.041504871585521,0.1851766126680274,0.0,89837.87403436139,242216.76693053413,72771.61257805432,9.0,8.0,81.91994466980432,-355.30659363335485,133.8850799536701,0.13919315406514937,-0.30469689781679626,0.347781534527193,10.41,1.061,0.38649204274586163,-0.6709926461537402,0.6327659675596758,0.13758149723936788,33.11249635765789,False
720575940616572992,729552.7272727274,345245.16227697534,165183.4834324554,right,0.3080603081660882,1.0717976470389754,128421.11355475144,-9.0,-9.0,0.3080603081660891,1.071797647038976,False,-9.0,-9.0,-0.3080603081660891,1.071797647038976,-0.3080603081660891,0.0,84396.0341563482,211121.1353524687,-55409.048759035104,-9.0,-9.0,113.82922020296274,-377.7255928624358,-170.72469728513622,0.21088359900711867,-0.30181848748180107,-0.3187039633726845,-11.023,0.0,0.3902916692358205,-0.8208966593686139,-0.41689457607717434,0.3154915483572358,31.870811462399942,False
720575940616677332,282934.5872193437,195887.1398963731,224243.4887737478,left,0.2932314100352489,2.165083561290244,113861.98343214404,10.0,10.0,0.2824602344918642,2.146224781778144,True,10.0,10.0,-0.2824602344918642,2.146224781778144,-0.2824602344918642,0.0,41518.36911749967,-244897.7236131122,68977.33399103797,10.0,10.0,84.35404527406095,326.4274214050387,156.7462216355398,0.14038616215028335,0.20384463012075568,0.41176924932560977,12.247,0.0,0.4237393152720949,0.544449024657305,0.7238924314029299,0.22289499502161456,21.278632313393867,False
720575940616713778,297191.2645461598,289939.58727695886,188256.6951124903,left,-0.2348131529561066,1.4093995023717931,118204.4538158728,-1.0,-6.0,-0.2271007986795437,1.4145820879346125,True,-1.0,-6.0,0.2271007986795437,1.4145820879346125,0.2271007986795437,0.0,62478.19512579832,-223980.5300192459,-28322.829064094138,-1.0,-6.0,59.92101813159324,431.388091813142,-56.26619207966535,0.0801805748314338,0.47109805007271816,-0.06340057948713346,-4.287,5.303,0.23035828752252008,0.967632896986719,-0.10306132173993242,0.07074190982104443,67.59775942256228,False
720575940616748096,750755.3796634967,278733.8610095099,144327.0811997074,right,0.2015238776283917,1.629946901271912,131611.82546872314,5.0,-4.0,0.201523877628392,1.6299469012719126,False,5.0,-4.0,-0.201523877628392,1.6299469012719126,-0.201523877628392,0.0,115860.65747406556,227223.16924016405,8301.210720448995,5.0,-4.0,7.402084900608308,-436.9155778531178,3.91455344593895,-0.10362420356115448,-0.47105069291693114,0.029507165745875717,0.612,9.546,0.07398980883251753,-0.9883002158572107,0.13337237917019498,0.2987775142147608,86.42551703013106,False
720575940616787061,751429.986111111,357026.21759259264,210195.1851851852,right,-0.122381682469556,0.8722222272378309,126621.73380982724,-16.0,-4.0,-0.122381682469555,0.8722222272378313,False,-16.0,-4.0,0.122381682469555,0.8722222272378313,0.122381682469555,0.0,38494.909365641455,234103.2976580532,-58301.79347914159,-16.0,-4.0,220.6345909502221,-255.87477388994273,-190.6377141831338,0.38004532504915817,0.04364019569687271,-0.30510264036145957,-12.247,-12.728,0.850126855658304,-0.2838376766067635,-0.443531850746933,0.4238074856833228,3.010776811823558,True
720575940616848140,793949.409674235,307916.2013820336,226370.8983218164,right,-0.4837653965356718,1.2914035590032855,131295.77789014898,-9.0,6.0,-0.4837653965356712,1.291403559003285,False,-9.0,6.0,0.4837653965356712,1.291403559003285,0.4837653965356712,0.0,31040.476354414306,272990.5453249129,-4324.370743355612,-9.0,6.0,250.35120845307472,-242.5971280121742,-42.37874762416064,0.4813904768081357,0.013956583007514081,-0.01918004743219785,-1.837,-15.91,0.9898687923860442,-0.11022326344948617,0.08950198911052099,0.19046761357029293,1.4064680413981818,True
720575940616893638,763341.9046177139,258710.80999242995,155502.74034822104,right,0.0539030996554468,1.7654063927133847,131161.9380594839,6.0,0.0,0.0539030996554468,1.7654063927133852,False,6.0,0.0,-0.0539030996554468,1.7654063927133852,-0.0539030996554468,0.0,108212.57488954312,238371.9587164018,30694.287013230387,6.0,0.0,42.86258291218066,-420.65322651392836,47.98551795848762,-0.001292154179387008,-0.4671094924223646,0.11515312436028083,3.674,6.364,0.2077764434634803,-0.930443524086574,0.30183405710261424,0.22370800166116986,71.07964407765559,False
720575940616896822,257138.4040747029,221633.77249575552,240596.910016978,left,0.4486351268607426,1.861234766392927,121688.75034900475,3.0,10.0,0.4348831510519851,1.852086057187008,True,3.0,10.0,-0.4348831510519851,1.852086057187008,-0.4348831510519851,0.0,20843.80158297287,-268616.70173574495,44365.57104166103,3.0,10.0,171.13041722206262,302.10639843511433,103.1556355226458,0.38486777960866747,0.13631340800905137,0.2580588769989925,7.961,-7.425,0.6384210880597085,0.537361887183146,0.551054186558478,0.3019247364811787,8.835598135570907,False
720575940616965644,306612.7158608991,333600.51569126383,232274.3002544529,left,-0.0807227495194532,0.8788484666462957,112686.3608157852,-14.0,-5.0,-0.0784728758807618,0.9010051548140888,True,-14.0,-5.0,0.0784728758807618,0.9010051548140888,0.0784728758807618,0.0,12305.487859964378,-211075.3787089225,-63660.43640504734,-14.0,-5.0,204.40655738085988,302.3085414511763,-176.9891160443891,0.39636251360018593,0.061975406235754475,-0.2784630578314604,-11.635,-9.546,0.7583290430933768,0.5220476655745723,-0.3903886490015089,0.440957983333795,0.5431760008847656,True
720575940617013042,298380.27639751555,278335.9409937888,182298.91304347827,left,-0.2588081157080685,1.5175371373735762,118439.57494165456,2.0,-6.0,-0.2502843693971137,1.5192550457717091,True,2.0,-6.0,0.2502843693971137,1.5192550457717091,0.2502843693971137,0.0,70211.68641395342,-223689.74472946464,-17755.801107250853,2.0,-6.0,19.969740838800423,439.4836274589762,-28.752794296051064,-0.06390400759366416,0.4789463277764775,-0.00455079368148729,-2.449,8.485,0.06389619110092726,0.997940852191588,-0.005597525339003372,0.19661500962221587,83.5508939455201,False
720575940617027257,762710.0378501136,344439.54277062835,197288.29674489025,right,-0.1026986372194766,1.0344049089806635,130437.6424522177,-12.0,-3.0,-0.1026986372194756,1.0344049089806635,False,-12.0,-3.0,0.1026986372194756,1.0344049089806635,0.1026986372194756,0.0,53427.80700479828,244339.21161280476,-47144.448224644395,-12.0,-3.0,211.18094967409468,-307.37935383994284,-149.80364604097298,0.42505149310395673,-0.10862351460054769,-0.21497754275408298,-9.186,-9.546,0.8106830321515713,-0.5193194838701938,-0.2703706623402954,0.3489034505132077,7.704040332364399,False
720575940617029009,724834.8245743893,308387.1769059956,136083.1680236862,right,0.4259476597558308,1.4193278081198488,131302.11160542478,2.0,-9.0,0.4259476597558314,1.4193278081198497,False,2.0,-9.0,-0.4259476597558314,1.4193278081198497,-0.4259476597558314,0.0,118853.36442630398,203506.4702501549,-24067.26651208895,2.0,-9.0,-21.071361072947994,-433.8921918031497,-65.95659482971371,-0.21758427447962864,-0.4219533246998241,-0.08233204255030879,-4.287,11.667,-0.14413958827176865,-0.9689056628708992,-0.20111090360681227,0.3240826053379003,90.04827549646323,False
720575940617033309,271649.1428571429,249208.1382488479,210986.63594470045,left,0.1181435875402164,1.7010604471994748,116523.87605106334,3.0,2.0,0.1145029960793832,1.696267009349468,True,3.0,2.0,-0.1145029960793832,1.696267009349468,-0.1145029960793832,0.0,45994.59907993644,-252306.9659634217,13558.016422109566,3.0,2.0,108.12073357285435,395.7122599615658,47.577446536473936,0.21133155825970984,0.4059953946950439,0.14321795855834266,3.062,1.061,0.505686356519139,0.7789324235018541,0.3708713907110207,0.11847897428704188,49.228717074807314,False
720575940617033556,285983.6917293233,198664.28571428577,214221.1654135338,left,0.1800208048333856,2.156341274160653,114806.07336088888,11.0,8.0,0.1737689524785879,2.1375272005825336,True,11.0,8.0,-0.1737689524785879,2.1375272005825336,-0.1737689524785879,0.0,51031.166749756885,-241718.10372198734,64872.06404874381,11.0,8.0,55.29604287418495,349.0784294209974,153.0264180100932,0.05675111263088251,0.26504573720827757,0.4030359002612599,11.635,3.182,0.28918232962547863,0.6537555432959374,0.6992690968734531,0.24228587776445593,31.7636435198481,False
720575940617037969,768797.7113402062,234956.323024055,171061.3402061856,right,-0.095835084636762,1.9349107845316835,128597.25333082367,8.0,5.0,-0.0958350846367626,1.934910784531684,False,8.0,5.0,0.0958350846367626,1.934910784531684,0.0958350846367626,0.0,96695.88213587328,242163.24176361674,56945.067354729035,8.0,5.0,69.1172660564758,-384.29603383928304,106.67829751639898,0.0742684869266595,-0.38593315384423343,0.2817262787464354,7.961,3.182,0.3434160291133769,-0.7885549384268933,0.5101436464669132,0.2037671367748107,47.755274494466754,False
720575940617076258,763734.7121418825,287857.8253751705,160171.0504774898,right,0.0565156859125709,1.5388429194418898,129631.53966538265,1.0,-2.0,0.0565156859125712,1.5388429194418902,False,1.0,-2.0,-0.0565156859125712,1.5388429194418902,-0.0565156859125712,0.0,99014.77682928181,240943.99437947205,2760.775484488797,1.0,-2.0,89.7199628089177,-420.8751917266302,-13.112496765437731,0.1615012554676404,-0.4553420313008394,-0.0026682636243072887,-0.612,3.182,0.3725186396019384,-0.9083482989488494,0.1900874297418245,0.2025581060231161,61.063461074312364,False
720575940617128331,270068.5164179105,245931.2447761194,214444.0298507463,left,0.15620547490839,1.7218818633344712,116225.28157149786,3.0,3.0,0.1513059712774137,1.7163661071697422,True,3.0,3.0,-0.1513059712774137,1.7163661071697422,-0.1513059712774137,0.0,43068.99680701073,-254102.18126071824,17219.715040316514,3.0,3.0,116.72305478901153,385.93448349106825,55.097027485330926,0.24860482475514753,0.37573013165254215,0.1615220815290035,3.674,0.0,0.5132710812827541,0.7734699846356277,0.3718830192232423,0.03681742604781825,43.22982544349718,False
720575940617211724,326665.7297297297,290569.49713349715,166508.73054873053,left,-0.5420813175212972,1.451146659765044,120784.4997004555,1.0,-10.0,-0.525082824734207,1.4548312922904247,True,1.0,-10.0,0.525082824734207,1.4548312922904247,0.525082824734207,0.0,84386.8042374265,-194683.57950298148,-30276.385869725513,1.0,-10.0,-25.66600573745052,431.3890141534875,-70.92983478413224,-0.22353895077213007,0.4118809448753118,-0.11888049481525562,-5.511,11.667,-0.20110280466694144,0.9470845647017397,-0.25017691591912755,0.27898630882991365,82.60502080009559,False
720575940617213557,700994.6628242075,332124.29971181555,135728.03073967338,right,0.6142387152553808,1.2427665646567,133669.8342684842,-3.0,-13.0,0.6142387152553817,1.2427665646567003,False,-3.0,-13.0,-0.6142387152553817,1.2427665646567003,-0.6142387152553817,0.0,115027.95074314537,181480.02867808612,-49209.51214943902,-3.0,-13.0,-16.070084701672677,-408.7582672054034,-137.26243090459363,-0.2284101502513364,-0.3282654364866823,-0.27037084983086873,-9.798,10.607,-0.27574971233243323,-0.8509758563127833,-0.4469923803839451,0.2855542322304728,70.603630862267,False
720575940617223867,257796.75371383893,276599.3776387803,241641.2822517592,left,0.3475911997699922,1.4141835556318585,120397.24243306322,-5.0,4.0,0.3363677195669887,1.4180535456454624,True,-5.0,4.0,-0.3363677195669887,1.4180535456454624,-0.3363677195669887,0.0,11157.83942362159,-263899.5673241459,-9547.995584389282,-5.0,4.0,216.5097338092037,317.2968532661414,-11.26366225842792,0.4716456645084665,0.12489823063915635,0.011848622595663594,-0.612,-9.546,0.7958679432141517,0.5707273024451845,0.20214985334577593,0.4024924405647895,9.193878048711696,False
720575940617236923,771228.9037800689,337961.93814432994,216058.350515464,right,-0.2948748082390302,1.0441543978401389,126930.59903715992,-13.0,0.0,-0.2948748082390295,1.0441543978401386,False,-13.0,0.0,0.2948748082390295,1.0441543978401386,0.2948748082390295,0.0,36071.87541132605,252480.44455078372,-37177.637212605274,-13.0,0.0,239.55575213517218,-260.2002481259455,-130.36233897442708,0.4493167049377738,-6.978147288340439e-05,-0.1803901554037007,-7.961,-13.789,0.9396086930721215,-0.2735484588041551,-0.20568603401585497,0.3219118344894074,1.2681012940126468,True
720575940617246395,782957.4315789473,292869.61842105264,185268.8947368421,right,-0.1789646971399153,1.46563283655501,131002.52778059094,-3.0,2.0,-0.1789646971399147,1.46563283655501,False,-3.0,2.0,0.1789646971399147,1.46563283655501,0.1789646971399147,0.0,73794.18501246918,260648.67027924792,3185.3866620179087,-3.0,2.0,179.88342777962234,-360.77733209145185,-16.90545073659263,0.40085904806409084,-0.27506903616440287,-0.0025906149887392578,-0.612,-5.303,0.6620312012061064,-0.7303672408902153,0.16816177349211742,0.2901359419176753,25.470671006315833,False
720575940617264245,704689.1860465116,373865.7558139535,170934.53488372092,right,0.5169374142682664,0.8435431296021692,136347.47401995093,-15.0,-14.0,0.5169374142682673,0.8435431296021696,False,-15.0,-14.0,-0.5169374142682673,0.8435431296021696,-0.5169374142682673,0.0,73753.22878060694,188474.44851331724,-84465.32034461963,-15.0,-14.0,92.82594996739077,-314.6503559809314,-255.44334193312602,0.1491147538726745,-0.03660183226676674,-0.469038030675224,-17.759,-1.061,0.1897503166678324,-0.625184683485308,-0.7570593958599502,0.6037951774246103,11.195349876585878,False
720575940617282747,783914.6379044683,279659.19876733434,184220.95531587047,right,-0.1921945152406719,1.566366445966271,130373.46889130153,-1.0,3.0,-0.1921945152406713,1.566366445966271,False,-1.0,3.0,0.1921945152406713,1.566366445966271,0.1921945152406713,0.0,76929.21097918533,260622.08500682632,16096.64197737343,-1.0,3.0,166.81623054251003,-367.1132669247211,11.576102519287433,0.3700782034324978,-0.30973538150604574,0.04378478913062023,1.225,-4.243,0.6591286362407566,-0.7205216584805718,0.21540190469865045,0.18243400619635294,30.22749345803674,False
720575940617297803,262029.34221482096,235812.01332223148,231569.9916736053,left,0.3363705484424713,1.7703144923191665,117224.6969922386,2.0,7.0,0.3257046257570002,1.7633124092200632,True,2.0,7.0,-0.3257046257570002,1.7633124092200632,-0.3257046257570002,0.0,27609.598277419715,-262752.9233865436,29323.3257916068,2.0,7.0,164.09143013037064,334.99594142852135,75.25676775555593,0.37698885292991613,0.22607186063851814,0.19440990538586142,5.511,-5.303,0.6029706386746972,0.6425488896667434,0.47281849930418646,0.25999336655954425,20.187425901052176,False
720575940617313236,265693.8377281948,293880.5273833671,248608.3569979716,left,0.3494485970529675,1.2461448980799816,116694.99019062088,-8.0,3.0,0.3369769071242062,1.255242171029486,True,-8.0,3.0,-0.3369769071242062,1.255242171029486,-0.3369769071242062,0.0,1697.765871208704,-254703.8414215132,-24893.60852263738,-8.0,3.0,234.3618083821044,297.33280873573875,-48.663095897064174,0.4835757337388863,0.049405234812402235,-0.034502643441571584,-3.062,-11.667,0.8925623661648305,0.44722206434763817,0.057661492062520234,0.3845434264944622,1.9038172778343507,True
720575940617320331,717978.6317512275,373376.39279869065,183965.2373158756,right,0.3402821921491674,0.8009690609219102,133042.1894235522,-16.0,-11.0,0.3402821921491682,0.800969060921911,False,-16.0,-11.0,-0.3402821921491682,0.800969060921911,-0.3402821921491682,0.0,61206.38599329152,201777.0447525721,-80963.07555871239,-16.0,-11.0,141.6039958796959,-298.91754047022897,-248.9200144983831,0.24089357007855142,0.0005485853056823705,-0.4341431635794205,-16.534,-5.303,0.42678689391624436,-0.5346728739692173,-0.7293681272326217,0.5656372611888363,0.11984833830088726,True
720575940617355521,301025.5748721695,320399.01533966395,217347.6990504017,left,-0.129111783769971,1.0579800493670883,113152.35141635132,-10.0,-5.0,-0.1248423192714577,1.0747727053154108,True,-10.0,-5.0,0.1248423192714577,1.0747727053154108,0.1248423192714577,1.0,29022.90352514614,-217718.98769974924,-53428.64025185127,-10.0,-5.0,174.48438615986743,354.67640104209937,-138.61948662938036,0.3801911049491062,0.2288164125581812,-0.20668131149687785,-9.186,-5.303,0.6036368826784732,0.7458861930988017,-0.2815604745250872,0.35865551827422937,20.71806142696657,False
720575940617356066,288080.3034281547,314747.8249452954,231871.5098468271,left,0.0751211280983097,1.075795536095733,112611.26226650164,-10.0,-2.0,0.0713365355323062,1.0918081583770645,True,-10.0,-2.0,-0.0713365355323062,1.0918081583770645,-0.0713365355323062,0.0,15339.003308305375,-230949.95913202898,-46489.66658878435,-10.0,-2.0,207.2009073074914,328.29052979709564,-112.88979175846883,0.43822202607883726,0.15451380503639814,-0.1485584749810831,-7.348,-8.485,0.777395597488985,0.5985937473877067,-0.19323977487330737,0.3277277241011533,13.874100963683714,False
720575940617381533,288792.6091549296,198392.8732394366,207751.3732394366,left,0.1090997679133245,2.166803984952642,116248.67085397936,12.0,7.0,0.1056806357996765,2.147837110147429,True,12.0,7.0,-0.1056806357996765,2.147837110147429,-0.1056806357996765,0.0,57512.78814993144,-238979.47361178754,64314.944891207284,12.0,7.0,31.022287082703073,357.93502282400163,153.5475558859035,-0.02692592433557297,0.2713483413714388,0.40295984796181455,11.635,5.303,0.17988315117010134,0.681295541406771,0.7095621446951419,0.2920361964460086,37.405507850271555,False
720575940617426333,276424.0163154316,285006.81169272604,213682.31135282124,left,0.0524760057879611,1.39577717186926,116419.76526048048,-3.0,-1.0,0.0505440369068288,1.401172150669176,True,-3.0,-1.0,-0.0505440369068288,1.401172150669176,-0.0505440369068288,0.0,37775.25585850849,-244887.30871015775,-20923.89457543371,-3.0,-1.0,149.00053907598772,390.9112457018785,-32.67293496890988,0.3404229003718596,0.34651198273119027,-0.007063846088269137,-2.449,-2.121,0.5867613698793652,0.8049192639488683,0.08840855920838873,0.17909216138054326,39.60336357465861,False
720575940617449506,778885.1965517241,330270.8,220185.37931034484,right,-0.3660091656325896,1.109631195746671,128124.21595230076,-12.0,2.0,-0.3660091656325885,1.109631195746671,False,-12.0,2.0,0.3660091656325885,1.109631195746671,0.3660091656325885,0.0,33349.01719193706,259575.6474622832,-28399.885199931523,-12.0,2.0,247.00915363071726,-252.6087264696498,-102.84430762979251,0.4658829763107697,-1.6718613993743775e-05,-0.1335425932743466,-6.124,-14.849,0.9691025721787795,-0.20797865805990057,-0.13260875683029602,0.25312979906869454,0.8502325312753626,True
720575940617469657,317232.47957839264,180006.58761528326,190264.29512516467,left,-0.2045412220142894,2.386090418175837,119906.58325188851,17.0,6.0,-0.194093993109835,2.362950742549601,True,17.0,6.0,0.194093993109835,2.362950742549601,0.194093993109835,0.0,78194.13183841834,-212088.6958291109,81688.7102635251,17.0,6.0,-48.951747689682364,340.64760513008105,158.66102018386033,-0.20880451625877464,0.1518366057945657,0.4043735765501629,14.085,11.667,-0.4417574524165023,0.47118127264725296,0.7634386429445374,0.17423862627852452,26.416017542027717,False
720575940617482385,280339.2370370371,322317.7037037037,244163.7777777778,left,0.2013461156119987,1.0072864098394307,119400.0866539856,-12.0,-1.0,0.1926601167419352,1.023912695997354,True,-12.0,-1.0,-0.1926601167419352,1.023912695997354,-0.1926601167419352,0.0,1868.2823294059308,-238030.63469733656,-52550.25517591556,-12.0,-1.0,228.4295770362708,292.02036739730835,-122.94969741040879,0.4511085153350154,0.04605247840227781,-0.17677692504266188,-7.961,-11.667,0.8692511531070131,0.45274988151771406,-0.19854464890251824,0.40104719480486406,1.909288795046298,True
720575940617509716,708475.1042204995,330948.2170542636,138831.4900947459,right,0.5500759068133487,1.244065027138136,132387.4322171667,-3.0,-12.0,0.5500759068133495,1.2440650271381366,False,-3.0,-12.0,-0.5500759068133495,1.2440650271381366,-0.5500759068133495,0.0,112285.21867835181,188873.61589270053,-47022.29410132731,-3.0,-12.0,-1.0749482133545352,-414.84077877690396,-132.54424793985686,-0.17219890041647112,-0.3776213616740457,-0.2490053061017727,-9.186,9.546,-0.14846249953358562,-0.8955804107491262,-0.41939791858647396,0.25630198918885794,71.00767893202902,False
720575940617537209,250431.8035714285,274348.25,263293.83928571426,left,0.535732818172115,1.3939803085483002,123705.64474049624,-6.0,8.0,0.519335449800621,1.3975711937968225,True,-6.0,8.0,-0.519335449800621,1.3975711937968225,-0.519335449800621,0.0,-9999.136541394828,-271267.88491988095,-4426.125205411736,-6.0,8.0,242.49129941752327,248.71471904412024,6.9812392067072935,0.48281875316309814,-0.03120734169383215,0.026055760359436696,1.225,-14.849,0.9546643158715549,0.22497649734354447,0.194940041152469,0.3261257779578186,1.1533323066190504,True
720575940617573718,312901.8333333333,167419.82666666666,208269.9333333333,left,0.0316808859699463,2.4963679669304746,119166.69784528408,18.0,10.0,0.0313948491510488,2.47018562980112,True,18.0,10.0,-0.0313948491510488,2.47018562980112,-0.0313948491510488,3.0,62322.67677942995,-217217.28360231256,96627.8721250221,18.0,10.0,-24.220861563581053,304.50861739938546,186.84329751819988,-0.14135694232925844,0.06646640374271734,0.4569388864001423,17.146,8.485,-0.21938895180097587,0.32518117108210376,0.9198509084636165,0.20344215308152128,13.366276421319023,False
720575940617578267,730693.7355734112,300940.45872899925,137084.14901387872,right,0.3774204325357533,1.473696176554438,130826.46179255024,3.0,-8.0,0.3774204325357538,1.4736961765544383,False,3.0,-8.0,-0.3774204325357538,1.4736961765544383,-0.3774204325357538,0.0,119145.7228175435,208806.68701580676,-16154.957022883567,3.0,-8.0,-18.78437312552943,-436.90497297546534,-49.192738236105185,-0.2157319052642676,-0.43321098156387294,-0.04502557872383087,-3.062,11.667,-0.11449541737924122,-0.9846062024132347,-0.13206598944672215,0.34630995328101194,90.86856024936974,False
720575940617590587,272746.82079131115,237194.1411947246,209968.906128782,left,0.1275610490650283,1.804430121529507,116821.35597885631,5.0,3.0,0.1236882738566204,1.7963214786287502,True,5.0,3.0,-0.1236882738566204,1.7963214786287502,-0.1236882738566204,0.0,48913.70332354747,-252105.03013827707,25305.988518574057,5.0,3.0,89.77192780360885,393.2047706579299,74.05933892580089,0.17255549179196006,0.40006174102457137,0.1943807906607646,4.899,2.121,0.42455216749458685,0.7900844423852619,0.4421787319358746,0.08667905279618664,47.99900178085457,False
720575940617620509,763371.7987220448,330465.0415335463,181518.2428115016,right,-0.0185538878082894,1.1776796321706022,130486.22731322092,-8.0,-3.0,-0.0185538878082888,1.1776796321706025,False,-8.0,-3.0,0.0185538878082888,1.1776796321706025,0.0185538878082888,0.0,71213.4319092914,243864.79415627808,-35836.677083856724,-8.0,-3.0,180.03618989308893,-356.5405626498645,-110.93628641471163,0.3848819434098647,-0.2541565266790672,-0.15275984800484488,-6.736,-5.303,0.6821524886531667,-0.7061041989493176,-0.1899601075237476,0.24777418789143002,26.734899022209813,False
720575940617633088,294545.78835110745,326728.1246923708,238447.7440525021,left,0.0694090274823588,0.9422092431447582,113430.5225853519,-13.0,-3.0,0.0652724651597628,0.9621438237133236,True,-13.0,-3.0,-0.0652724651597628,0.9621438237133236,-0.0652724651597628,0.0,7074.619042818131,-223575.41221661808,-56780.09632477523,-13.0,-3.0,217.54610081273546,297.8711878068168,-149.238893198619,0.4268738593921011,0.0595958414264821,-0.22597347329086953,-9.798,-10.607,0.8267446907194527,0.5048702346095182,-0.24819198732538997,0.44583426914928725,3.2987949606697033,True
720575940617637204,753584.6710158434,189874.1547064306,188640.5591798696,right,-0.2241846751135361,2.318588107193474,127647.92598786294,14.0,12.0,-0.2241846751135386,2.318588107193474,False,14.0,12.0,0.2241846751135386,2.318588107193474,0.2241846751135386,0.0,86171.4373499995,223782.78517148178,103034.78761063615,14.0,12.0,46.132147171583426,-309.11235711528,187.00101213258648,-0.0034848963015509816,-0.13934491593165788,0.46685296200296483,15.922,2.121,0.2146213585520417,-0.5072065374541351,0.8346731101557442,0.3383231247650601,18.04164197574906,False
720575940617653877,271200.5997458704,277963.91867852607,221895.40025412964,left,0.1483879138140269,1.4367019995925074,115130.8225818717,-3.0,1.0,0.1432564084217575,1.440574769879758,True,-3.0,1.0,-0.1432564084217575,1.440574769879758,-0.1432564084217575,0.0,30681.85199493595,-250561.7734904366,-13060.986522107796,-3.0,1.0,170.03286978331636,371.0210495192657,-15.954933633474779,0.39399435504230274,0.2827166295373829,0.013263845318145041,-1.225,-4.243,0.65069388346826,0.7396200645385472,0.17192914281467814,0.2683433698586893,29.525534383405105,False
720575940617719350,279190.9259515571,254487.6429065744,197202.7128027682,left,-0.0222640737907495,1.683442962758451,118301.31548930593,4.0,-1.0,-0.021239499110213,1.6794680934315678,True,4.0,-1.0,0.021239499110213,1.6794680934315678,0.021239499110213,0.0,58908.39677059684,-244487.19526413162,6714.536731772108,4.0,-1.0,57.74407043461227,423.05498791126195,32.30598461178413,0.06746791935149056,0.467038281989085,0.09213773180474151,1.837,5.303,0.2685656752892288,0.9269732002848265,0.2619029667837832,0.15297391130163268,67.26488297639769,False
720575940617780283,320212.717325228,183452.887537994,186312.0972644377,left,-0.2679095584711515,2.361884949266214,119360.58500694468,17.0,5.0,-0.2549152291084061,2.339523940928775,True,17.0,5.0,0.2549152291084061,2.339523940928775,0.2549152291084061,4.0,81606.99007272467,-208888.4723035257,77882.18479085434,17.0,5.0,-59.51811470348658,344.1735891723573,149.436109556029,-0.2370014812907332,0.15578191708223202,0.38678016110476476,13.472,12.728,-0.5028647587022164,0.471636837494504,0.7243519365429657,0.16864288995661064,27.91739653054484,False
720575940617783355,292742.9535135135,175708.86918918916,229383.35135135136,left,0.3642592605118135,2.357211190873159,116020.6314921829,13.0,13.0,0.3490390188178262,2.334487041486156,True,13.0,13.0,-0.3490390188178262,2.334487041486156,-0.3490390188178262,1.0,39803.55634648029,-236570.61969391064,90366.66784903409,13.0,13.0,65.51113902988006,290.35932184690597,189.09746910512894,0.07060833272134101,0.08487370734057852,0.4739766429523041,15.922,0.0,0.34227393256391964,0.41556159565134154,0.8427082029427151,0.33965579730799356,12.553017158103964,False
720575940617803403,300174.99397590366,317204.9036144579,214444.06626506025,left,-0.1378056179209575,1.0961027743633505,113160.0408931668,-9.0,-5.0,-0.1332110127965535,1.1117070697449365,True,-9.0,-5.0,0.1332110127965535,1.1117070697449365,0.1332110127965535,0.0,32377.90742902217,-218821.90100643403,-50804.81633069812,-9.0,-5.0,165.16093368730964,365.7633608024768,-129.11222010988934,0.36611351804833453,0.25862822839847266,-0.19422294836773987,-8.573,-4.243,0.5999491148895572,0.7426976675160271,-0.29742433358669573,0.2799597482295228,24.82326708671105,False
720575940617817693,781789.0598563448,208515.99680766164,211673.13647246605,right,-0.4940982894523494,2.08577614317418,130327.91288331011,7.0,14.0,-0.4940982894523504,2.08577614317418,False,7.0,14.0,0.4940982894523504,2.08577614317418,0.4940982894523504,0.0,61004.01974601853,253436.10849349273,90354.60817026664,7.0,14.0,147.00348861997682,-272.3479804373261,148.0336069387369,0.29437479798054694,-0.05237319529931871,0.3785918888224558,12.86,-7.425,0.5994992162067803,-0.4012382977155854,0.6925377377542363,0.30827079107667155,3.3114713641745235,True
720575940617839832,747293.9571209801,216773.5436447167,155092.0980091883,right,0.1064292402599259,2.1068840213649658,130470.07391605644,13.0,4.0,0.1064292402599251,2.106884021364967,False,13.0,4.0,-0.1064292402599251,2.106884021364967,-0.1064292402599251,0.0,114938.89302420731,219272.48090472174,70774.28384930812,13.0,4.0,-16.083770221378728,-382.99372300793505,128.54872593508597,-0.18282800895336315,-0.29185974549810756,0.34397001385995174,10.41,9.546,-0.11144392560846841,-0.7819782978491888,0.6132619286551707,0.33589248681916745,45.91150107949162,False
720575940617882342,800885.0083234243,243672.92271105823,228014.93460166472,right,-0.5977148636678197,1.771679856332932,133303.89130376818,0.0,13.0,-0.5977148636678197,1.771679856332931,False,0.0,13.0,0.5977148636678197,1.771679856332931,0.5977148636678197,48.0,39672.9905709523,275179.9695638815,59696.644229165526,0.0,13.0,213.8901361576201,-238.28367528149826,86.02896633969402,0.44131360103455697,0.03407669835585091,0.1962111089777545,7.961,-13.789,0.839013546714073,-0.24232791236642626,0.4871688119311434,0.33281983177543134,1.1601801396078808,True
720575940617916811,304273.3434247871,214157.13528855253,181678.0700094608,left,-0.2155751805574666,2.069386150574487,117460.27808291254,12.0,0.0,-0.2068999217968952,2.0538632821912706,True,12.0,0.0,0.2068999217968952,2.0538632821912706,0.2068999217968952,0.0,81051.25700648932,-222550.13459760867,45767.72040193563,12.0,0.0,-45.43110938263046,401.71615616339886,98.56097007474033,-0.2459151514321538,0.3306287697323842,0.24468020693197357,7.348,12.728,-0.29961407951258073,0.7842610679530568,0.5432918006476445,0.23627804466465058,54.64897362944382,False
720575940617919115,261479.6254681649,292045.7827715356,258272.3595505618,left,0.4442338469427733,1.246436468389207,118441.15582476168,-8.0,5.0,0.4289279279025804,1.254847878119015,True,-8.0,5.0,-0.4289279279025804,1.254847878119015,-0.4289279279025804,0.0,-7631.021931621839,-258978.2258161795,-21856.80522375642,-8.0,5.0,243.06274731948753,271.8170791640955,-33.32434137901173,0.48590778658352085,-0.00585462764578903,-0.02375466869760854,-1.837,-13.789,0.9534494829330842,0.28803969777326743,0.08925926283204023,0.33497372894358934,0.5174589932588571,True
720575940617927291,294059.7517985612,196315.02158273384,201565.2158273381,left,0.0306363148347179,2.1982953711375224,117095.4610025274,13.0,6.0,0.0303301353713905,2.178600426626925,True,13.0,6.0,-0.0303301353713905,2.178600426626925,-0.0303301353713905,0.0,64043.87808422142,-233920.7253080962,65758.11242583454,13.0,6.0,5.8223513713613615,365.0715260399107,151.34961434805606,-0.09902569585765474,0.26946549749401055,0.3907366623518253,11.635,7.425,0.07328930013230922,0.6946944034587013,0.7155615726751093,0.32465568933720573,38.92752858794459,False
720575940617942201,302493.4288480155,178139.83349467572,213949.15779283643,left,0.1385096262753533,2.38407427696267,114851.32269200106,15.0,10.0,0.1330952866222169,2.359445016803631,True,15.0,10.0,-0.1330952866222169,2.359445016803631,-0.1330952866222169,0.0,54835.99285428529,-226769.1557643056,86225.06852263268,15.0,10.0,14.912354094478415,319.03732079103344,184.81661268326675,-0.084538940912494,0.14495387942768448,0.45717036746680867,15.309,5.303,0.05557263767037011,0.4707381536602153,0.8805210233895211,0.29409151159241426,22.310773814604573,False
720575940617972549,270684.4407345576,206679.51252086813,230293.98998330548,left,0.3631050513678708,2.0294958207205336,117053.0592103308,7.0,10.0,0.3509020005957217,2.0150358622683977,True,7.0,10.0,-0.3509020005957217,2.0150358622683977,-0.3509020005957217,0.0,33620.23365419131,-256278.5029300048,58429.95142497223,7.0,10.0,122.82007652336623,319.9960318178568,134.7842717698291,0.24894580714352452,0.19048745416067356,0.3648285687941793,10.41,-3.182,0.5559145823524985,0.5551113959497145,0.6187166679624904,0.21562386646575005,15.172226795474604,False
720575940617980957,298218.7233201581,189036.5770750988,202631.93675889328,left,0.0291250441167081,2.2703543297671365,117355.7785141571,14.0,7.0,0.0289128307092802,2.2488455280857105,True,14.0,7.0,-0.0289128307092802,2.2488455280857105,-0.0289128307092802,0.0,64213.903235780046,-230302.9391102743,73393.12431768392,14.0,7.0,2.5064263181375255,352.89403626020464,162.68398983322567,-0.11390561889073096,0.23000129805710773,0.4144617676398237,12.86,7.425,0.030347970095679938,0.6359753219006119,0.7711124370962285,0.3221758346770432,33.495542037488114,False
720575940617982021,285702.0884289746,185546.7582314205,230130.38570084667,left,0.3687225216040459,2.2527017661528053,114855.50144742528,11.0,12.0,0.3544137621452315,2.23218011285857,True,11.0,12.0,-0.3544137621452315,2.23218011285857,-0.3544137621452315,0.0,37386.829174757935,-242861.6979498731,80292.06282352192,11.0,12.0,85.8775202558532,303.2954370253611,172.3145098357345,0.1442341275481921,0.1269392576431983,0.4431138153741816,14.085,-1.061,0.4215347603286151,0.4842777899983568,0.7666703776389203,0.2958374608839008,11.95744605133176,False
720575940617995860,261684.10977701537,267626.21269296744,234962.46998284737,left,0.3021649283784918,1.498275614396705,116912.02798432834,-3.0,4.0,0.2922824978225845,1.4997502698343572,True,-3.0,4.0,-0.2922824978225845,1.4997502698343572,-0.2922824978225845,0.0,19237.493586507295,-260728.58939440415,-1491.9514430441777,-3.0,4.0,196.69873160944726,336.898615553459,7.514290191926899,0.440681127223086,0.19459682583914467,0.044195078514279056,0.612,-7.425,0.7807942795742255,0.601439381321017,0.16920686623289932,0.25100658103362267,17.507550682847047,False
720575940618013745,749266.1992238034,265450.3182406209,142449.59896507114,right,0.2076821961641837,1.7323355270930194,131691.06525659532,7.0,-3.0,0.2076821961641838,1.7323355270930207,False,7.0,-3.0,-0.2076821961641838,1.7323355270930207,-0.2076821961641838,0.0,119781.78104486653,224746.06257654834,20977.323647360892,7.0,-3.0,-11.368802988708797,-432.7482858598931,30.515736549131226,-0.1659509710789721,-0.4480960288760081,0.09887450162451335,2.449,10.607,-0.012161809366158583,-0.9712901870584861,0.23758674819280734,0.3355891375739418,79.76118143369746,False
720575940618045414,306095.04011065,322190.4204702628,212773.33333333337,left,-0.2004079105624048,1.0531581120274036,113502.67591420942,-10.0,-6.0,-0.1933291841965617,1.0699900479432245,True,-10.0,-6.0,0.1933291841965617,1.0699900479432245,0.1933291841965617,0.0,33348.949563941555,-212561.4130533614,-55554.241648338284,-10.0,-6.0,160.30258692221926,360.4636381126006,-146.48110893332105,0.34744161863047296,0.2428687855958623,-0.24802823274816305,-9.798,-4.243,0.5540408857587137,0.7683567789215401,-0.3204162249216101,0.3661786082102031,20.188973953488563,False
720575940618046587,274977.81049761415,285445.5787321063,221442.12678936607,left,0.1147983804228201,1.3719490753015466,114152.13307471423,-4.0,0.0,0.110603679796941,1.3780894760243227,True,-4.0,0.0,-0.110603679796941,1.3780894760243227,-0.110603679796941,0.0,30018.3414129254,-246246.13919073433,-20229.184995439777,-4.0,0.0,171.96937735763598,373.7265045264212,-33.41300158650312,0.40092222276649275,0.27849657808043976,-0.011822087369900439,-2.449,-4.243,0.6280993523744582,0.7709381492198029,0.10557259883289442,0.3083290562954301,29.152992108770935,False
720575940618052097,331112.7810026385,352171.2612137203,227081.1609498681,left,-0.3835793035943942,0.7233237088662793,118319.3110262067,-18.0,-10.0,-0.3665867273820139,0.7473804392593812,True,-18.0,-10.0,0.3665867273820139,0.7473804392593812,0.3665867273820139,0.0,14949.874804558072,-185307.1317094733,-81012.64494773079,-18.0,-10.0,167.65919991516898,277.0122177658075,-248.7939085424958,0.26400176822241905,-0.027925082220905242,-0.41514047329234754,-17.146,-8.485,0.6089269230130683,0.4145965734193293,-0.6762526774355777,0.5105768842942399,2.2273429543138588,True
720575940618075707,268546.0614469772,298984.7294350843,253165.8275520317,left,0.3703472326485339,1.1863923219971937,115377.77683635445,-9.0,3.0,0.3566205815159233,1.1972526756182025,True,-9.0,3.0,-0.3566205815159233,1.1972526756182025,-0.3566205815159233,0.0,-3554.910869050698,-251453.03079293438,-28992.414921739473,-9.0,3.0,240.32467436751193,284.605319106798,-58.59659840116358,0.4820516696194047,0.027774342241185385,-0.055597549820500476,-3.674,-12.728,0.9317303406405025,0.3630901492033063,0.006641978730312914,0.33603166532923184,1.5011817538540135,True
720575940618111296,284772.23492063495,216165.59047619047,196561.14285714284,left,0.0076831147526699,2.009660166859828,119239.57001848637,10.0,3.0,0.0081195515735319,1.9955755352540208,True,10.0,3.0,-0.0081195515735319,1.9955755352540208,-0.0081195515735319,0.0,65685.75915380951,-241751.68430778425,44750.39695886373,10.0,3.0,18.292216374876297,395.7557944067531,112.50099731790382,-0.06129337405074648,0.3836142947014487,0.29363300896378214,7.961,7.425,0.14421438667355527,0.8310551937108808,0.5371680143889254,0.2822725805210834,55.36780058596061,False
720575940618129979,254893.3801652892,239060.5041322314,245846.652892562,left,0.4601120013474323,1.7104364945754966,119783.4432950102,0.0,9.0,0.4460025404072549,1.705379226907349,True,0.0,9.0,-0.4460025404072549,1.705379226907349,-0.4460025404072549,0.0,12872.01796717901,-269535.8046583555,27876.27681953183,0.0,9.0,199.85728876395768,294.8940642036538,71.57844678063617,0.4383299626190225,0.0962381916814606,0.1767892011918889,5.511,-9.546,0.7743973268651692,0.46570934173816114,0.4282798024211381,0.3056912928361273,3.2346860811436473,True
720575940618148766,757971.749640288,288442.3165467626,154137.7553956835,right,0.120778321096808,1.5431827105996017,129994.43955823788,2.0,-3.0,0.1207783210968083,1.5431827105996023,False,2.0,-3.0,-0.1207783210968083,1.5431827105996023,-0.1207783210968083,0.0,104774.69744813473,235200.26835246285,814.7687887726224,2.0,-3.0,61.87156297622592,-429.1191487215255,-13.134766389733288,0.08767746005607181,-0.4756490673555873,-0.0021738163149496986,-0.612,5.303,0.24630110971873576,-0.9596262649355266,0.13584253751019934,0.1566494755848996,70.09114964582464,False
720575940618156702,772930.1358609796,253284.77725118483,169559.3996840442,right,-0.0834517253286269,1.789343957229679,129469.82239425516,5.0,3.0,-0.0834517253286272,1.7893439572296792,False,5.0,3.0,0.0834517253286272,1.7893439572296792,0.0834517253286272,0.0,95363.91436530805,247626.16904982965,38954.86781632317,5.0,3.0,90.06106387661652,-396.62174719312605,65.65899716200825,0.16211847800038473,-0.4184539234581905,0.17138593091213322,4.899,2.121,0.38595127377474775,-0.8260480671659834,0.4107142619912203,0.08539644441986578,53.2139506013427,False
720575940618172500,308544.1961852861,168175.1117166213,214628.99182561308,left,0.1345717956977769,2.48154837036009,117674.98481841464,17.0,11.0,0.1289736189904108,2.455458706942583,True,17.0,11.0,-0.1289736189904108,2.455458706942583,-0.1289736189904108,12.0,55845.94430977666,-221465.42504599944,96579.78137819661,17.0,11.0,-3.3840095310594944,301.02716900084886,192.75748246617434,-0.10571415459859348,0.08549527144782372,0.46374993550928356,17.146,6.364,-0.1042388367022479,0.3468132916513395,0.932123814553048,0.2070940723699223,15.38681270327821,False
720575940618194491,255460.12084592148,262427.61732124875,255643.66565961728,left,0.4921964989251269,1.4997235081260831,117690.97007767022,-4.0,8.0,0.4766163203343447,1.500640232036937,True,-4.0,8.0,-0.4766163203343447,1.500640232036937,-0.4766163203343447,0.0,-474.95231345571176,-267182.8437611813,6460.240951764463,-4.0,8.0,230.18519965973744,271.8963781252163,27.865728995206968,0.47895946290497027,0.013615126665588033,0.0847027266369679,2.449,-12.728,0.8929232629568602,0.3709636039933475,0.2550961602665567,0.366125386985166,1.2519849312501543,True
720575940618257620,319186.4250764525,323599.2752293578,198769.29663608564,left,-0.3878365994435261,1.08316377709747,115660.29924996344,-9.0,-9.0,-0.3739289433857308,1.0982937470759626,True,-9.0,-9.0,0.3739289433857308,1.0982937470759626,0.3739289433857308,0.0,47191.237301600515,-199494.18283568663,-58222.731951687514,-9.0,-9.0,109.88174124499068,384.96791480847025,-160.294678014825,0.22131011896864752,0.32042084857919556,-0.28883035662127565,-11.023,0.0,0.36753512323460036,0.8434429166822458,-0.3918188095120928,0.2887762497080616,31.2438170246612,False
720575940618302262,304939.28059701493,241679.56119402984,175766.38805970154,left,-0.2914815796424689,1.838701801627028,116546.45661431843,9.0,-4.0,-0.2811314665565523,1.8302153773243184,True,9.0,-4.0,0.2811314665565523,1.8302153773243184,0.2811314665565523,0.0,82560.45785990439,-219895.13116247716,17775.78132908031,9.0,-4.0,-51.04409852208972,424.58011302832807,45.948620842675055,-0.274503763915858,0.3794607899365917,0.11184450095796528,3.062,13.789,-0.27386414284539373,0.9227329063121331,0.27122392016988867,0.3292067142858776,68.2815125336956,False
720575940618311892,795677.9331210192,242112.14331210192,214595.85987261147,right,-0.4923928436486461,1.806224930391952,131345.87149832174,1.0,11.0,-0.4923928436486464,1.806224930391951,False,1.0,11.0,0.4923928436486464,1.806224930391951,0.4923928436486464,0.0,53073.426893194155,269783.80500389484,58731.78906142882,1.0,11.0,199.63471638139308,-277.9585180916399,86.60634010033412,0.42973702476767,-0.06776793195589954,0.2128781595275871,7.348,-10.607,0.7971952247569648,-0.36375319889063373,0.48183335700377117,0.24557546760915733,2.3731657069549144,True
720575940618338260,745116.4301717699,302384.05377147126,148206.36295743092,right,0.2392987254568286,1.4455943853869084,129555.26499619872,1.0,-6.0,0.2392987254568291,1.445594385386909,False,1.0,-6.0,-0.2392987254568291,1.445594385386909,-0.2392987254568291,0.0,108198.98835537382,223369.42276830095,-14777.473393907934,1.0,-6.0,35.360052166506605,-436.56618750820775,-50.197247779368,-0.023581242680853372,-0.47987493490113614,-0.03471192988467862,-3.062,7.425,0.11252863860435948,-0.9909828723401184,-0.07273412007014389,0.1617440618022135,81.12835143435984,False
720575940618350804,707728.5887640449,284090.8764044944,126705.48314606745,right,0.5629691300410796,1.616070479135797,128324.87216061106,8.0,-9.0,0.5629691300410803,1.6160704791357978,False,8.0,-9.0,-0.5629691300410803,1.6160704791357978,-0.5629691300410803,2.0,131632.25337869205,184593.64502054974,-2856.902670343632,8.0,-9.0,-94.43240925712287,-411.3778788169898,-18.90907108341883,-0.43912572166359676,-0.2077500678479288,-0.02974088929588797,-0.612,18.031,-0.6367927955380623,-0.7706980754247498,-0.022790614019952027,0.4396107041301742,52.76047420233549,False
720575940618358838,749418.9431438128,233778.7056856188,147037.55852842814,right,0.1553266621526667,1.970096512389148,132310.52970374233,11.0,1.0,0.1553266621526664,1.9700965123891483,False,11.0,1.0,-0.1553266621526664,1.9700965123891483,-0.1553266621526664,0.0,120248.6306798228,222592.78200211984,52903.9454492427,11.0,1.0,-21.816661345665352,-407.359024662474,92.65605836538393,-0.19252955533571922,-0.37177491219243186,0.24442505814558874,7.348,10.607,-0.08263826401852935,-0.8697209466143896,0.48657619376637634,0.33289075698321247,60.82807915366335,False
720575940618364325,727025.9325432999,241523.1321786692,132647.98541476752,right,0.3789406995264702,1.9335950171381044,131074.73189645598,12.0,-3.0,0.3789406995264702,1.933595017138105,False,12.0,-3.0,-0.3789406995264702,1.933595017138105,-0.3789406995264702,1.0,132827.7208177326,200737.73263177494,41388.4694201565,12.0,-3.0,-80.51779597206468,-403.0946163435259,59.950104865341245,-0.3615054718016431,-0.28740312537094204,0.13569361776334518,5.511,15.91,-0.5441483138514875,-0.7507581456013199,0.3745194512249671,0.2747117084209641,63.37318616316143,False
720575940618389054,753638.4675834969,183475.6267190569,194119.88212180743,right,-0.2883308663510935,2.363666884184189,129239.2149098614,14.0,13.0,-0.2883308663510957,2.3636668841841897,False,14.0,13.0,0.2883308663510957,2.3636668841841897,0.2883308663510957,0.0,81771.44899871222,223400.58632711085,110208.42413124688,14.0,13.0,53.280733593930755,-297.6570483156635,191.6141687832938,0.022490084393683652,-0.11156731605178001,0.47365300396431853,16.534,1.061,0.2509869899242893,-0.46446036041185557,0.8492832887175126,0.3370306014242571,13.531080159945066,False
720575940618392157,727375.4596375618,352952.8039538715,171212.9489291598,right,0.3038269477404442,0.9938721221559856,128615.9352861826,-11.0,-9.0,0.3038269477404451,0.9938721221559864,False,-11.0,-9.0,-0.3038269477404451,0.9938721221559864,-0.3038269477404451,0.0,77188.11710186224,209557.9476140628,-62199.11978816744,-11.0,-9.0,131.9056909252605,-356.31839186367955,-191.89377332257678,0.25388061025032377,-0.20893957291930787,-0.36455760055564823,-12.247,-2.121,0.4234033960906859,-0.7580063932174476,-0.496140979984873,0.4275314205405523,19.38519181930685,False
720575940618405917,737945.8853503185,177385.26539278132,177507.94055201695,right,-0.0473024033011306,2.441326256238169,132280.78506682182,18.0,11.0,-0.0473024033011332,2.441326256238169,False,18.0,11.0,0.0473024033011332,2.441326256238169,0.0473024033011332,1.0,98847.92917026194,207192.63588608132,112445.0305784329,18.0,11.0,-16.762174135908673,-305.11435873319283,190.11933940156575,-0.1539024777344477,-0.06576112958656616,0.4531817681737935,17.759,7.425,-0.20229626112484853,-0.39120883802137324,0.8977927755272228,0.2841713717268378,15.843228685023988,False
720575940618416517,315176.069128044,276228.7321288295,168236.41791044775,left,-0.4373221904269892,1.563279424589667,120145.47621705032,4.0,-8.0,-0.4233458832620355,1.563709613015907,True,4.0,-8.0,0.4233458832620355,1.563709613015907,0.4233458832620355,0.0,84733.41471213727,-207187.96993194448,-16705.28324467162,4.0,-8.0,-35.38940765990626,436.28891480172257,-27.60583829681601,-0.2315797596738639,0.42614962186902416,-0.025558666532471783,-2.449,12.728,-0.17915527532419262,0.9802146486806921,-0.08415836164814752,0.3178177323237271,83.98702976408977,False
720575940618420278,788155.9080761655,292708.2652659225,192122.44254760345,right,-0.2434314339667601,1.4582042349481348,132371.00768575273,-4.0,3.0,-0.2434314339667597,1.4582042349481346,False,-4.0,3.0,0.2434314339667597,1.4582042349481346,0.2434314339667597,0.0,67147.43189002934,265866.0621525516,4804.276805576794,-4.0,3.0,199.35779792465695,-339.71582405828235,-16.874287629247238,0.4341540197987597,-0.21859261495063,-0.005678392403262103,-0.612,-7.425,0.7464010390933005,-0.6311959247974759,0.21089616724706206,0.32392870641254135,18.132004140247968,False
720575940618422254,250264.22095238097,235930.361904762,248609.06666666665,left,0.4945802054404697,1.724961205887561,124078.3028579829,0.0,10.0,0.4800230411817366,1.7197033287443086,True,0.0,10.0,-0.4800230411817366,1.7197033287443086,-0.4800230411817366,0.0,10554.04424907612,-274364.9335345772,31064.434184065227,0.0,10.0,204.26089006904124,280.9136777463205,77.93373392467085,0.44255710410798793,0.06273280033291663,0.18676581979386925,6.124,-10.607,0.7782753615818645,0.4413166804931956,0.4466845073125829,0.3470976520888156,0.9333319179177214,True
720575940618461723,267940.45836109266,278835.7068620919,229555.416389074,left,0.2179603895511388,1.4133359294114736,115212.83808702954,-4.0,2.0,0.2104428612699551,1.4177944976508918,True,-4.0,2.0,-0.2104428612699551,1.4177944976508918,-0.2104428612699551,0.0,22922.228897996625,-253698.28151665445,-12938.714414617076,-4.0,2.0,189.5767248115182,351.8494167311606,-17.683153398501226,0.42866849422413494,0.23443928992890467,0.010953921853937305,-1.225,-6.364,0.72690340387998,0.6599549984743904,0.18992325138425267,0.2893119321246464,22.64707677737198,False
720575940618489758,270270.34231103386,227636.9939183319,220643.6142484796,left,0.238601657280793,1.868200814340188,115273.46371985236,5.0,6.0,0.2308741491140035,1.857982765902314,True,5.0,6.0,-0.2308741491140035,1.857982765902314,-0.2308741491140035,0.0,39836.24548695818,-255209.33037562345,36232.30914484298,5.0,6.0,119.21751609894513,361.641391800492,94.61253918208085,0.2534319469070858,0.31602018152798583,0.25028710849250735,6.736,-1.061,0.5064638021323817,0.7067825735181784,0.4939157933298271,0.05940570481617801,32.96867148022192,False
720575940618490782,792154.3444283648,298128.8914616498,203529.31982633864,right,-0.3267647572939711,1.4018191148637609,132764.76669661887,-6.0,4.0,-0.3267647572939705,1.4018191148637609,False,-6.0,4.0,0.3267647572939705,1.4018191148637609,0.3267647572939705,0.0,55103.11255100848,270328.3329464131,1562.357329331675,-6.0,4.0,225.52250406505365,-308.2219317024047,-27.37894150889747,0.47205728215914466,-0.11805586607932556,-0.012450670297338241,-1.225,-10.607,0.8590328002551175,-0.4796183759617078,0.17896609043532619,0.33368585874648,5.784839247532709,False
720575940618491038,784258.5867507888,313749.1514195584,201715.61514195584,right,-0.2681273139274507,1.2818430564079173,131021.74414418488,-8.0,2.0,-0.2681273139274502,1.2818430564079168,False,-8.0,2.0,0.2681273139274502,1.2818430564079168,0.2681273139274502,0.0,54287.38199375224,263594.31413724844,-14673.79398412833,-8.0,2.0,228.0221855692218,-309.307549673645,-65.63712295131023,0.46561324548432914,-0.1265237091323248,-0.05919695105124344,-3.674,-10.607,0.8652492155280014,-0.5012852454975975,-0.007543054725497781,0.2832671113490022,8.621953040119838,False
720575940618492283,291419.45416375087,263504.9881035689,186692.98810356896,left,-0.1706065054110616,1.6310277047387034,117103.16191995524,4.0,-4.0,-0.1647509147478132,1.6289426584394453,True,4.0,-4.0,0.1647509147478132,1.6289426584394453,0.1647509147478132,0.0,68085.30546421239,-231696.33932668218,-2954.0764628693105,4.0,-4.0,18.14729627810344,436.35357725815004,5.766349365009811,-0.04779538281548838,0.47680807447485646,0.04753841095484919,0.0,8.485,0.10940465474779448,0.9830289175983414,0.14725749109960173,0.2147598547988347,80.32569548043246,False
720575940618504395,270158.7386900743,266157.0803511141,220803.9702903444,left,0.1662672810989425,1.5387041318548669,114251.4148208698,-1.0,2.0,0.1607031476949592,1.5391540214649972,True,-1.0,2.0,-0.1607031476949592,1.5391540214649972,-0.1607031476949592,0.0,33602.17516368919,-252478.7105691252,-1682.2699889715104,-1.0,2.0,156.41152833798057,375.06099115459205,10.857842271700262,0.3668816164089771,0.3124805798470483,0.03729940484436629,0.612,-3.182,0.5726539009842483,0.7794618015345208,0.2539819080881198,0.29029724571521837,34.0515577413807,False
720575940618519163,337742.25294579734,288021.38884524745,158787.2741555381,left,-0.6468643112272946,1.4887619786998116,123262.09734071358,2.0,-11.0,-0.6273441953230678,1.4912873188914506,True,2.0,-11.0,0.6273441953230678,1.4912873188914506,0.6273441953230678,0.0,92613.45617284301,-183876.17823266887,-28196.629404978474,2.0,-11.0,-52.989140234073076,422.6786274952337,-68.90097143859413,-0.29696223545716227,0.36239324345161866,-0.11323499212926748,-5.511,13.789,-0.42569813080324065,0.8532957756159355,-0.3011103132518482,0.22614453059304426,72.1916281230637,False
720575940618530206,331644.1212121212,299354.6424242424,168299.22077922078,left,-0.5821926163921906,1.376011751330178,120771.67445292888,-1.0,-11.0,-0.5638974451363624,1.3817224953284264,True,-1.0,-11.0,0.5638974451363624,1.3817224953284264,0.5638974451363624,0.0,81324.27334479467,-189059.1692511041,-38286.12548142233,-1.0,-11.0,-16.23069956216469,425.82619202367,-95.57702194214362,-0.19913945489715623,0.40873768919292724,-0.17217889873744838,-7.348,10.607,-0.2056047822673246,0.9225605625149077,-0.32650984977636294,0.22198941069447245,77.40119738935657,False
720575940618559681,307429.1980861244,217686.6602870813,177934.35406698566,left,-0.2663560912735337,2.044449214217363,117581.838521405,12.0,-1.0,-0.2560040078258153,2.0298606589885195,True,12.0,-1.0,0.2560040078258153,2.0298606589885195,0.2560040078258153,0.0,84248.34505104113,-219167.26689673093,41924.90781602826,12.0,-1.0,-58.62356228860922,402.899085580449,90.11357064854357,-0.28318005677710467,0.32038972246816266,0.2219926741860964,6.736,13.789,-0.3812875109603453,0.7740666102084468,0.5054114333353263,0.23830838336810722,54.16319954790781,False
720575940618616916,311708.37209302327,334371.2292358804,228470.3322259136,left,-0.1540531403673221,0.8742249552204285,111814.07411807695,-14.0,-6.0,-0.1484465958752431,0.8966337947631874,True,-14.0,-6.0,0.1484465958752431,0.8966337947631874,0.1484465958752431,0.0,16032.317345251984,-205961.89320883772,-64656.876365107135,-14.0,-6.0,193.98255597402422,310.4169265121816,-184.607865224153,0.37858961646267575,0.07106205396450492,-0.3089061680947263,-12.247,-8.485,0.7029302096942511,0.5776236709822484,-0.41501808999149375,0.49126107255257606,2.516992899191493,True
720575940618641531,275478.98174442194,189579.22515212983,237532.61663286,left,0.4587670365192009,2.169891055752101,118298.7627853632,9.0,13.0,0.4424417182735267,2.152488913361501,True,9.0,13.0,-0.4424417182735267,2.152488913361501,-0.4424417182735267,0.0,29256.81688322272,-252710.65356055458,76761.24195019402,9.0,13.0,117.65291557679159,287.15558059822223,163.2263458103998,0.21814311246913026,0.08901009243482044,0.42230106220413743,13.472,-4.243,0.52803376294193,0.45163835260548735,0.7191683694721196,0.31958047238096204,6.128924058853826,False
720575940618670875,278354.3924221922,296388.5250338295,222566.549391069,left,0.0872915694636723,1.2751329491853522,114782.51224580492,-6.0,-1.0,0.0838165558288989,1.2845056437241142,True,-6.0,-1.0,-0.0838165558288989,1.2845056437241142,-0.0838165558288989,0.0,27244.08945326923,-242064.38506004668,-30584.38484372013,-6.0,-1.0,182.0228332134713,365.4856208342971,-62.8797544325859,0.41209407375599755,0.24573235792569365,-0.06654995295911605,-4.287,-5.303,0.6647131424402546,0.7454034130794551,-0.050300994390778876,0.31577047986334,26.34973700262152,False
720575940618697506,728641.652384802,356268.02263540827,175255.45675020214,right,0.2770603609305767,0.9586678117614756,129070.1419057156,-12.0,-9.0,0.2770603609305776,0.958667811761476,False,-12.0,-9.0,-0.2770603609305776,0.958667811761476,-0.2770603609305776,0.0,72697.13242659972,211091.75546458986,-64731.76239757397,-12.0,-9.0,140.92601894894145,-344.79477739392877,-200.96902332401905,0.2707402569614641,-0.18386965973384217,-0.3686707652578797,-12.86,-3.182,0.4683272938074241,-0.7221760043105572,-0.5090494717343815,0.4341001625951008,15.865893309155188,False
720575940618710813,761886.4404332131,177468.16606498195,205677.5451263538,right,-0.445964450025212,2.364915260606465,134329.52944752545,13.0,16.0,-0.4459644500252144,2.3649152606064647,False,13.0,16.0,0.4459644500252144,2.3649152606064647,0.4459644500252144,12.0,71457.42686088127,231258.897644835,118549.05386410489,13.0,16.0,83.38000082344549,-260.7819521570397,195.08085947425522,0.11177985767663612,-0.012580097176002834,0.4700049897124292,17.759,-3.182,0.3729510679292071,-0.31150269446425344,0.8739986111384697,0.3351379640839485,2.1084985787602277,True
720575940618728606,748238.1884944922,359687.6328029375,205892.82741738064,right,-0.0636626134293323,0.8622917151922459,127931.77060974596,-16.0,-5.0,-0.0636626134293312,0.8622917151922463,False,-16.0,-5.0,0.0636626134293312,0.8622917151922463,0.0636626134293312,0.0,42265.0793656459,231088.23890359263,-61833.96337705335,-16.0,-5.0,211.45581659965836,-264.8933154406335,-200.0060024186528,0.3723789670938315,0.02189111639658027,-0.3190190570368799,-12.86,-11.667,0.7880230612867776,-0.3447671244430414,-0.5100541978883147,0.4178093792214721,1.9000344886837406,True
720575940618739136,740908.4118926757,312805.5721537346,150218.4191443075,right,0.2664575602903222,1.3615119986489406,128957.2941786543,-1.0,-7.0,0.2664575602903228,1.361511998648941,False,-1.0,-7.0,-0.2664575602903228,1.361511998648941,-0.2664575602903228,0.0,104492.73328800248,219954.77975736663,-25022.848926881547,-1.0,-7.0,49.416219893550476,-430.94688654151787,-76.81317904826768,0.004004094461523869,-0.47057894898886987,-0.10484772468493339,-4.899,6.364,0.1447247620617489,-0.9736150199934201,-0.17643280899362912,0.14259856149414785,72.8741500341355,False
720575940618769969,276058.4352159468,209535.5149501661,221475.8139534884,left,0.262083592200607,2.032200516793216,114912.46434025317,8.0,8.0,0.2531777184287832,2.0170813006609487,True,8.0,8.0,-0.2531777184287832,2.0170813006609487,-0.2531777184287832,0.0,41973.965762691834,-250766.63782974682,54604.86344808015,8.0,8.0,96.11511992902541,346.552855871842,131.93678345311372,0.1959765144490064,0.2524258976602837,0.35571449234273844,9.798,0.0,0.4766791721697957,0.6283682831640325,0.614760333408886,0.17697574180798814,24.91408012223704,False
720575940618786205,754478.7516556291,204778.82450331128,172674.20529801323,right,-0.0719210706340337,2.194856376504829,128594.00769715224,13.0,8.0,-0.0719210706340351,2.194856376504829,False,13.0,8.0,0.0719210706340351,2.194856376504829,0.0719210706340351,0.0,99601.5244715071,225668.6016951859,85889.83283750254,13.0,8.0,26.20757171664103,-353.5253829714633,159.03892211243107,-0.0611525219512277,-0.2719985799989068,0.3991658322195775,12.86,5.303,0.15206505447918814,-0.6601561246608243,0.7355746802868108,0.3086338298832456,36.599649293928145,False
720575940618795099,742521.4031890659,247495.2224753227,139612.1791951405,right,0.2479420162488665,1.874459455824551,131597.53428625778,10.0,-2.0,0.2479420162488664,1.874459455824552,False,10.0,-2.0,-0.2479420162488664,1.874459455824552,-0.2479420162488664,0.0,125291.75562739317,216676.92419888644,37724.20020342614,10.0,-2.0,-39.21716648045017,-420.0214838571384,59.255295369477054,-0.25874223197427243,-0.37406892633253114,0.1629027194808973,4.899,12.728,-0.20205259991881125,-0.9097516814274426,0.36266599648435466,0.3628626270707717,68.34951954724961,False
720575940618826314,732707.2498146774,287302.7101556709,133951.19347664935,right,0.3656545734259294,1.580670283824108,131618.16205649663,6.0,-7.0,0.3656545734259298,1.580670283824109,False,6.0,-7.0,-0.3656545734259298,1.580670283824109,-0.3656545734259298,0.0,124425.9108894502,209788.2787026331,-3077.7276590999118,6.0,-7.0,-46.254898576617364,-434.2332403074534,-14.847329344732902,-0.2792874361273152,-0.40589542313473487,0.018867239956244442,-0.612,13.789,-0.24144647998819627,-0.9678295486756976,0.07077825945518211,0.359122147463076,82.12310174648032,False
720575940618856710,261061.2840336135,259113.2806722689,236586.11764705885,left,0.3332561305255542,1.5656984401501135,116033.1381338677,-2.0,5.0,0.3224509402742281,1.5649824479409484,True,-2.0,5.0,-0.3224509402742281,1.5649824479409484,-0.3224509402742281,0.0,18965.399836867902,-261966.8546886819,7103.792811269832,-2.0,5.0,194.7235408757106,333.9908549163717,24.768808382723076,0.43072909821772115,0.20081902308880775,0.0824562755474027,1.837,-7.425,0.753080940659196,0.5960814392332826,0.2784888051923078,0.25255740310359137,18.287711770963288,False
720575940618860445,711097.72,348951.99333333335,157065.6,right,0.4893347068422937,1.0562896165764728,129202.74704767624,-9.0,-12.0,0.4893347068422944,1.0562896165764737,False,-9.0,-12.0,-0.4893347068422944,1.0562896165764737,-0.4893347068422944,0.0,91491.13918157504,192936.7635212704,-61671.31888459325,-9.0,-12.0,70.81584106161637,-380.7634215551298,-189.7851922683086,0.06934180950065531,-0.2925117056780108,-0.37783558646833265,-12.86,3.182,0.16408394589044326,-0.8306091682821378,-0.5321323785174865,0.338737403729607,37.76646964022848,False
720575940618875905,288285.7276147479,218161.95334838223,193309.34537246043,left,-0.039000805830258,2.002700783664345,118259.29856487436,10.0,2.0,-0.0369226541648034,1.9887553821958392,True,10.0,2.0,0.0369226541648034,1.9887553821958392,0.0369226541648034,0.0,68645.4079400768,-238121.99522027848,42521.02065585301,10.0,2.0,8.47273157184138,402.59410928339554,104.64930656776006,-0.10199771511523982,0.3935522607019479,0.26715274083687585,7.348,8.485,0.11717320025456104,0.8442976506692805,0.5229071793506361,0.331301783027212,59.52301394409541,False
720575940618887515,254258.6288573812,248617.65804837365,241070.0917431193,left,0.404717032044296,1.6413558075141408,121004.9590577584,-1.0,7.0,0.3923565394734033,1.6383496194620857,True,-1.0,7.0,-0.3923565394734033,1.6383496194620857,-0.3923565394734033,0.0,16069.553475455741,-269495.3937411786,17661.984369970192,-1.0,7.0,197.36358327811104,314.8724329883784,49.61665633764303,0.43673758536242585,0.14817906081511803,0.13519959414716345,3.674,-8.485,0.7547367949451068,0.5423120240700872,0.3691477196258877,0.29463193607722754,10.604158332101083,False
720575940618902811,761892.5904486252,341698.8335745297,193502.22865412445,right,-0.0754338445527074,1.061758996154286,129805.695067273,-11.0,-3.0,-0.0754338445527064,1.061758996154286,False,-11.0,-3.0,0.0754338445527064,1.061758996154286,0.0754338445527064,0.0,57583.17121942039,243296.97442661523,-45104.66670907548,-11.0,-3.0,204.33192705923557,-322.2817471673503,-140.4938075385794,0.42300416081010644,-0.14404523354870175,-0.1953590568786133,-8.573,-8.485,0.7839639706769875,-0.5671157545029156,-0.2525474483635904,0.32188420557735586,12.107376987672325,False
720575940618931229,746815.4174477289,310287.2386445566,152685.4506128334,right,0.2151422427654823,1.3783480559795964,129553.56779931078,-1.0,-6.0,0.2151422427654828,1.3783480559795969,False,-1.0,-6.0,-0.2151422427654828,1.3783480559795969,-0.2151422427654828,0.0,102561.40829812303,225676.0723071973,-21727.737714753024,-1.0,-6.0,63.31714432288442,-429.84037162221546,-67.52262222422233,0.06363411744005558,-0.47119557680844126,-0.08251824103201148,-4.287,5.303,0.2146277934115111,-0.9678000188426227,-0.1315219898858169,0.09213181293468546,69.73647792033512,False
720575940618959622,258502.3330087633,251689.09834469328,237413.8266796494,left,0.3607605819441771,1.6252847749970247,117894.25603999988,-1.0,6.0,0.3493743332373243,1.6227178684496546,True,-1.0,6.0,-0.3493743332373243,1.6227178684496546,-0.3493743332373243,0.0,19272.29848722629,-265060.8711767961,14362.214885866117,-1.0,6.0,190.0788387055327,330.0020551492255,42.316063054541864,0.4247894972524319,0.20006293180637322,0.11412719835633452,3.062,-7.425,0.7386272275625264,0.5768888273042493,0.34875363745031246,0.24334827607338821,17.390982631003823,False
720575940618969152,314985.5418181818,333180.1629090909,219172.16,left,-0.2478598389865208,0.9219949101358718,113141.33882968668,-13.0,-7.0,-0.2383717359516171,0.9426217524712188,True,-13.0,-7.0,0.2383717359516171,0.9426217524712188,0.2383717359516171,0.0,25459.98270775845,-202842.7266882519,-64723.308093300286,-13.0,-7.0,174.011869482061,330.85625981379025,-184.9500246124282,0.3554062816570742,0.13084749104190566,-0.3116737825130035,-12.247,-6.364,0.6152488159439836,0.6666366859409633,-0.4207902368605715,0.47117040006769667,5.306217792640674,False
720575940618989853,285438.8512241055,192475.1073446328,221635.5555555556,left,0.266478500584298,2.2019318397919365,114715.39222285482,11.0,10.0,0.2566168787798951,2.1821443653858674,True,11.0,10.0,-0.2566168787798951,2.1821443653858674,-0.2566168787798951,0.0,44676.752111115304,-242669.12738132238,72103.4491059247,11.0,10.0,71.93307784401178,326.8518629585071,164.0878334427044,0.10077249621068264,0.20171846724144848,0.42823404669630494,12.86,1.061,0.39408866182349306,0.5496595586744881,0.7365924899019373,0.2731986183452909,22.230212266068158,False
720575940618995028,803556.3798882682,255154.312849162,228824.9162011173,right,-0.590110219000288,1.6839786646075183,134301.2935150422,-2.0,12.0,-0.590110219000288,1.6839786646075177,False,-2.0,12.0,0.590110219000288,1.6839786646075177,0.590110219000288,27.0,37111.477462771974,278696.0909250409,48710.73703392333,-2.0,12.0,226.8058627543878,-236.85988615521222,63.585827301115614,0.46026850952686077,0.04102725879378221,0.14749202553178933,6.124,-14.849,0.892522402711946,-0.180040612882819,0.4135083292632373,0.29290022715875685,1.6069625225318238,True
720575940619018779,779563.650872818,192613.1471321696,220032.319201995,right,-0.5894614176173704,2.192317167072518,134389.24545706564,9.0,17.0,-0.5894614176173717,2.192317167072517,False,9.0,17.0,0.5894614176173717,2.192317167072517,0.5894614176173717,0.0,55217.866663074055,250098.95983167266,107180.56669156814,9.0,17.0,137.00446019043275,-237.66851491796712,171.4577737280677,0.24072790754319826,0.0425378701152486,0.4190014542358885,15.922,-8.485,0.5833966998480491,-0.204285216273141,0.7860762310480082,0.31575660165116554,2.914296175974095,True
720575940619026203,255004.92895015908,246362.23966065748,245883.56309650053,left,0.4458249852256611,1.6511768863345395,119219.96648040588,-1.0,8.0,0.4320554211497047,1.647802448524394,True,-1.0,8.0,-0.4320554211497047,1.647802448524394,-0.4320554211497047,0.0,11686.289569486999,-268885.81516089384,20699.877371219565,-1.0,8.0,203.61548592166542,301.48511173233385,55.909823409919774,0.4460079665593547,0.11615212374095554,0.14728642027278563,4.287,-9.546,0.7663679027591629,0.508171536216817,0.39299100167759893,0.32372978837079425,6.415301735982483,False
720575940619121713,780257.9972027972,305814.7664335664,186836.1118881119,right,-0.1622967175894655,1.3653664050655967,131191.11579783834,-5.0,1.0,-0.1622967175894648,1.3653664050655967,False,-5.0,1.0,0.1622967175894648,1.3653664050655967,0.1622967175894648,0.0,70156.62871451493,258921.66196872154,-9507.35138344928,-5.0,1.0,194.6210767257984,-353.9106429246634,-42.972772569632724,0.42077404285336756,-0.24448450224322632,-0.019841133355467746,-2.449,-6.364,0.6979170224974016,-0.7145564730406854,0.04817547658319469,0.2849646287286473,21.898163774148276,False
720575940619144733,303814.52501924563,299443.5381062356,189316.12009237875,left,-0.2867581055767083,1.3250939421679688,117076.10002554471,-3.0,-7.0,-0.2772177634861726,1.332994158084302,True,-3.0,-7.0,0.2772177634861726,1.332994158084302,0.2772177634861726,0.0,60054.016305174635,-216667.56300847096,-37038.27010242495,-3.0,-7.0,73.48504589543606,425.0410405664775,-84.26926734597153,0.09449242742235246,0.4587577586405708,-0.10622205261217832,-6.124,4.243,0.2179964088800603,0.9573365210835878,-0.18969541669468737,0.038037955836878995,62.70812587863711,False
720575940619144989,302696.05519779207,205746.3146274149,186611.1867525299,left,-0.1588385139084206,2.137797747015508,117591.08023135897,13.0,2.0,-0.1519321113464199,2.1201803188813817,True,13.0,2.0,0.1519321113464199,2.1201803188813817,0.1519321113464199,0.0,77478.20001154361,-224710.94099685023,54719.23214920222,13.0,2.0,-38.46065679389787,389.16954432009703,118.53540932836533,-0.21108546228523675,0.3082419615627008,0.2993182594503391,9.186,11.667,-0.2705578462909397,0.7375745450404386,0.6186939811561111,0.19485943557703309,48.85259054294999,False
720575940619171894,316341.85204081633,346882.612244898,236935.8673469388,left,-0.149929740468635,0.742159054813592,116564.01885808691,-17.0,-7.0,-0.1443758601997525,0.7671184209087512,True,-17.0,-7.0,0.1443758601997525,0.7671184209087512,0.1443758601997525,0.0,5785.548447825628,-200362.7266409833,-75302.1657936949,-17.0,-7.0,197.42583598479285,274.2349043990173,-216.89768389247413,0.3320113631052202,-0.03245970839240717,-0.36419665259868206,-14.697,-10.607,0.7356677582519915,0.40812059108509824,-0.5405835112180537,0.5229400024856802,0.6510256515393327,True
720575940619205286,322814.64752791065,307843.55023923446,181095.8213716109,left,-0.476799025944519,1.2712832818153088,117514.28860456128,-4.0,-10.0,-0.4609416539879087,1.280425239352805,True,-4.0,-10.0,0.4609416539879087,1.280425239352805,0.4609416539879087,0.0,67190.92326611225,-197154.16830240726,-45249.85681351493,-4.0,-10.0,38.07207534760421,421.0531361645358,-119.15134295302259,-0.013330443277710782,0.434948963299761,-0.2051214990684929,-8.573,6.364,0.0753264660585038,0.934642044749171,-0.34752003064316433,0.13339274919017327,60.277582835691504,False
720575940619213771,752701.6083395382,270145.7423678332,145827.43112434848,right,0.1753051715085716,1.6926385741094654,131127.1270349784,6.0,-3.0,0.1753051715085718,1.692638574109466,False,6.0,-3.0,-0.1753051715085718,1.692638574109466,-0.1753051715085718,0.0,115768.8423214425,228540.5503325035,17135.84228009121,6.0,-3.0,5.575854967441025,-434.0818377149303,22.419798404518023,-0.11724322050393936,-0.46523403071357927,0.06641796781474917,1.837,9.546,0.07612877905502172,-0.9772413191186523,0.19799952829950923,0.325830210386993,82.8761223283566,False
720575940619239734,303447.84319526626,287230.76331360947,182426.98224852068,left,-0.3034943316471445,1.4433239269057343,117783.0209115251,0.0,-7.0,-0.2935133848725882,1.4474371832779722,True,0.0,-7.0,0.2935133848725882,1.4474371832779722,0.2935133848725882,0.0,68774.83006835953,-217979.2511610816,-26130.776099434857,0.0,-7.0,33.7843788201038,436.5690818245722,-55.960111928104496,-0.01863369374894827,0.4770166444210427,-0.058637173651446564,-4.287,7.425,0.10045862298942648,0.9861991802047091,-0.13160259127626714,0.13976282556691005,75.19781043257262,False
720575940619249019,254082.37802197807,261769.30989011,243586.98901098903,left,0.3994967286363166,1.530820401878807,121139.14699669828,-3.0,6.0,0.3871346349191232,1.5310622802007825,True,-3.0,6.0,-0.3871346349191232,1.5310622802007825,-0.3871346349191232,0.0,11507.649823295513,-268684.6675401882,5097.608520940846,-3.0,6.0,210.9941517593483,312.81392492514954,23.123394119780905,0.45558651568101455,0.1457915701866731,0.0777627298444795,1.837,-9.546,0.8134063304290446,0.5194407745671167,0.2618232673676458,0.27307918763389954,12.012615657444519,False
720575940619258176,281094.1132075472,325868.2012578616,262427.6729559748,left,0.3604666310299644,0.9209043157766176,118301.6584096836,-14.0,1.0,0.3446639603536982,0.9388742402942872,True,-14.0,1.0,-0.3446639603536982,0.9388742402942872,-0.3446639603536982,0.0,-16710.20339610554,-236895.83539081202,-53095.99932469898,-14.0,1.0,245.46400510302465,236.85768477442335,-120.84004724736666,0.4420562774553066,-0.04110042145889697,-0.19590661640913623,-7.961,-15.91,0.9778173599905059,0.11478622581370854,-0.17520654344128217,0.31187087719722595,2.5333899000374465,True
720575940619265140,780846.2390158172,214398.59753954303,202413.7434094904,right,-0.4059115927757849,2.0518184075119543,129977.01867338792,7.0,12.0,-0.4059115927757863,2.051818407511953,False,7.0,12.0,0.4059115927757863,2.051818407511953,0.4059115927757863,0.0,69201.35337547434,252868.8072166564,83025.75061731614,7.0,12.0,135.95529212560865,-299.9247321447222,139.86258866957783,0.2757924455090985,-0.13938848174242544,0.3699514062921756,11.635,-5.303,0.5872449454756318,-0.47183960874328035,0.6576555007253498,0.2140878965159999,9.229991518534005,False
720575940619275643,256373.0757855822,266500.4325323475,247055.30499075787,left,0.4131345878137076,1.4842451588645935,118730.27847530755,-4.0,6.0,0.399976695517792,1.4858387176938568,True,-4.0,6.0,-0.399976695517792,1.4858387176938568,-0.399976695517792,0.0,7378.942081181744,-266028.52096336003,1153.1578395141644,-4.0,6.0,219.8731992768806,301.74125623696426,14.09118945517012,0.46902471157869674,0.10417394490633218,0.05957666703186534,1.225,-10.607,0.8515986566624654,0.4639424993971128,0.24400222380921976,0.3015515673070397,6.651353289827335,False
720575940619288929,314210.2369811321,322201.9441509434,201883.56226415097,left,-0.3290526759450718,1.0872100912970528,115230.2483750465,-9.0,-8.0,-0.3172864282431195,1.1024933442843012,True,-9.0,-8.0,0.3172864282431195,1.1024933442843012,0.3172864282431195,0.0,44246.34135458281,-204539.27834441618,-56710.04174087242,-9.0,-8.0,124.16734381041469,382.119132389987,-152.14929697507702,0.2631337781127359,0.3091193427440967,-0.26762589728039465,-10.41,-1.061,0.4248621264226144,0.8289797933665711,-0.36370960355972387,0.29384279430470955,29.54915773504192,False
720575940619308653,801498.2837127846,236081.057793345,230176.4623467601,right,-0.6251479272033401,1.8225275639731977,135110.9637300574,1.0,14.0,-0.6251479272033404,1.8225275639731968,False,1.0,14.0,0.6251479272033404,1.8225275639731968,0.6251479272033404,19.0,38747.06861942726,275245.87954882294,67559.407499059,1.0,14.0,207.63634740909725,-231.72028647166823,98.88576487738756,0.43214063685603576,0.051382625159468856,0.21621353275892458,9.186,-13.789,0.8375348722705648,-0.19281117863737174,0.5112330066840327,0.31142800884784844,1.440192892469259,True
720575940619321991,284261.87559808604,287225.2344497608,203136.6188197767,left,-0.0636023590045582,1.3992769860699346,116650.00289108876,-2.0,-3.0,-0.0615823210079563,1.4047293110125658,True,-2.0,-3.0,0.0615823210079563,1.4047293110125658,0.0615823210079563,0.0,47979.91412960161,-236976.72771683813,-24218.242247352115,-2.0,-3.0,114.811343289101,413.15566042429566,-39.700588703942124,0.2316896186879547,0.42419159659400946,-0.015956431063358412,-3.062,1.061,0.4111525371813556,0.9109113464864235,0.034555896915358736,0.10162417591917708,55.4427761993481,False
720575940619333701,697355.3641488162,342022.33596392337,141293.97970687711,right,0.6362168282948523,1.1558649737522804,133528.0222868246,-6.0,-14.0,0.636216828294853,1.155864973752281,False,-6.0,-14.0,-0.636216828294853,1.155864973752281,-0.636216828294853,0.0,107905.73016866564,178617.31587496912,-58334.98495349631,-6.0,-14.0,4.105022988964126,-394.55446785598434,-171.27648475941112,-0.14876791003664278,-0.29524424011368244,-0.3525833194232186,-12.247,8.485,-0.1930195788630656,-0.8183446115892303,-0.5413460435418335,0.30385879890412026,58.31018761483956,False
720575940619393349,795640.9189189189,273124.8108108108,221019.72972972973,right,-0.4963019974119748,1.5627303314117496,127574.75228633068,-4.0,9.0,-0.4963019974119745,1.5627303314117489,False,-4.0,9.0,0.4963019974119745,1.5627303314117489,0.4963019974119745,0.0,41840.342207054025,272076.3395144757,29208.66061389426,-4.0,9.0,233.94093360533068,-259.8299054621304,27.931295866634258,0.47675913298883793,-0.01865838716302655,0.0881392857450222,3.062,-13.789,0.9084919623781594,-0.30284004190957964,0.28797615059321324,0.2955169320850883,1.4469936743207796,True
720575940619471440,789735.0833333333,305964.6277777778,211705.0555555556,right,-0.3675343530660364,1.3258615733461716,130115.46083178476,-8.0,4.0,-0.3675343530660359,1.3258615733461712,False,-8.0,4.0,0.3675343530660359,1.3258615733461712,0.3675343530660359,0.0,45751.53695097641,268547.38182957243,-5030.8580844192975,-8.0,4.0,239.99774319135247,-283.1989892696411,-47.99702138371059,0.48226398624130196,-0.050672730630369714,-0.028609666106826838,-2.449,-12.728,0.915735249478192,-0.3920588801939075,0.08785662936974595,0.3336161424184608,1.9394597390005877,True
720575940619484224,300605.3209302326,335711.7302325581,249559.6279069768,left,0.1175410063489073,0.8102365480755226,113259.76654577,-16.0,-3.0,0.1103283782040248,0.8336579679984347,True,-16.0,-3.0,-0.1103283782040248,0.8336579679984347,-0.1103283782040248,0.0,-5202.787753804391,-216796.87308609916,-63429.43884721823,-16.0,-3.0,229.25039137715967,252.92172530356922,-173.74495137911524,0.4057222645716942,-0.041737095750708476,-0.263612165097694,-11.635,-13.789,0.911547542778288,0.24122178350283674,-0.3330061987689959,0.3986768536148713,1.3042433737250845,True
720575940619484240,297655.7485448196,210508.0884749709,189225.0989522701,left,-0.1135861153060698,2.088101135652083,117100.52291395272,12.0,2.0,-0.1085637679906457,2.0716651048962715,True,12.0,2.0,0.1085637679906457,2.0716651048962715,0.1085637679906457,0.0,74055.00240071745,-229369.03561795168,50082.89836728822,12.0,2.0,-24.325645183520102,395.61322522659736,115.41166494322157,-0.17530720410633976,0.3396579288992428,0.2912088964477179,8.573,10.607,-0.1241926326979091,0.7931902475113957,0.5961756630695129,0.256546344652177,52.18437411831861,False
720575940619519061,772189.9886201991,312254.2105263158,179101.0810810811,right,-0.0695966535588743,1.3261980400831257,130667.74281985976,-5.0,-1.0,-0.0695966535588739,1.3261980400831257,False,-5.0,-1.0,0.0695966535588739,1.3261980400831257,0.0695966535588739,0.0,76631.63292698919,251299.826215648,-17654.243091324573,-5.0,-1.0,174.22036288202088,-371.4212122952593,-61.11662171798655,0.3802430870520326,-0.29516558535833537,-0.06312801004516223,-3.674,-4.243,0.5992349351621894,-0.8004552958288473,-0.013740882821683887,0.2915864500429776,30.198278338726094,False
720575940619521729,304612.02388059703,185295.5621890548,200242.1094527364,left,-0.0277494862784815,2.321277399219876,116960.8268046996,15.0,7.0,-0.0254602132504431,2.29848226417548,True,15.0,7.0,0.0254602132504431,2.29848226417548,0.0254602132504431,0.0,67279.49529185556,-224218.80925092043,77156.93464595635,15.0,7.0,-13.558738058826188,348.0450917061889,165.8019645975914,-0.1479295041950702,0.2032343174214292,0.4176354455533946,13.472,8.485,-0.09411283941910578,0.6010988798909073,0.7936138292963212,0.28688393137882445,30.238325198348125,False
720575940619554224,324406.2121212121,321487.00606060604,192708.24242424243,left,-0.4572383609644905,1.118698470149908,116042.19697181936,-8.0,-10.0,-0.4411099545635915,1.132449736150015,True,-8.0,-10.0,0.4411099545635915,1.132449736150015,0.4411099545635915,0.0,53603.37612253632,-194484.3754718111,-56729.232065277,-8.0,-10.0,85.88815881205345,395.3706895747271,-157.11845382132293,0.13594701664210374,0.3516086450340993,-0.3007883323350783,-11.023,2.121,0.2486376250310817,0.8775109507513255,-0.4100656809956283,0.26301114395625097,37.385533480065206,False
720575940619583902,271556.33389544685,209641.54468802697,226451.568296796,left,0.3203679040572321,2.012545736736346,116647.7599562094,7.0,9.0,0.3096546260651778,1.99836516570612,True,7.0,9.0,-0.3096546260651778,1.99836516570612,-0.3096546260651778,0.0,36962.74905320799,-255215.82937557172,54966.37633782708,7.0,9.0,116.83861722021818,332.51636720881913,129.17038475968064,0.24456420615502425,0.22196312791884337,0.34973252510449043,9.798,-2.121,0.5344483801511065,0.5945686529040948,0.6007104509975405,0.18564181960052978,18.968680327838552,False
720575940619605639,290676.5098970705,250915.9113222486,185191.5756136184,left,-0.1568457747419709,1.7380529682483417,117929.8117688251,6.0,-3.0,-0.1512864876176001,1.7325071903077345,True,6.0,-3.0,0.1512864876176001,1.7325071903077345,0.1512864876176001,0.0,71539.18714608898,-233375.56732211294,9151.374975276629,6.0,-3.0,5.599972352258822,433.30173105481595,32.59429738618783,-0.10315428215899113,0.4579595479945705,0.11059975159738715,1.837,9.546,0.06998590570676681,0.9707892763906399,0.22949979051698777,0.2856347112240807,78.56313819261281,False
720575940619619510,737730.4,268054.6903914591,135633.28113879,right,0.3124084920754977,1.7232302493095777,131022.50473416984,8.0,-5.0,0.3124084920754981,1.7232302493095784,False,8.0,-5.0,-0.3124084920754981,1.7232302493095784,-0.3124084920754981,0.0,125891.39782852556,213389.1615219984,16503.735832772174,8.0,-5.0,-49.37248997532292,-430.0769235739831,18.470341393996783,-0.27687005251571256,-0.3938960386802029,0.052394257278988304,1.837,13.789,-0.2651369818157137,-0.9543047350105431,0.13785809229099,0.34035453203803784,80.77474546743493,False
720575940619624374,743149.3230174081,187631.35009671177,176464.2166344294,right,-0.0575971064250995,2.3569022369099164,128998.43803722427,16.0,10.0,-0.0575971064251016,2.3569022369099173,False,16.0,10.0,0.0575971064251016,2.3569022369099173,0.0575971064251016,1.0,98357.4184701116,213130.57475684292,102563.34771812588,16.0,10.0,2.407566001290383,-324.49807567620564,182.75731422454209,-0.11825228363143296,-0.15176930462687466,0.44501191225192926,15.922,6.364,-0.0644982210804549,-0.5130468398592588,0.855933945808837,0.2766135321741761,24.25217224353936,False
720575940619624630,748897.3333333333,187724.3451407811,184198.4014532244,right,-0.1617209206461013,2.3463689015021085,128183.88449371934,15.0,11.0,-0.1617209206461039,2.346368901502109,False,15.0,11.0,0.1617209206461039,2.346368901502109,0.1617209206461039,0.0,90811.07385594054,218920.5433260174,104110.87232653257,15.0,11.0,22.787530618131406,-318.08745932595707,185.83845930491216,-0.07405052852529026,-0.15627056493369687,0.45377173160411277,15.922,4.243,0.09853987581127387,-0.48271736508889335,0.8702148230849294,0.3062108175117167,22.23207587480905,False
720575940619635614,278751.2814569536,205858.63576158945,218057.2516556291,left,0.229789667168411,2.072083813076584,115587.39767899018,9.0,8.0,0.2219854892816615,2.055844594250229,True,9.0,8.0,-0.2219854892816615,2.055844594250229,-0.2219854892816615,0.0,45977.889267686085,-248374.84205597718,57876.76490933624,9.0,8.0,81.9693509266868,348.29295849782756,139.69837504577816,0.150901477161224,0.2574497122808691,0.37511722839297695,10.41,1.061,0.407593061603653,0.6350192928901393,0.6562152038697886,0.1850992811834058,27.893157758208567,False
720575940619660112,269557.8791704238,300932.5770964833,247947.2678088368,left,0.3183029238902836,1.1834213915078136,116248.08640741302,-9.0,2.0,0.3064238978010145,1.194609992382128,True,-9.0,2.0,-0.3064238978010145,1.194609992382128,-0.3064238978010145,0.0,1308.7541900229426,-250334.66568016037,-31665.47928281814,-9.0,2.0,234.87378490625255,296.05477174607927,-67.27215005095515,0.47591623183288306,0.06505036334242921,-0.07314696285077338,-4.287,-11.667,0.8982454523191169,0.43692767930527115,-0.047426895796954784,0.33177991130261764,4.61055236867614,False
720575940619697323,321145.37942122185,340794.3183279743,222540.96463022503,left,-0.2934999498932649,0.8390263570367924,114581.09886359792,-15.0,-8.0,-0.281605168341677,0.8614849577889331,True,-15.0,-8.0,0.281605168341677,0.8614849577889331,0.281605168341677,0.0,21045.253604328478,-196116.0913672774,-71244.83788908509,-15.0,-8.0,175.50145353436633,310.3360234421193,-210.90898681056171,0.3331183828493564,0.063462161835066,-0.35718529580692426,-14.085,-7.425,0.6020728666883896,0.5994785049881922,-0.5273839068977616,0.521792648500676,2.6273770295578025,True
720575940619735941,340823.82765531057,330764.68537074147,187717.5150300601,left,-0.6282560544344862,1.0616348040057422,120038.60457577862,-10.0,-13.0,-0.6065150591168178,1.075409137020314,True,-10.0,-13.0,0.6065150591168178,1.075409137020314,0.6065150591168178,0.0,57366.330480959914,-177460.42569894227,-65478.29497266817,-10.0,-13.0,63.54352537678262,378.76378196221214,-194.6481243809798,0.06440753849594413,0.2739256223159169,-0.39679222971753697,-14.085,3.182,0.09379630917862203,0.832767726154604,-0.545619067353551,0.3859863545148636,32.689379706788756,False
720575940619737222,262785.07399577164,251362.35940803384,230043.6645525017,left,0.2916844095601609,1.6439904937018603,116187.4097065008,0.0,5.0,0.2823145272317999,1.640863994133698,True,0.0,5.0,-0.2823145272317999,1.640863994133698,-0.2823145272317999,0.0,26678.384541482326,-260862.46631689338,13822.581246927813,0.0,5.0,173.85316709655675,347.6794198361975,44.76648526422648,0.3893477943401236,0.25670042147210637,0.11841271745689147,3.062,-5.303,0.6491310192389391,0.6580921369403653,0.3815018468619512,0.24448303799673474,24.481850471045806,False
720575940619780731,777516.7701056052,210840.6141348497,199407.57108042244,right,-0.3775123781550373,2.088149715791685,129796.97476573124,8.0,12.0,-0.3775123781550384,2.088149715791685,False,8.0,12.0,0.3775123781550384,2.088149715791685,0.3775123781550384,0.0,72669.92103708857,249266.30018383884,85813.70016124606,8.0,12.0,124.89705107419242,-303.31643428369176,146.80326431381468,0.24372219879607568,-0.1530117009786529,0.3884188447768458,12.247,-4.243,0.5771080968831224,-0.4888507906202845,0.6541950389768052,0.2399644188671168,11.028964849774521,False
720575940619834644,281888.88535031845,220626.79936305733,199597.92993630577,left,0.0372828493893343,1.9665014385143704,118324.57766419274,9.0,3.0,0.0366240604299273,1.953562157525852,True,9.0,3.0,-0.0366240604299273,1.953562157525852,-0.0366240604299273,0.0,61931.638713001004,-244278.1274896369,40631.922750391735,9.0,3.0,32.88410092114708,397.0327519492983,105.84542370180387,-0.011698525598027289,0.39217269041582786,0.28857334872744017,7.348,6.364,0.20054488692536643,0.8324271138187979,0.5165722103514652,0.23918025396094852,53.47411256907313,False
720575940619876890,792603.3650793651,220063.99023199023,226195.40903540904,right,-0.6108111629980197,1.9604055453666724,131987.19053685825,4.0,15.0,-0.6108111629980203,1.960405545366672,False,4.0,15.0,0.6108111629980203,1.960405545366672,0.6108111629980203,67.0,45041.5224948128,265167.9272465437,82062.150137319,4.0,15.0,183.84344170491357,-239.1939470246559,128.5166425992544,0.38160400569187464,0.029570208145253442,0.29807167213522856,11.635,-11.667,0.7304061158331838,-0.235674658086138,0.6410650212649757,0.304252670383562,2.1317963333929795,True
720575940619896734,271705.3333333333,185895.3758865248,253418.0141843972,left,0.6271525956011492,2.1586073909713166,119909.99931048052,9.0,17.0,0.6056316052256456,2.1429731084917445,True,9.0,17.0,-0.6056316052256456,2.1429731084917445,-0.6056316052256456,0.0,14085.066515232644,-256641.12893647698,82637.1569600674,9.0,17.0,135.67026071229256,231.43075022332647,173.2579176969101,0.24444574039494008,-0.05893187587562962,0.415375586215907,15.922,-8.485,0.5518412681353887,0.13329640241074214,0.8232273585632828,0.2619714782407179,2.9325936053351085,True
720575940619899294,722103.7353383459,287019.81654135336,129123.51879699244,right,0.4538492246976384,1.5896715412072564,131338.57565081448,7.0,-8.0,0.4538492246976389,1.589671541207257,False,7.0,-8.0,-0.4538492246976389,1.589671541207257,-0.4538492246976389,0.0,129044.29075844465,199161.24893980016,-4325.844907167602,7.0,-8.0,-76.56656401976757,-424.24585587165444,-16.070148745265282,-0.3719074764642145,-0.32519065859425417,0.010190277265581043,-0.612,15.91,-0.4384397572062625,-0.8985170521113734,0.020920955188545805,0.39825850628782783,68.34101253377762,False
720575940619905919,737487.5380029808,260202.9657228018,135072.6378539493,right,0.3103737168864502,1.7830611935623049,131545.79989558164,9.0,-4.0,0.3103737168864503,1.7830611935623055,False,9.0,-4.0,-0.3103737168864503,1.7830611935623055,-0.3103737168864503,0.0,127678.55426713124,212564.21220108334,24129.24654332176,9.0,-4.0,-52.68668530125416,-426.01368506342106,34.957094894537356,-0.2750031514041101,-0.39074933691175906,0.08591503000561182,3.062,13.789,-0.2502902743385761,-0.9360817515785146,0.24719573809679735,0.35124231369162306,77.16089711537523,False
720575940619907742,280221.1220238095,235098.3333333333,198042.4107142857,left,0.0097788322311449,1.8451662633119408,117837.44027213808,7.0,1.0,0.0099418246282643,1.835935251035343,True,7.0,1.0,-0.0099418246282643,1.835935251035343,-0.0099418246282643,0.0,61155.307183319164,-244884.26775373754,26014.93696834926,7.0,1.0,39.13022752120195,412.54465426333064,74.82118316425012,0.019068411770458312,0.4388811887526367,0.20234298877109475,4.899,6.364,0.20983155221307842,0.890994899105791,0.4026149642813983,0.17213125000656368,60.94556450979946,False
720575940619944360,734808.8629737609,277527.4081632653,133969.76676384834,right,0.3448931183994626,1.6538125120453355,131444.5385426213,7.0,-6.0,0.344893118399463,1.6538125120453362,False,7.0,-6.0,-0.344893118399463,1.6538125120453362,-0.344893118399463,0.0,125987.10369716397,211163.3152231608,6702.129367693287,7.0,-6.0,-48.12896826077038,-432.27398850229076,1.0350297718044887,-0.27991630912149923,-0.39762847325940326,0.037526285364893525,0.612,13.789,-0.2661964031099423,-0.9598969748473514,0.08796176811679253,0.34186015028768335,81.0824646610035,False
720575940619951995,321996.6312399356,310575.68438003224,184603.99355877616,left,-0.4592704689303674,1.2373306558088486,116593.9407844072,-5.0,-10.0,-0.4437403015743613,1.2475881141568523,True,-5.0,-10.0,0.4437403015743613,1.2475881141568523,0.4437403015743613,0.0,63281.562241111846,-197745.36604081033,-47442.654413800934,-5.0,-10.0,51.718137632780845,415.97087892054236,-127.89086587143407,0.020091660565693004,0.4223704309729302,-0.23089578565258548,-9.186,5.303,0.12461096668332611,0.9186759538901315,-0.37484209839118127,0.13989570075572405,55.11242962444953,False
720575940619953275,309354.27520235465,300407.2671081677,185543.5467255335,left,-0.3463852851059429,1.3248574598633631,117112.3802231648,-3.0,-8.0,-0.3348631257652327,1.3326972142426865,True,-3.0,-8.0,0.3348631257652327,1.3326972142426865,0.3348631257652327,0.0,63727.4858003884,-211096.76112876905,-38187.92386486599,-3.0,-8.0,54.98313417871461,426.3213962222008,-91.92813038914441,0.04811673589496787,0.45833278642427494,-0.13568705824693175,-6.736,5.303,0.16301715990135798,0.9614069410727822,-0.2216350586770307,0.08779349380146591,62.87917149407997,False
720575940619962422,787973.035775128,248904.2827938671,189767.1550255537,right,-0.2832779294742636,1.7893293325073725,131924.56767287198,3.0,7.0,-0.283277929474264,1.7893293325073722,False,3.0,7.0,0.283277929474264,1.7893293325073722,0.283277929474264,0.0,76376.40521406851,262437.64767960133,47552.86423940888,3.0,7.0,153.80966258273497,-346.1750644774984,78.45114209315543,0.3410525437491435,-0.267806333559987,0.20064005645069843,6.124,-4.243,0.5881309936513757,-0.64460831544384,0.48844861957763835,0.16620934778249402,27.276022776979303,False
720575940619967435,790610.3547297297,253302.67567567568,191930.20270270272,right,-0.3008463935202214,1.751553006848598,132811.38542413124,2.0,7.0,-0.3008463935202215,1.7515530068485978,False,2.0,7.0,0.3008463935202215,1.7515530068485978,0.3008463935202215,0.0,73595.1826396183,265406.33866561815,43753.94843544895,2.0,7.0,165.7338767124208,-339.3788874137428,70.72007307916597,0.3741909800088794,-0.2486172543492599,0.17529378131178194,5.511,-5.303,0.651237691376893,-0.6392174368486757,0.40901165968552045,0.18168085049925806,24.551457733372725,False
720575940619977087,767711.4257839721,335078.4668989547,192637.68641114983,right,-0.1076994761136983,1.1230393602483608,130718.15905363778,-10.0,-2.0,-0.1076994761136972,1.123039360248361,False,-10.0,-2.0,0.1076994761136972,1.123039360248361,0.1076994761136972,0.0,59586.379969110036,248605.89709916693,-38304.81173776418,-10.0,-2.0,206.12945606925794,-325.90664123206125,-122.86244308841614,0.426092904097704,-0.16340311219248224,-0.16842476304048531,-7.348,-8.485,0.7513975033477087,-0.6141669418580734,-0.241248335728005,0.3238384272325597,14.972343529175177,False
720575940619997121,758978.8005780347,231940.70809248555,158213.84393063583,right,0.0336238194137823,1.973066996197511,130668.15382328226,10.0,3.0,0.0336238194137818,1.973066996197512,False,10.0,3.0,-0.0336238194137818,1.973066996197512,-0.0336238194137818,0.0,109677.56610459852,232064.36656459983,57172.451549606216,10.0,3.0,17.474414835648776,-399.3188713646971,104.30669144209229,-0.08057449244301988,-0.394036953878175,0.27420361582341063,7.961,7.425,0.13249619142071606,-0.8609381854021004,0.4911519115055379,0.31218855486012126,56.51580551696389,False
720575940620014445,310595.1042128603,164351.35254988912,212245.58758314856,left,0.1032482163614022,2.5103527025944925,120452.85801359967,18.0,11.0,0.0992687415126492,2.484258383559062,True,18.0,11.0,-0.0992687415126492,2.484258383559062,-0.0992687415126492,1.0,58839.325181973145,-219717.82823317288,100114.4030014402,18.0,11.0,-14.700852527793819,296.1861620447435,191.76462754976438,-0.12182456268767022,0.06755840619880678,0.4614875528850593,17.759,7.425,-0.20960016314241864,0.28501353525698286,0.9353261764384594,0.1528906150788584,13.46591421248095,False
720575940620026816,285159.64267129224,204589.8837814397,206199.5143104944,left,0.1020755774125012,2.104581761687255,117154.4102769042,11.0,6.0,0.099038273043143,2.087470287916616,True,11.0,6.0,-0.099038273043143,2.087470287916616,-0.099038273043143,0.0,58001.8274127089,-242155.64593271576,57705.67706099346,11.0,6.0,35.83572558088017,369.50191751715045,139.86810251554067,-0.008109868611155608,0.3263440133915049,0.35926196376762126,10.41,5.303,0.2334925286400886,0.6969141577709865,0.6780795644816424,0.259674560267864,43.32233009641319,False
720575940620044481,278535.7904468413,259336.6502311248,199811.46379044684,left,-0.0095845320221968,1.6386536573592176,117493.0645150284,3.0,-1.0,-0.0090435927288329,1.6360977588562493,True,3.0,-1.0,0.0090435927288329,1.6360977588562493,0.0090435927288329,0.0,55556.23408262494,-244765.756268585,2306.2416691697763,3.0,-1.0,73.48066700524576,420.5925852077322,23.3812765573784,0.11533207784809721,0.45966697223357983,0.07571021663058891,1.225,4.243,0.3328534445879325,0.9096440138305938,0.248508254446638,0.13837846000428633,64.64367263383194,False
720575940620088941,269687.5078125,191430.3984375,253276.640625,left,0.6132067550879933,2.111580512115334,118789.016136939,8.0,16.0,0.5924661384860478,2.096715552420939,True,8.0,16.0,-0.5924661384860478,2.096715552420939,-0.5924661384860478,457.0,13315.233146239749,-258246.1368803987,77019.38275318083,8.0,16.0,144.24644751061632,241.59915337068847,165.09934060493902,0.27028686620389786,-0.018204082260229737,0.39909387136101393,14.697,-8.485,0.5852978948046608,0.2029584573281677,0.7850058846506838,0.24629427501215084,1.831932337262986,True
720575940620101870,772400.8766283524,268721.1984674329,166875.0651340996,right,-0.0466710656751177,1.6740927039894815,130021.43522082016,3.0,1.0,-0.0466710656751178,1.674092703989482,False,3.0,1.0,0.0466710656751178,1.674092703989482,0.0466710656751178,0.0,95570.63917070598,248219.14263386934,23290.433116652504,3.0,1.0,98.02107568638567,-407.2916730114419,31.281255496430596,0.18104369470692752,-0.4374674184529759,0.08303250084770117,2.449,2.121,0.3964043718629451,-0.8835343227408913,0.2494607674700346,0.08358621307684776,57.558640859423924,False
720575940620115541,751381.3052631579,185296.14162679427,189548.5933014354,right,-0.2295893905075348,2.357887851482977,128661.40043393691,15.0,12.0,-0.2295893905075371,2.3578878514829773,False,15.0,12.0,0.2295893905075371,2.3578878514829773,0.2295893905075371,30.0,85956.716892443,221253.811709142,107528.75453477392,15.0,12.0,30.70728004504347,-306.4438961589703,190.7488889615608,-0.05433344223371298,-0.12063760129909008,0.47020576982728685,16.534,3.182,0.1094844718421832,-0.4676053191222033,0.8771307861169055,0.32500688832075125,17.160357008059403,False
720575940620120454,254130.07529843893,240741.2011019284,241413.6639118457,left,0.422834718637833,1.7037989226454897,121392.18129673065,0.0,8.0,0.4100091537435952,1.6989953508951132,True,0.0,8.0,-0.4100091537435952,1.6989953508951132,-0.4100091537435952,0.0,16969.933787129215,-270202.2241975364,25463.448840322,0.0,8.0,193.61039862416524,310.09211032332803,65.87303535138943,0.42873601454809274,0.14388005134803306,0.1715791051561768,4.899,-8.485,0.7669862378146468,0.5144153784653495,0.383547818923906,0.24995934602746653,8.99638697728588,False
720575940620133243,789479.590664273,319938.23339317774,227962.8725314184,right,-0.469800973123066,1.193797605773551,131245.33904820532,-11.0,5.0,-0.4698009731230654,1.1937976057735509,False,-11.0,5.0,0.4698009731230654,1.1937976057735509,0.4698009731230654,0.0,27491.85663324569,269430.0949068544,-16231.23466455294,-11.0,5.0,251.33882026592883,-230.3479587016036,-67.97924859098444,0.4743909797463114,0.025387537692079534,-0.09129178885588762,-3.674,-16.971,0.9995981311539858,-0.022990398804970356,0.016583659314148586,0.2199927262146934,1.310432299923024,True
720575940620139781,749652.2853067047,295279.9144079886,147341.0556348074,right,0.2088299582522805,1.5018225863598942,131131.41320830557,2.0,-5.0,0.2088299582522809,1.5018225863598946,False,2.0,-5.0,-0.2088299582522809,1.5018225863598946,-0.2088299582522809,0.0,110255.91593562468,227363.20361094296,-7593.442619055066,2.0,-5.0,35.470678250634194,-437.01828998837294,-29.436544177624963,-0.00651017525201354,-0.48139009402731003,-0.008192798717745997,-1.837,7.425,0.13642279287881184,-0.9901202573454035,0.03241446555809099,0.15834015218882486,81.3228383909916,False
720575940620146256,256621.4110169492,295063.7330508475,266681.7372881356,left,0.5156769035000154,1.217724068291458,123444.31246792314,-9.0,6.0,0.4986627770691627,1.226108510434748,True,-9.0,6.0,-0.4986627770691627,1.226108510434748,-0.4986627770691627,0.0,-16497.94961962118,-263545.2109732784,-23843.799291747255,-9.0,6.0,249.82399402412102,242.50077990410236,-35.8109334945338,0.4816117722895028,-0.02931626157800801,-0.042758052381183145,-1.837,-15.91,0.9925447940430545,0.1050218888245259,0.061848481677075934,0.22394805059728978,0.6819191058526821,True
720575940620157611,248765.4124293785,227621.0169491525,264770.395480226,left,0.6393395496729263,1.7581732923200817,124895.16241099646,1.0,14.0,0.6210057567442825,1.7522559676197034,True,1.0,14.0,-0.6210057567442825,1.7522559676197034,-0.6210057567442825,1.0,-4119.465056183682,-276366.12918451504,41702.26903139419,1.0,14.0,207.57266737090907,229.0594329778033,103.77424607578497,0.4231354654974261,-0.04530803934219706,0.23237723980775216,9.186,-13.789,0.8161607840357257,0.1981169171253393,0.5427994673458524,0.30489012638864765,1.5736553300606069,True
720575940620159960,745569.8771653542,348142.3748031496,181789.9527559056,right,0.1074708368014369,1.02003539512603,128793.87989318564,-11.0,-6.0,0.1074708368014374,1.02003539512603,False,-11.0,-6.0,-0.1074708368014374,1.02003539512603,-0.1074708368014374,0.0,67834.34044302654,227417.2313260851,-54478.82735517868,-11.0,-6.0,172.44112830344312,-342.77103923146655,-167.28257235049557,0.35120324655415985,-0.1904993908305392,-0.2806398449402966,-10.41,-5.303,0.6202107455302125,-0.6764279571570045,-0.3972201529445097,0.35296260100517196,16.083964424743712,False
720575940620183066,756498.8285714287,257854.98,149282.65714285715,right,0.1244281960726098,1.7810112545479062,131148.58819041867,7.0,-1.0,0.1244281960726097,1.7810112545479069,False,7.0,-1.0,-0.1244281960726097,1.7810112545479069,-0.1244281960726097,0.0,114364.39143881731,231443.63134540574,30059.461984408645,7.0,-1.0,14.507352826492006,-425.7241794696396,47.934598626953495,-0.09375132267697076,-0.4603380847999189,0.12793660009551083,3.674,8.485,0.11871461213619695,-0.9376047428542917,0.32680909877555414,0.319235687916591,75.17871365537871,False
720575940620210014,716284.9504950495,351267.6723672367,162200.93609360937,right,0.430443678184521,1.0257213527992788,128866.88803013778,-10.0,-11.0,0.4304436781845216,1.0257213527992792,False,-10.0,-11.0,-0.4304436781845216,1.0257213527992792,-0.4304436781845216,0.0,86150.04239646698,198314.31883817198,-62764.93231580645,-10.0,-11.0,96.5239560918123,-371.4066190538299,-194.502978495187,0.13984251412947732,-0.2749776883604502,-0.3756278879582704,-12.86,1.061,0.2831625913466019,-0.7917596643171957,-0.5412352361239973,0.3250517267258523,31.847070125440023,False
720575940620211627,286322.3533225283,189150.226904376,225801.84764991893,left,0.3127566328472536,2.2307730566173034,114049.97945945314,11.0,11.0,0.3007756762555701,2.2103351379489897,True,11.0,11.0,-0.3007756762555701,2.2103351379489897,-0.3007756762555701,0.0,41103.58617776721,-242005.85373946422,76101.69234568023,11.0,11.0,78.71241386563875,315.1098328525882,168.61244579642428,0.12125776367805285,0.16741369273579057,0.4363211583996677,13.472,0.0,0.4230243418531542,0.5054342382059396,0.7520549428392099,0.2796965632282816,17.443710889161217,False
720575940620233899,722810.1964735517,323911.4659949622,143610.98236775817,right,0.4258393810355775,1.286637600704534,130083.8874487488,-2.0,-10.0,0.4258393810355783,1.2866376007045346,False,-2.0,-10.0,-0.4258393810355783,1.2866376007045346,-0.4258393810355783,0.0,108936.36335650904,202681.8385873487,-38306.077272321316,-2.0,-10.0,16.615837403464898,-425.46240567327806,-109.52156102082043,-0.09178983594340748,-0.4353703110253659,-0.18212462556954467,-7.348,8.485,0.0047409049533488476,-0.9471686841196238,-0.3207008070512509,0.2086864328502534,72.82530449340074,False
720575940620253872,279142.3732660782,292144.5977301387,219783.20302648167,left,0.0704704238890384,1.3160239800074085,113715.6791959833,-5.0,-1.0,0.0676645058571824,1.3241585032282015,True,-5.0,-1.0,-0.0676645058571824,1.3241585032282015,-0.0676645058571824,0.0,30675.641530501962,-241609.8671684936,-26790.084699806503,-5.0,-1.0,172.25913037226476,374.68885608909636,-53.15627990087334,0.38545542923434484,0.29047283498711063,-0.04402297635107443,-3.674,-4.243,0.6344094950383643,0.7729581221853727,-0.007767493342769785,0.2515323716876327,32.11850014642599,False
720575940620262527,320228.1844380404,193735.33141210373,179408.70317002878,left,-0.3293264893542092,2.268313387671605,119164.65344080977,16.0,3.0,-0.3149157078547823,2.248466034093031,True,16.0,3.0,0.3149157078547823,2.248466034093031,0.3149157078547823,0.0,86801.85326492936,-208160.12849511328,66663.06481691965,16.0,3.0,-66.57743717693798,359.11323275276044,131.34559626937047,-0.26121645037573293,0.21925467701243767,0.33558907219477363,11.635,13.789,-0.5338083750801206,0.5710832034006729,0.6236285701344567,0.1376805718831636,37.315349261415385,False
720575940620298754,742925.8647272727,294389.9723636364,142879.82545454547,right,0.2695372770319896,1.514643236834957,130607.78745755588,3.0,-6.0,0.26953727703199,1.5146432368349572,False,3.0,-6.0,-0.26953727703199,1.5146432368349572,-0.26953727703199,0.0,114678.67418152554,220560.26599885023,-7907.376878546682,3.0,-6.0,8.340774398234592,-439.2334818769283,-30.203182716759187,-0.10579467889618911,-0.47312778328856103,-0.0017299129843230858,-1.837,9.546,0.03037418654319975,-0.9993916111663462,-0.017141071208464424,0.2507237622262803,89.68980225045512,False
720575940620312625,300423.7023255814,168824.82325581394,225115.8139534884,left,0.3040565835236423,2.4432259930902296,117282.4358212118,15.0,13.0,0.2904829870715397,2.4185647487075497,True,15.0,13.0,-0.2904829870715397,2.4185647487075497,-0.2904829870715397,1.0,45242.03586899146,-229446.7267281671,97020.15983932895,15.0,13.0,38.17286377561031,286.25400727923557,198.52291917922767,-0.004109140302000532,0.06476958566337118,0.4795957537959673,17.146,2.121,0.10812740766920947,0.3267310010846464,0.9389117725542487,0.23186326250375547,11.096292004729388,False
720575940620343000,740779.0433862434,181504.76613756616,178709.37566137567,right,-0.0712071536790127,2.408553044058321,130364.83529910976,17.0,11.0,-0.0712071536790152,2.408553044058321,False,17.0,11.0,0.0712071536790152,2.408553044058321,0.0712071536790152,36.0,97063.66319054196,210329.7342660899,108782.30948168393,17.0,11.0,-4.314391739282297,-309.4924295022984,190.17583363698265,-0.12824562747799279,-0.10255319573443172,0.4548217595142682,17.146,6.364,-0.10302060838445364,-0.4271563522664463,0.8982895997207808,0.2735275154596423,19.919185465566112,False
720575940620344097,280284.87752355315,287642.9259757739,210120.9152086137,left,0.0037340182265821,1.38008269244832,115963.38974952047,-3.0,-2.0,0.0034276736343743,1.386102464966739,True,-3.0,-2.0,-0.0034276736343743,1.386102464966739,-0.0034276736343743,0.0,40946.01771784032,-240866.05948811868,-23807.419190084955,-3.0,-2.0,138.27586480932936,399.22339505429807,-42.30062103425493,0.2982159264929671,0.3788194845314802,-0.026825898717802346,-3.062,-1.061,0.5496502006476551,0.8349400096870112,0.027565143784245794,0.11867654183545258,46.172887639550645,False
720575940620365447,340423.7318435754,276808.156424581,155567.2625698324,left,-0.6689125198873439,1.5835003920446074,122584.99490099566,4.0,-11.0,-0.6487250238271245,1.583557316888769,True,4.0,-11.0,0.6487250238271245,1.583557316888769,0.6487250238271245,6.0,97609.44635053421,-182050.21966459206,-17472.76151772469,4.0,-11.0,-73.40890498921652,415.9351844575078,-48.95024919065091,-0.36307470006843473,0.30711853734140826,-0.0892629261518612,-4.287,15.91,-0.5547997671437398,0.7820497205577093,-0.28389338307340156,0.26504105248417725,62.21183605398916,False
720575940620413606,328839.0396119644,312379.4632174616,179334.3249797898,left,-0.5359129321567484,1.239499121502872,118848.15870301014,-5.0,-11.0,-0.518228773420937,1.2492458238416273,True,-5.0,-11.0,0.518228773420937,1.2492458238416273,0.518228773420937,0.0,68324.36667216002,-190823.37624804894,-49563.44627898543,-5.0,-11.0,33.00142204519985,414.6833590926487,-133.62372603887346,-0.027521043474708705,0.4165327725034053,-0.2391329690247694,-9.798,6.364,0.04154541831701592,0.9109859157831351,-0.4103396635247766,0.1390872890526079,57.925707314230316,False
720575940620415568,716166.4431818182,331928.09090909094,145494.96212121216,right,0.4742742375123253,1.2194673204502136,129876.39328603176,-4.0,-11.0,0.474274237512326,1.219467320450214,False,-4.0,-11.0,-0.474274237512326,1.219467320450214,-0.474274237512326,0.0,105691.4909704381,196659.94274327776,-46378.41808326014,-4.0,-11.0,26.63655838243181,-414.3843773491966,-135.91741163895253,-0.07446946274344049,-0.406878494407097,-0.24907432912932062,-9.186,7.425,0.030853549525876916,-0.9096670843462458,-0.41419060121960105,0.2219946301450365,64.62609495639447,False
720575940620456801,299940.48270995065,258740.9371912492,178116.13267466478,left,-0.2660607165284925,1.6877157630469668,117631.07856228844,6.0,-5.0,-0.257023391432674,1.6839778381509602,True,6.0,-5.0,0.257023391432674,1.6839778381509602,0.257023391432674,0.0,77459.473226217,-223606.47121039117,988.7106553327649,6.0,-5.0,-22.835064482305228,436.3785104568522,15.61327106137636,-0.182008599726529,0.43974447378618686,0.0721120308927406,0.612,11.667,-0.07322722943988502,0.9905181208866485,0.11623951593043248,0.31757354097736884,80.07871778555361,False
720575940620462177,758056.5385130608,333623.3275284662,178045.733422639,right,0.0358675091228115,1.1564247348662366,130247.64215053144,-8.0,-4.0,0.0358675091228123,1.156424734866237,False,-8.0,-4.0,-0.0358675091228123,1.156424734866237,-0.0358675091228123,0.0,74047.33742750205,238774.20489393815,-39878.949148755346,-8.0,-4.0,168.54600602723986,-364.805311491565,-119.95137973249132,0.35709023637032566,-0.2832902750951094,-0.17526579019544872,-7.348,-4.243,0.6284175433868228,-0.7300571460553882,-0.26852924357904184,0.2033819490236334,30.29507620543118,False
720575940620500801,736089.8953942234,333441.6580796253,159984.38719750196,right,0.2735755766914927,1.1800974256036,128372.73789447748,-6.0,-8.0,0.2735755766914933,1.1800974256036003,False,-6.0,-8.0,-0.2735755766914933,1.1800974256036003,-0.2735755766914933,0.0,91509.16459393618,216735.6478241218,-44141.01853501714,-6.0,-8.0,94.86244240801844,-402.69264229734387,-134.21976273580765,0.15374519932044242,-0.3965005536779106,-0.22698696647415775,-8.573,2.121,0.3374785692233321,-0.869060381496521,-0.36172125819212547,0.12017229356232886,48.11335255926895,False
720575940620509233,295427.7445687953,314750.6148782093,218876.57669519424,left,-0.0701401260964002,1.1071423019158786,112687.16573407696,-9.0,-4.0,-0.0681609202921423,1.1224389738292675,True,-9.0,-4.0,0.0681609202921423,1.1224389738292675,0.0681609202921423,0.0,28302.295515633046,-223707.96522066608,-48025.819592079126,-9.0,-4.0,175.90654057273423,358.52792805643446,-121.16205890914065,0.3899144247107115,0.23804758341852367,-0.17276472739136037,-7.961,-5.303,0.6359233063019195,0.7306240175893107,-0.2485761320474869,0.31206224017418427,23.272824576917877,False
720575940620525076,778664.4714548803,200901.6758747698,215080.36832412524,right,-0.5302339142865188,2.146732896161424,130426.55412494046,8.0,15.0,-0.5302339142865201,2.146732896161423,False,8.0,15.0,0.5302339142865201,2.146732896161423,0.5302339142865201,0.0,58783.795589472575,249780.95341380715,98168.73709656036,8.0,15.0,140.52132442985553,-263.10375362848043,159.64777804951217,0.25923373777075814,-0.021003799578103916,0.4099555318941805,14.085,-7.425,0.6164391686775397,-0.3509196900950125,0.7048816371730535,0.3495163592018055,1.831932337262986,True
720575940620540977,303707.9440765269,291637.22737306845,185029.99264164828,left,-0.2978814031936888,1.400365143317918,117175.13137443288,-1.0,-7.0,-0.2880296809792429,1.4058636079991154,True,-1.0,-7.0,0.2880296809792429,1.4058636079991154,0.2880296809792429,0.0,65514.74698137249,-217377.7634510272,-30038.500742121585,-1.0,-7.0,46.64960221172614,433.28398773410447,-64.63667829052957,0.020767659940382405,0.4724292862758485,-0.08641825771590807,-4.899,6.364,0.15928803819571508,0.9740388475359433,-0.16085908236283072,0.11800810056934358,69.76906782085351,False
720575940620543297,301696.86993603414,176361.5223880597,217877.78251599148,left,0.1912315816110516,2.3967705534897448,114571.5465486866,15.0,11.0,0.1832262706346237,2.3719519291976408,True,15.0,11.0,-0.1832262706346237,2.3719519291976408,-0.1832262706346237,0.0,51223.09106229272,-227668.83518080183,88542.07225515145,15.0,11.0,23.316169363490413,309.6364645078695,189.33273636809994,-0.046648744024203374,0.13205665594823898,0.46453001361902096,15.922,4.243,0.09650321796387057,0.4439659767230041,0.8908318250012214,0.2673670240851075,20.43243958314191,False
720575940620552973,796285.4475138121,228984.66298342543,218638.5635359116,right,-0.542755419393666,1.8956283116303,134042.1337037538,3.0,13.0,-0.5427554193936662,1.8956283116302988,False,3.0,13.0,0.5427554193936662,1.8956283116302988,0.5427554193936662,0.0,51162.90833931089,269448.0922822581,72343.56639762921,3.0,13.0,187.3782565356573,-263.0430211984691,112.44487051368799,0.4017926783898635,-0.027416525694912364,0.265740364828189,9.798,-10.607,0.7385363682887536,-0.35973212330696863,0.570225246876985,0.31916758364272274,2.000048434582399,True
720575940620561835,275434.9056603773,320851.5566037736,263422.8301886793,left,0.3975066970755864,0.9765310932600766,119575.10727632036,-13.0,2.0,0.3812414745922708,0.9925639476055476,True,-13.0,2.0,-0.3812414745922708,0.9925639476055476,-0.3812414745922708,0.0,-17004.58526081984,-242902.9405681475,-48404.33455925638,-13.0,2.0,248.1636729694362,238.87584992286554,-102.790482718964,0.46034307334782887,-0.028498517111813507,-0.14102454395654518,-6.736,-15.91,0.984863143005584,0.10964203495559455,-0.1342505632016449,0.23377975901250403,1.7124839979087667,True
720575940620575960,297845.8339181287,332345.469005848,247129.0292397661,left,0.1180804549585134,0.8542493310892718,113011.1772725106,-15.0,-3.0,0.1112097641757748,0.8765352479900986,True,-15.0,-3.0,-0.1112097641757748,0.8765352479900986,-0.1112097641757748,0.0,-2322.369082815816,-219813.0369512497,-60698.09542028546,-15.0,-3.0,226.7106117022218,266.93638862415895,-166.56101364895153,0.4171220810026878,-0.013871562203503504,-0.24986920601538704,-11.023,-12.728,0.8876366616836627,0.3390436201952855,-0.31168987862931635,0.4236446587016313,0.5270157694120219,True
720575940620576216,316017.22869955155,335978.11061285506,223164.7533632287,left,-0.2339880129315365,0.8793018212581403,112960.09791000331,-14.0,-7.0,-0.2248762055629396,0.90119085414334,True,-14.0,-7.0,0.2248762055629396,0.90119085414334,0.2248762055629396,0.0,21095.579527697006,-201581.25816303326,-66771.32493406099,-14.0,-7.0,181.8268056185872,318.3107007217312,-193.57613195615548,0.3502886280467624,0.08622919263137904,-0.33218564365126474,-12.86,-7.425,0.6424168514115062,0.6259144387016159,-0.44218967021784666,0.5186836810028147,2.202187910765178,True
720575940620605776,698338.1920374708,353919.1007025761,154911.94379391096,right,0.6062177061853535,1.0230028215801417,130680.44487593448,-10.0,-14.0,0.6062177061853544,1.023002821580142,False,-10.0,-14.0,-0.6062177061853544,1.023002821580142,-0.6062177061853544,0.0,92602.41271739503,180564.41729540878,-67819.98251941428,-10.0,-14.0,50.158182094546135,-369.38033304863353,-210.00366700598693,-0.01712699062974006,-0.2320568469511899,-0.4296519131284777,-14.697,4.243,0.030689903055458292,-0.7778560834548911,-0.6276926344021126,0.40195862806035415,38.7625184643251,False
720575940620655854,728009.618743344,366562.5857294995,186021.6826411076,right,0.2345065419209037,0.8494435446302869,130661.27724127348,-15.0,-9.0,0.2345065419209044,0.8494435446302873,False,-15.0,-9.0,-0.2345065419209044,0.8494435446302873,-0.2345065419209044,0.0,60432.6854162674,211291.50584234713,-73207.17124160618,-15.0,-9.0,162.68443343064598,-306.07012051203515,-227.45717428825586,0.2915075809865551,-0.03911015839694446,-0.3973647400483853,-14.697,-6.364,0.5583622056811549,-0.5688768535066122,-0.6038300860434931,0.5363371876912257,1.1528325549567693,True
720575940620698192,249415.63210702327,239963.0702341137,261967.6923076923,left,0.5929267994967675,1.6682474659149606,122809.70905849912,-1.0,12.0,0.5755531442009844,1.664459846119022,True,-1.0,12.0,-0.5755531442009844,1.664459846119022,-0.5755531442009844,0.0,-3286.5272669845226,-274825.90306592104,29150.849664076664,-1.0,12.0,219.94148332326665,240.61759530353254,78.43128830326572,0.4523308010295114,-0.009404290246125841,0.173672189614511,6.736,-13.789,0.8410211086554197,0.23327859468264778,0.4881235417995098,0.2998105337816059,1.7371607105383875,True
720575940620721856,259612.324929972,301988.1008403361,266737.3669467787,left,0.4982311241785553,1.1587851756647225,123416.39729033005,-10.0,5.0,0.4812074233407396,1.1688362643447543,True,-10.0,5.0,-0.4812074233407396,1.1688362643447543,-0.4812074233407396,0.0,-17590.330004130876,-260051.46783750472,-30438.948567913372,-10.0,5.0,250.42613841071486,241.39917749497855,-53.15551203835346,0.4767665389310431,-0.02690509867254328,-0.07180923403281711,-3.062,-15.91,0.993695383390876,0.10422761412107265,0.04130483606417847,0.24909253210594304,0.6127916234760347,True
720575940620728710,706131.6258278146,324886.40066225163,134472.51655629138,right,0.5749243885758016,1.298116549235964,132635.57045694074,-1.0,-12.0,0.5749243885758024,1.2981165492359643,False,-1.0,-12.0,-0.5749243885758024,1.2981165492359643,-0.5749243885758024,0.0,117502.15374984988,186060.8356828505,-41912.49809686272,-1.0,-12.0,-29.48761419602618,-416.3049400324341,-114.92364505381548,-0.2560235878850138,-0.3472840001388904,-0.22163714362716752,-7.961,11.667,-0.3122805780119764,-0.8803607698801472,-0.3569954557869615,0.28992835634238323,77.30483995134455,False
720575940620735067,304256.5381165919,341139.2825112108,249140.08968609865,left,0.0760534990791198,0.76443252943207,115331.8663904904,-17.0,-4.0,0.0705331844701369,0.7888064681710802,True,-17.0,-4.0,-0.0705331844701369,0.7888064681710802,-0.0705331844701369,0.0,-5578.010812704955,-212758.15534497227,-68578.5834035332,-17.0,-4.0,224.37390097572222,244.50607734927323,-189.19671237158764,0.3781423320167403,-0.058887281177828835,-0.30486970719224776,-12.86,-13.789,0.8723532713180995,0.24842935226424318,-0.4210494352854294,0.4355477620876287,1.8233723130425277,True
720575940620739494,749808.7012987012,357182.9387755102,201664.00742115028,right,-0.0441318343375343,0.8992666383956442,128570.97593916286,-15.0,-5.0,-0.0441318343375332,0.8992666383956446,False,-15.0,-5.0,0.0441318343375332,0.8992666383956446,0.0441318343375332,0.0,46863.76642591016,232441.90069601723,-59925.40416308583,-15.0,-5.0,207.73767259079307,-281.7609164265752,-193.41755954534312,0.3829199859495738,-0.010159201805276517,-0.30578924767034904,-12.247,-10.607,0.7858615490211481,-0.41073465506007306,-0.46229716514679653,0.4253803921554281,1.4413916254093775,True
720575940620751051,265399.4430379747,189938.5569620253,255465.3164556962,left,0.6379069998632241,2.100294376277824,122906.46329276318,8.0,17.0,0.6173018823195424,2.08635388210507,True,8.0,17.0,-0.6173018823195424,2.08635388210507,-0.6173018823195424,138.0,11311.601484151168,-262618.0568996583,78527.74872277117,8.0,17.0,146.86546791594006,229.2421364007335,165.4428809612624,0.2744699705251577,-0.06562770030698176,0.3939715874900907,15.309,-9.546,0.5813386834966242,0.15159541771338955,0.7994148887772323,0.28872791391689107,1.5098866122827548,True
720575940620780270,709916.608,336377.792,144931.37777777776,right,0.5264909690953316,1.1865509478502598,130615.95323360238,-5.0,-12.0,0.5264909690953322,1.18655094785026,False,-5.0,-12.0,-0.5264909690953322,1.18655094785026,-0.5264909690953322,0.0,105432.73577794344,190751.72172593942,-51298.16168136899,-5.0,-12.0,23.136733730895447,-406.8397868281863,-151.61679031139005,-0.08990449111098614,-0.3644440262245415,-0.30762453984817234,-10.41,7.425,-0.01161821610075126,-0.897652570755135,-0.4405506546032292,0.2995163794981275,59.30647402336769,False
720575940620800020,300679.87781818176,270033.3090909091,178138.90909090906,left,-0.2848019791817673,1.5940008206571166,118540.92739886208,4.0,-6.0,-0.2753774896056526,1.5933034356266913,True,4.0,-6.0,0.2753774896056526,1.5933034356266913,0.2753774896056526,0.0,75669.87936461925,-222036.1417337737,-10074.575753182537,4.0,-6.0,-7.592032122391561,439.3642819308098,-11.474695242993944,-0.14240791299797462,0.4647957288257907,0.022473052791162032,-1.225,10.607,-0.034226903146592706,0.997635369071587,0.059600247301436204,0.26298391665348264,88.04925254095374,False
720575940620809894,275917.48708487087,216217.14022140225,213479.0774907749,left,0.1812815417622545,1.9817886335389232,116588.2737900858,8.0,6.0,0.1754857216869551,1.968215525536225,True,8.0,6.0,-0.1754857216869551,1.968215525536225,-0.1754857216869551,0.0,48813.23408667313,-250467.03317227776,46746.97425716025,8.0,6.0,80.80215222447988,369.09341638743456,119.15551031115436,0.14210807645358664,0.32960546094178556,0.3207619601882116,8.573,2.121,0.38812730692022873,0.7055902125037347,0.5928740554635404,0.12035064265523591,36.8329335502915,False
720575940620811892,720988.6016381236,300980.83097542817,132111.80938198065,right,0.4607456268829462,1.4807183652739395,131114.48743021116,4.0,-9.0,0.4607456268829468,1.4807183652739406,False,4.0,-9.0,-0.4607456268829468,1.4807183652739406,-0.4607456268829468,0.0,123872.28901855627,199098.46104300878,-17679.86241130297,4.0,-9.0,-47.371515722962165,-431.30527538453066,-48.98118389299338,-0.28536650264646085,-0.38478798543436077,-0.05083311744627937,-3.062,13.789,-0.2753515141392498,-0.9421412593503893,-0.19118418106863652,0.36027061237016417,80.8351254791357,False
720575940620826900,756520.5995165189,212165.6889605157,170874.90733279614,right,-0.0600603710250923,2.134643643988542,127648.94763210104,12.0,7.0,-0.0600603710250937,2.134643643988543,False,12.0,7.0,0.0600603710250937,2.134643643988543,0.0600603710250937,0.0,100250.38504920609,228237.79083175652,78476.96365647689,12.0,7.0,29.970139082371087,-364.29377020976034,146.4236956072596,-0.06432820288999674,-0.29980751787821225,0.37845570512189947,11.635,5.303,0.1857881368841937,-0.7260268265270019,0.6620935095258305,0.3574912172740961,40.41271552857099,False
720575940620847996,280933.8681785968,304840.3742026932,229217.4060949681,left,0.1100891675268043,1.181119030156793,113820.90791496928,-8.0,-1.0,0.1054414411688109,1.193549604123899,True,-8.0,-1.0,-0.1054414411688109,1.193549604123899,-0.1054414411688109,0.0,19391.76065086412,-238824.91329762535,-37667.32911332255,-8.0,-1.0,199.87199435785334,345.2910955174231,-83.36226290187244,0.43676030845418645,0.1866724287920202,-0.10125979029173092,-5.511,-7.425,0.7430328997082499,0.6597513765282544,-0.11238430103988405,0.3324344041927031,19.642471826620792,False
720575940620857776,774741.8294573644,235636.9509043928,177129.37123169686,right,-0.1632290676046257,1.9172482683765304,129562.64974341748,7.0,6.0,-0.1632290676046263,1.9172482683765304,False,7.0,6.0,0.1632290676046263,1.9172482683765304,0.1632290676046263,0.0,90705.47837558875,248181.15736908183,57663.781194207,7.0,6.0,93.48691954021037,-372.5997249412337,104.75239845118345,0.16954249258371298,-0.35872002822739213,0.2667962371507584,7.961,1.061,0.433886167149177,-0.7535639802720003,0.4938462529909658,0.10209203201855044,40.906242045524976,False
720575940620859574,757567.7288135594,329141.31278890604,174925.11556240375,right,0.0521314893623765,1.1953906384759967,129425.23556220064,-7.0,-4.0,0.0521314893623773,1.1953906384759971,False,-7.0,-4.0,-0.0521314893623773,1.1953906384759971,-0.0521314893623773,0.0,77826.22270094822,237935.65930457797,-35995.32786672018,-7.0,-4.0,159.0378277549012,-375.9032480513443,-110.47131731190476,0.32960380066983047,-0.3162768877464493,-0.15973166450374962,-6.736,-3.182,0.5856550766525144,-0.7759878934413446,-0.2342027335954943,0.1827077288520301,35.63061455975831,False
720575940620872630,266454.15364061453,262558.4101536406,224824.39545758185,left,0.2177038505266425,1.5610025456962544,115440.09174170897,-1.0,3.0,0.2105527510229944,1.560632974167773,True,-1.0,3.0,-0.2105527510229944,1.560632974167773,-0.2105527510229944,0.0,30132.815828516883,-256412.0816132114,2233.1270709979626,-1.0,3.0,166.3685217646164,364.38683555138783,19.274332060798372,0.3908563193997028,0.27895972229880245,0.05488991698393368,1.225,-4.243,0.6125522901694378,0.7521431258340375,0.24302347637374502,0.29404742100648296,29.166367274422218,False
720575940620916389,761749.4144927536,266848.94492753624,154654.49275362323,right,0.0755444015035001,1.7056188095277691,130402.56055116764,5.0,-1.0,0.0755444015035001,1.7056188095277698,False,5.0,-1.0,-0.0755444015035001,1.7056188095277698,-0.0755444015035001,0.0,107737.93464537612,237378.44854401812,22431.572981036,5.0,-1.0,42.88857014651063,-425.3355645666211,29.603903807851317,0.020695252929412277,-0.47346777978420834,0.08300685852256207,2.449,6.364,0.2137850177110044,-0.9459925869822651,0.24370882539807087,0.18917312618720875,72.68821525837322,False
720575940620922644,757668.0136054421,308033.2571428571,160828.0544217687,right,0.1072991615273767,1.3842157343285966,129837.03949097056,-2.0,-4.0,0.1072991615273773,1.384215734328597,False,-2.0,-4.0,-0.1072991615273773,1.384215734328597,-0.1072991615273773,0.0,95074.65352227607,236386.21173077985,-17437.902145007018,-2.0,-4.0,102.77745603886792,-416.67695698655973,-58.34670193693855,0.1917905801494965,-0.4359759847315827,-0.06936129295184927,-3.674,2.121,0.40156598614480354,-0.9133089808445402,-0.06790776303383149,0.07664983029302268,58.12483765823753,False
720575940620941703,782178.8110831236,197347.65743073047,223085.74307304784,right,-0.6112897070338684,2.150233869631529,133374.6820117564,8.0,17.0,-0.6112897070338698,2.150233869631528,False,8.0,17.0,0.6112897070338698,2.150233869631528,0.6112897070338698,0.0,51504.1541283213,253076.19877578705,103190.2740321347,8.0,17.0,147.73163424886096,-233.8780222014661,163.63681438487222,0.27310102153477067,0.055091200782957976,0.39848752116852226,15.309,-9.546,0.6244454593801342,-0.20479183443810534,0.7537427762884424,0.33237020412492346,2.090551152302525,True
720575940620960020,742061.1906677394,239730.0884955752,141129.4609814964,right,0.2374400116423438,1.933891296673873,131473.34121902456,11.0,-1.0,0.2374400116423436,1.933891296673874,False,11.0,-1.0,-0.2374400116423436,1.933891296673874,-0.2374400116423436,89.0,125009.72436020027,215655.27627351103,45578.367198615626,11.0,-1.0,-44.32575018670823,-413.31553919374664,75.39766264072948,-0.2631282906526501,-0.3592208586088432,0.19408504971304422,6.124,12.728,-0.21890592576852455,-0.8910536786706216,0.3976223552454992,0.35851428815078035,64.24334815677292,False
720575940620971173,262390.2314049587,209108.8140495868,244450.16528925623,left,0.4991849394329529,1.966733830747998,119510.4476690859,5.0,12.0,0.4832128862570974,1.9547614696289928,True,5.0,12.0,-0.4832128862570974,1.9547614696289928,-0.4832128862570974,0.0,19109.72957417273,-264277.66008151893,57687.341283246875,5.0,12.0,160.40067620183154,284.507431460343,130.01502046903187,0.32960019065994617,0.08977218764782453,0.33966470048645697,10.41,-7.425,0.6224314073628355,0.45276020687903856,0.6384256716291805,0.2824192213158327,4.775757988325424,False
720575940620996289,269945.1591836735,314222.0571428572,264302.0408163265,left,0.4332350921782766,1.0417568409394424,120311.84500046702,-12.0,3.0,0.4166269549862804,1.055689824842453,True,-12.0,3.0,-0.4166269549862804,1.055689824842453,-0.4166269549862804,0.0,-16927.101045771746,-248860.7608552953,-42130.66223509013,-12.0,3.0,249.49301000917742,241.35102142679924,-87.0198016382792,0.4640215627923916,-0.035813906046787365,-0.1316330694121628,-5.511,-15.91,0.9896029678558544,0.11696050099801902,-0.08370308965132167,0.27085100013687075,2.241925014587027,True
720575940621003457,740118.1981747068,285894.71707953064,137618.25293350714,right,0.3022534802088691,1.5859413403120026,131936.38350887797,5.0,-6.0,0.3022534802088695,1.5859413403120033,False,5.0,-6.0,-0.3022534802088695,1.5859413403120033,-0.3022534802088695,0.0,121162.02710231401,217099.16774132388,-577.749810071673,5.0,-6.0,-20.767953546099587,-438.6982458898998,-14.310064925122786,-0.17836358776097846,-0.45491313193484495,0.01820953808025447,-0.612,11.667,-0.07518718166346697,-0.995402139247879,0.0593419657093599,0.2987351273144018,89.21576914738132,False
720575940621056109,271253.4628571429,184754.0457142857,249058.7428571429,left,0.5877759591886614,2.170557975474744,121612.3095569717,9.0,16.0,0.5676678315289884,2.154555028219935,True,9.0,16.0,-0.5676678315289884,2.154555028219935,-0.5676678315289884,8.0,18560.82683744722,-257204.60894779518,83037.31668926541,9.0,16.0,133.02553760162348,245.11081392567002,172.50171241129422,0.23958778668981787,-0.017351305875385095,0.4197792607587186,15.309,-7.425,0.5341169674619038,0.21508379681976253,0.8175928237300611,0.259603720541808,2.5392124734047985,True
720575940621059422,280256.5623510723,280295.1612390786,204339.69817315327,left,-0.0227246979509091,1.4554521284052897,117013.86809473576,-1.0,-2.0,-0.0220096233257031,1.4589794487158063,True,-1.0,-2.0,0.0220096233257031,1.4589794487158063,0.0220096233257031,0.0,47812.005908863495,-241474.22631648276,-17490.674929350556,-1.0,-2.0,112.55780105197691,411.6786736813021,-21.47432652050718,0.23891122017887467,0.42303187595490377,0.01216665100257074,-1.837,1.061,0.45184752302095427,0.8851320132340225,0.11124358448069957,0.09609684302181656,54.20971200388624,False
720575940621096686,705024.6730975348,360758.4994640944,163355.24115755627,right,0.5293625480768043,0.9496391321103824,131198.80951169433,-12.0,-13.0,0.529362548076805,0.9496391321103828,False,-12.0,-13.0,-0.529362548076805,0.9496391321103828,-0.529362548076805,0.0,83309.24942174541,187792.4936122537,-72736.04837280247,-12.0,-13.0,85.92017543121261,-351.13047521217834,-224.6768489427121,0.09954808445094498,-0.16877657334427598,-0.4529816263606192,-15.309,1.061,0.19244014100635023,-0.7451306862453956,-0.6385507439075785,0.49557839728097686,23.098608364660798,False
720575940621123055,251653.3020134228,251110.58389261743,248012.0134228188,left,0.4587909343370615,1.6073014723773071,122025.90274998672,-2.0,8.0,0.4449477892239812,1.6052406525439926,True,-2.0,8.0,-0.4449477892239812,1.6052406525439926,-0.4449477892239812,0.0,8775.206623398304,-271864.04935495387,16120.991696061115,-2.0,8.0,214.56781227445066,292.8548721703524,46.61426484087361,0.45969550322685643,0.08689299973607399,0.12732854933530138,3.674,-10.607,0.8151778708129653,0.46663173594147167,0.34313242625710744,0.3282179642636223,3.5007571190285227,False
720575940621135495,295301.81990521325,338162.36018957343,255739.336492891,left,0.2049349108987178,0.7992136297649348,117497.357549209,-17.0,-2.0,0.1938750640984134,0.8216230869798988,True,-16.0,-2.0,-0.1938750640984134,0.8216230869798988,-0.1938750640984134,0.0,-11786.949807976362,-221864.4299355838,-65243.325871557696,-16.0,-2.0,235.0555203619297,241.2948489986107,-162.8297115529519,0.4077626634739749,-0.048374000685470715,-0.2600353388961839,-11.023,-14.849,0.9417635707522393,0.20362920377513705,-0.2676126382925435,0.4201898859883073,2.197171730020903,True
720575940621142407,252140.66849315068,261372.6465753425,260444.9315068493,left,0.5368982496643935,1.5002819808806822,120341.33141329965,-4.0,9.0,0.5204190401718846,1.5010384261293512,True,-4.0,9.0,-0.5204190401718846,1.5010384261293512,-0.5204190401718846,0.0,-5109.336888573574,-270539.4044481934,8022.246360572008,-4.0,9.0,234.0388466734587,258.43484970523383,33.85346839097031,0.47887796647211545,-0.005303214228714217,0.08439465602246025,3.062,-13.789,0.9126190393143373,0.31626215187431306,0.25904582678129573,0.3475108960572802,1.6782038135128767,True
720575940621150817,346290.5684608121,343680.657223796,194196.9027384325,left,-0.6710593862715739,0.9439427495654268,123766.27044088938,-13.0,-14.0,-0.6470631708062761,0.9596799837252632,True,-13.0,-14.0,0.6470631708062761,0.9596799837252632,0.6470631708062761,0.0,49031.88072866252,-171013.5125278268,-76777.15805305674,-13.0,-14.0,75.73078547399169,349.8870802935115,-227.64042146648717,0.0877709013554371,0.15626708978022077,-0.45508247827317705,-16.534,1.061,0.12556683544446243,0.7290266311361217,-0.6728693342178559,0.4917259432466637,20.65421501756181,False
720575940621181424,786492.3264683448,318372.1861174676,220802.471395881,right,-0.4096845878973442,1.2115956493473428,129265.21044085656,-10.0,4.0,-0.4096845878973432,1.2115956493473423,False,-10.0,4.0,0.4096845878973432,1.2115956493473423,0.4096845878973432,0.0,34754.12943318546,266288.43105593795,-16039.042326153756,-10.0,4.0,249.1347705903177,-255.27960379823963,-65.86606731141207,0.4793435417991128,-0.010400508821786664,-0.06525877733644937,-3.674,-14.849,0.9790694935219522,-0.2027165385037942,-0.018136479032820788,0.21629426950929243,0.37614956425621776,True
720575940621183624,738940.0979462875,352971.09004739334,182133.775671406,right,0.1571941100958116,0.9719125627490904,128096.09692725068,-12.0,-7.0,0.1571941100958125,0.9719125627490908,False,-12.0,-7.0,-0.1571941100958125,0.9719125627490908,-0.1571941100958125,0.0,66613.01410033854,221164.0307518898,-59655.16990028938,-12.0,-7.0,166.55958962866447,-335.5980376680199,-184.72195011612735,0.33316077950405476,-0.17359224398908046,-0.3117050001976764,-11.635,-5.303,0.576857282139086,-0.6787790637004373,-0.4544168336726365,0.38910087479796707,13.274958835360207,False
720575940621189358,762613.0096551725,317835.8786206896,172306.9793103448,right,0.0265178484235627,1.2901369277931205,129457.33555512477,-5.0,-3.0,0.0265178484235634,1.290136927793121,False,-5.0,-3.0,-0.0265178484235634,1.290136927793121,-0.0265178484235634,0.0,82285.46375883602,242116.0907333022,-24915.548979289662,-5.0,-3.0,150.07681063802994,-387.74579937723274,-81.62405040303007,0.31937165633676656,-0.3498612856389515,-0.09299801291384108,-4.899,-2.121,0.5952429185649375,-0.8002220939948053,-0.07301005534078506,0.15639757343911734,40.405204622450036,False
720575940621194405,795092.0072859745,256628.46630236795,202198.1785063752,right,-0.3806673671242589,1.7121859555867809,132640.20538168395,0.0,8.0,-0.3806673671242591,1.7121859555867802,False,0.0,8.0,0.3806673671242591,1.7121859555867802,0.3806673671242591,0.0,63014.41595705172,270188.5127772848,42428.955149772766,0.0,8.0,193.8103397905345,-312.3483199897696,58.75879146657497,0.4237991498622717,-0.17195596669666505,0.15290654042614457,4.899,-8.485,0.7753132441200262,-0.506509746062396,0.37727609337975254,0.19217091012068405,13.858574800743618,False
720575940621196532,294576.1677902622,303000.1528089888,203077.18352059927,left,-0.1511354837701838,1.2610319451234646,115521.24082988293,-5.0,-5.0,-0.1461589891687113,1.2711401716061077,True,-5.0,-5.0,0.1461589891687113,1.2711401716061077,0.1461589891687113,0.0,45738.70605139385,-225527.73607318706,-39021.410216218384,-5.0,-5.0,123.49044627849062,403.7240697111029,-87.84577636618653,0.2747872505560213,0.38259572956298554,-0.12087464053749576,-6.124,0.0,0.4705511561519019,0.8671681580433037,-0.16309811501023702,0.15081441045672447,44.07730976536787,False
720575940621216752,286890.09253731347,260634.7074626865,189981.94029850743,left,-0.1198088024831474,1.6477983234222822,117666.27294415903,4.0,-3.0,-0.1156164258479384,1.6451053541048064,True,4.0,-3.0,0.1156164258479384,1.6451053541048064,0.1156164258479384,0.0,65208.3075237749,-236403.3159930621,68.85055476306297,4.0,-3.0,30.996301280070515,433.09223510345424,14.39102098682422,-0.0003048965489774778,0.4767354461431125,0.06864610802052529,0.612,7.425,0.1668444186725195,0.9675821771738436,0.18959870878609322,0.17560556905035352,74.73183389623178,False
720575940621230757,260656.5696202532,200786.3924050633,258955.06329113923,left,0.6454677561145565,1.9999807064787911,121868.09041096512,6.0,16.0,0.6253721124753625,1.9881937085186656,True,6.0,16.0,-0.6253721124753625,1.9881937085186656,-0.6253721124753625,0.0,6069.4472069194335,-266524.92525062984,68058.51220556877,6.0,16.0,166.8083558125361,233.3673140668863,149.23242394855433,0.32260815615425714,-0.04033548004744082,0.3569580026719599,13.472,-10.607,0.6448278848665111,0.19153890093500345,0.7399390842003094,0.2769522759080266,1.4795954977506702,True
720575940621244325,252701.811550152,234655.7142857143,258933.43465045592,left,0.577373832806178,1.719438105474825,120375.99185003107,0.0,12.0,0.5600287534437688,1.7142198719781128,True,0.0,12.0,-0.5600287534437688,1.7142198719781128,-0.5600287534437688,0.0,605.8342842077477,-271960.12259251374,34131.868220455275,0.0,12.0,211.89147675371478,250.08420267167267,88.26485328149194,0.4442825420196066,-0.0005382065837271702,0.1971268719066842,7.348,-12.728,0.8228108697506927,0.26036135735986654,0.5051675328184072,0.2953737641173063,0.7903688603317729,True
720575940621252451,728076.7714604236,198352.52173913043,153524.32552954287,right,0.2369938077469,2.282549995322396,130183.24315677948,17.0,6.0,0.2369938077468987,2.2825499953223973,False,17.0,6.0,-0.2369938077468987,2.2825499953223973,-0.2369938077468987,0.0,119042.1138921748,198739.17895327797,87286.07578070775,17.0,6.0,-50.91524548182335,-344.6914641705747,152.27778278166724,-0.252910250670998,-0.1409098937840208,0.3798877110187602,14.085,11.667,-0.4357061673691907,-0.5333330192353906,0.7250627740476775,0.2663692696816573,29.914450522170114,False
720575940621254676,337747.6205395996,337596.73803307227,197683.82941688423,left,-0.5742850987739915,0.96822290713452,119141.3508792071,-12.0,-12.0,-0.553131327751462,0.9848350831459708,True,-12.0,-12.0,0.553131327751462,0.9848350831459708,0.553131327751462,0.0,46393.19289978534,-179958.76240104673,-70846.34691021139,-12.0,-12.0,97.99778421557623,359.8268351952084,-209.73503876558726,0.15937954631758247,0.20225539225376962,-0.418796427389627,-14.697,0.0,0.23135781615243275,0.7632604967486277,-0.6032470265224813,0.4443618636252661,18.49227827632415,False
720575940621263014,798618.1137440759,275120.5165876777,215497.0616113744,right,-0.4583921233785826,1.5559438495788966,131864.42093655042,-4.0,8.0,-0.4583921233785824,1.5559438495788962,False,-4.0,8.0,0.4583921233785824,1.5559438495788962,0.4583921233785824,0.0,47032.432260363246,275156.2158984781,26581.31289083745,-4.0,8.0,230.14557938600655,-275.17452999290686,20.73929675226639,0.47562765203421414,-0.05586963893917007,0.07882007579112485,2.449,-12.728,0.8878104279100363,-0.38361403243161557,0.2542300497890718,0.2994820217119386,1.8127930075586438,True
720575940621269603,787882.3581267216,275979.1331496786,188655.68411386595,right,-0.2405694424773919,1.587609401436044,131437.99885309953,-1.0,4.0,-0.2405694424773917,1.5876094014360438,False,-1.0,4.0,0.2405694424773917,1.5876094014360438,0.2405694424773917,0.0,73203.06655764129,264336.68165593926,20708.59662896043,-1.0,4.0,174.6189122739619,-355.8484620033022,19.336094464232715,0.39235532678393675,-0.27283633154723574,0.06508878602039674,1.837,-5.303,0.7054038629437942,-0.6521849698019646,0.27759710969025514,0.1991072991749484,25.199591642338316,False
720575940621269696,728936.4467532467,371832.98181818175,193890.8051948052,right,0.1845142066440717,0.787173508582739,131665.107361058,-17.0,-9.0,0.1845142066440726,0.7871735085827392,False,-17.0,-9.0,-0.1845142066440726,0.7871735085827392,-0.1845142066440726,0.0,51849.14060307412,212656.24776786027,-77082.65995572973,-17.0,-9.0,172.48942594232034,-275.59904084143614,-241.49616774367578,0.2833691848384638,0.034960502426411265,-0.40257114461296156,-15.922,-8.485,0.6241554879833444,-0.3785112439256738,-0.683490427908184,0.4755155814116256,1.379286725899424,True
720575940621300389,312901.9005145798,204180.28816466552,178530.39451114924,left,-0.2867145631312264,2.166321378576578,118742.40773143971,14.0,1.0,-0.2748878604826125,2.1486829692897054,True,14.0,1.0,0.2748878604826125,2.1486829692897054,0.2748878604826125,32.0,85888.95805709212,-214701.7627991533,55712.419778291965,14.0,1.0,-65.71573325572139,381.7512892153946,113.15434334640206,-0.2802754184810014,0.26761054089870717,0.2829779558485358,9.186,13.789,-0.4541435937262158,0.6827092916973655,0.5724173471406325,0.1813959883946507,45.08313226696951,False
720575940621304229,739829.4124062713,274155.1247443763,137148.4389911384,right,0.297207716270307,1.6749410949423205,131006.21367579135,7.0,-5.0,0.2972077162703073,1.6749410949423214,False,7.0,-5.0,-0.2972077162703073,1.6749410949423214,-0.2972077162703073,0.0,123471.69700853589,215942.28738112608,10887.380076353144,7.0,-5.0,-36.93452313658373,-434.39136143601894,11.160247065057604,-0.23797468060860158,-0.42174543986154134,0.0456940122589139,1.225,12.728,-0.16831745495158998,-0.978768302837147,0.11696941360847542,0.34226588973978683,83.54087694208482,False
720575940621308912,757381.4924901186,250340.4395256917,150554.37154150195,right,0.1053331062657496,1.836353653306522,131499.74783883276,8.0,0.0,0.1053331062657496,1.8363536533065223,False,8.0,0.0,-0.1053331062657496,1.8363536533065223,-0.1053331062657496,0.0,114309.70662654885,231778.0396270708,37724.30720904015,8.0,0.0,13.998937831032917,-419.84853660685314,64.1569099220783,-0.09370350023860967,-0.44116063406419315,0.17609149416443862,4.899,8.485,0.11218160135427833,-0.9222558829187216,0.36994509692574506,0.3071901177181863,69.2808308022777,False
720575940621314440,698785.1641443539,325989.0384167637,129949.10360884752,right,0.6388734531528479,1.3018543213422815,135331.51250941833,-1.0,-13.0,0.6388734531528488,1.3018543213422826,False,-1.0,-13.0,-0.6388734531528488,1.3018543213422826,-0.6388734531528488,0.0,121660.85486228358,178786.10295135327,-44242.9578626727,-1.0,-13.0,-43.189923774514966,-408.45678122869117,-118.68984304545606,-0.2922228559335479,-0.3089415985940236,-0.23541924795219027,-8.573,12.728,-0.41839212217105104,-0.8159835244222646,-0.39889712956678935,0.2714951716850988,74.80856139743143,False
720575940621318271,279659.6345323741,271036.07769784174,200129.3525179856,left,-0.0320975254351367,1.541361067853393,117925.89523376989,1.0,-2.0,-0.0309478428716245,1.542051856794339,True,1.0,-2.0,0.0309478428716245,1.542051856794339,0.0309478428716245,0.0,53418.07249716263,-242780.07135772935,-9083.490649454194,1.0,-2.0,88.1198138496814,420.82271314650444,-3.658960222838321,0.1762914269430037,0.44709109486879434,0.03537877548809375,-0.612,3.182,0.35746254548374207,0.9163458711097706,0.18036289273672576,0.10793369819398405,60.213477591503356,False
720575940621321608,711195.6418554477,273602.28694714134,127031.28371089535,right,0.5317001488005144,1.6964590383019218,128068.54178428174,10.0,-8.0,0.531700148800515,1.696459038301923,False,10.0,-8.0,-0.531700148800515,1.696459038301923,-0.531700148800515,0.0,133027.39704452598,187279.78938992028,7772.081972138807,10.0,-8.0,-98.37161925722458,-407.30230006292675,-1.5682466737971616,-0.45311713152893207,-0.19108522667966082,0.001598788956500428,1.225,19.092,-0.6186235208930496,-0.7831302786703412,0.06333960867893236,0.5063600449055775,50.13015424562673,False
720575940621337025,717514.6232247285,340995.95321637427,154511.47869674183,right,0.4406540731061764,1.1255043280597934,128362.2235187216,-7.0,-11.0,0.4406540731061771,1.1255043280597938,False,-7.0,-11.0,-0.4406540731061771,1.1255043280597938,-0.4406540731061771,0.0,95383.98263803226,198732.49173123983,-53781.194594720895,-7.0,-11.0,63.37682080006493,-396.96330762356985,-164.72575103309475,0.0453700293565971,-0.35644248640575266,-0.31861412258928873,-11.023,4.243,0.16642619168464176,-0.8716561215185369,-0.4609966686871052,0.2514984176638678,47.81254179641404,False
720575940621337792,252478.48275862067,206724.7724137931,261187.3103448276,left,0.6517994402451506,1.9280193266433088,127013.7347807322,5.0,16.0,0.6328684618905803,1.918320431851661,True,5.0,16.0,-0.6328684618905803,1.918320431851661,-0.6328684618905803,0.0,2780.5288605557407,-274227.9228681266,61977.78588637139,5.0,16.0,176.45321172373625,229.58190932815523,141.55255700749996,0.3585693312250775,-0.049349286392727836,0.3231150319505342,12.86,-11.667,0.6638978942421988,0.19098129898500774,0.7230254002860297,0.30874763232895436,2.0873404167202656,True
720575940621364907,291873.93350383634,333253.8925831202,257087.36572890024,left,0.2478683246041886,0.8394386117218451,116012.38236897788,-15.0,-1.0,0.2352956701090355,0.8607920191890504,True,-15.0,-1.0,-0.2352956701090355,0.8607920191890504,-0.2352956701090355,0.0,-12406.236637752947,-225636.03945126277,-60442.06689820639,-15.0,-1.0,239.0005163001047,243.64825556217164,-146.46195795289452,0.4293312691386029,-0.031184264864255015,-0.2253040691042672,-9.798,-14.849,0.9532237693888311,0.17796955322696031,-0.24431799687363343,0.33566434162389414,1.5997033768197015,True
720575940621376244,313244.4482758621,194906.73275862067,184747.41379310348,left,-0.2360255031951683,2.251228461680403,117829.51934106051,15.0,3.0,-0.2253883597148077,2.2310039547187226,True,15.0,3.0,0.2253883597148077,2.2310039547187226,0.2253883597148077,90.0,81219.19708801428,-215003.1839717212,65854.90346614372,15.0,3.0,-55.5770220579158,368.4376316770477,132.37514293669926,-0.23851430163251916,0.24556794324874162,0.3376457215370059,11.023,12.728,-0.4426899428584286,0.6354853850398217,0.6326009325734439,0.15266122785719063,40.07854252706763,False
720575940621407470,715366.3751051304,325857.3692178301,140505.3994953743,right,0.4913129465994427,1.2775079441837316,130752.71416722718,-2.0,-11.0,0.4913129465994434,1.2775079441837325,False,-2.0,-11.0,-0.4913129465994434,1.2775079441837325,-0.4913129465994434,0.0,111560.47479318919,195381.53129474865,-41249.0712404552,-2.0,-11.0,2.2804821523131213,-422.06184370321785,-116.98215807251394,-0.14823804918491984,-0.4094529550008998,-0.2099579587723842,-7.961,9.546,-0.0994269785674504,-0.9255829744917216,-0.36525392984060406,0.2326532777616157,73.51875293104806,False
720575940621444869,288459.5680608365,255502.0988593156,187812.13688212927,left,-0.1345664095166981,1.694750100235042,117713.41283626416,5.0,-3.0,-0.1298138050676956,1.69055173553506,True,5.0,-3.0,0.1298138050676956,1.69055173553506,0.1298138050676956,0.0,68188.4209813133,-235230.95289021716,4891.656780949996,5.0,-3.0,17.523255955137806,433.6963592882229,24.64619630498791,-0.06334806200232061,0.4709160818433824,0.08347126333139238,1.225,8.485,0.13459889312634157,0.9733290320970137,0.18577872118801506,0.26702134979346687,78.33002389177823,False
720575940621447350,757870.3047619048,188225.8895238095,195378.2095238095,right,-0.3104062915357025,2.316243597271129,128504.34499850798,13.0,13.0,-0.3104062915357048,2.316243597271129,False,13.0,13.0,0.3104062915357048,2.316243597271129,0.3104062915357048,0.0,79856.97432751225,227979.41760211636,106033.98747970148,13.0,13.0,66.60721267357836,-298.81842262265184,185.84178900153591,0.06581485796220107,-0.1180202900538883,0.4665698615762794,15.922,0.0,0.32930181145474613,-0.4674058244941671,0.8204219110930367,0.3294563925413658,12.360292937534254,False
720575940621454427,711129.1774325429,316127.6892886345,132904.6606704824,right,0.5374772600369219,1.3659408726987632,131856.93793851405,1.0,-11.0,0.5374772600369226,1.365940872698764,False,1.0,-11.0,-0.5374772600369226,1.365940872698764,-0.5374772600369226,0.0,120522.002101706,190388.3991468928,-33177.429153608966,1.0,-11.0,-39.28499870429935,-422.92704747051664,-90.27483810146742,-0.28382389245869033,-0.36278888454713465,-0.15371207477668603,-6.124,12.728,-0.3034618220377913,-0.8820098491827549,-0.3605128964546452,0.3161309610119425,79.81532499474181,False
720575940621467072,276741.1979865771,302533.9161073825,234259.3288590604,left,0.1743072092095489,1.1929699262614375,114401.07277147908,-8.0,0.0,0.167400971344444,1.2047352366056618,True,-8.0,0.0,-0.167400971344444,1.2047352366056618,-0.167400971344444,0.0,14701.230779833235,-243143.00915401726,-34897.45634593326,-8.0,0.0,210.22215647623557,333.9065733002909,-74.27685175867157,0.4528594373818314,0.16192540431968294,-0.08129626185624528,-4.899,-8.485,0.7709894890975085,0.6320713725903818,-0.0778523451982898,0.352156792846479,15.697235686449435,False
720575940621472750,785821.2512315271,313659.8054187192,211481.4778325123,right,-0.3439631887293792,1.263611677057761,129210.51618775076,-9.0,3.0,-0.3439631887293783,1.2636116770577608,False,-9.0,3.0,0.3439631887293783,1.2636116770577608,0.3439631887293783,0.0,44687.80259840744,265210.34274294146,-12924.93605505503,-9.0,3.0,240.69786444869533,-282.5334049847932,-64.93881349491755,0.47810436657853006,-0.0575709488933661,-0.05598550882725685,-3.674,-12.728,0.9265962158692791,-0.37144073029496494,-0.058747226442407804,0.2665352520111813,1.0610877367421643,True
720575940621491226,756827.133285816,265849.06343549537,148341.09764789732,right,0.1348830459128903,1.7207758353015727,131772.02813654375,6.0,-2.0,0.1348830459128904,1.7207758353015734,False,6.0,-2.0,-0.1348830459128904,1.7207758353015734,-0.1348830459128904,0.0,114039.50131833767,232354.40587843975,22061.673264938087,6.0,-2.0,19.529631732602116,-430.4593707825111,31.327975786170605,-0.06803163474066735,-0.47168004279145875,0.0754565642330156,2.449,8.485,0.14647107045609556,-0.9585350830477826,0.24445187683064773,0.3024100751368055,79.56136727101585,False
720575940621499329,265588.88674698793,196808.7614457831,242253.39759036145,left,0.5022304906034489,2.071627525841956,121962.59640478902,7.0,13.0,0.4858591561393815,2.057324484674413,True,7.0,13.0,-0.4858591561393815,2.057324484674413,-0.4858591561393815,0.0,23276.212043125488,-262009.3666323981,69680.828976196,7.0,13.0,141.57611829551286,280.6165592685447,149.2852611808273,0.2791423124935536,0.07413774162572877,0.3892381770117841,12.247,-6.364,0.5532865931508454,0.4613324362051219,0.6935750349778876,0.32950533397398624,2.6182926530375465,True
720575940621505718,762698.1686310064,191487.6228467815,196285.7660924751,right,-0.3324579082508466,2.2743516589305384,129519.9855547583,12.0,13.0,-0.3324579082508486,2.274351658930538,False,12.0,13.0,0.3324579082508486,2.274351658930538,0.3324579082508486,0.0,78534.36220596498,233040.55275341784,103312.50977626767,12.0,13.0,78.88666252119974,-298.9402116369373,180.35442822051115,0.11588921887157104,-0.1279161188653969,0.45106486023914116,15.309,-1.061,0.3976785850456966,-0.45383744608249854,0.7974229213719455,0.2824178984106104,14.117914034493738,False
720575940621526655,758719.4432624114,352109.4858156028,210876.3829787234,right,-0.1753086393546179,0.9269922831471428,127832.89095696888,-15.0,-3.0,-0.1753086393546167,0.9269922831471428,False,-15.0,-3.0,0.1753086393546167,0.9269922831471428,0.1753086393546167,0.0,38730.07541958839,241014.61705128275,-52828.87574421562,-15.0,-3.0,225.71730006762405,-261.33952814141156,-174.79085069475462,0.40735574903261323,0.020076596080799432,-0.2619593349981439,-11.023,-12.728,0.8789441207160377,-0.3161659429501849,-0.35706628120999034,0.4064921353146138,2.3406157131991843,True
720575940621528703,710283.869387755,359311.4734693878,166064.48979591834,right,0.473375566871527,0.9511208710231822,129894.43345991436,-12.0,-12.0,0.4733755668715278,0.9511208710231824,False,-12.0,-12.0,-0.4733755668715278,0.9511208710231824,-0.4733755668715278,0.0,80958.08456987857,192948.3575695051,-70503.97563058462,-12.0,-12.0,98.79728885332713,-351.1258654669761,-218.93573079041522,0.15191739709439406,-0.1797146267336511,-0.42807612874393214,-14.697,0.0,0.25179542934428295,-0.758583326839831,-0.6009579003573731,0.4864083522901102,20.213100524365913,False
720575940621536961,275131.6533559898,223646.58283772305,212755.0042480884,left,0.1641561713307015,1.91962708092816,115673.75226094118,7.0,5.0,0.1589645799395966,1.9078131378814955,True,7.0,5.0,-0.1589645799395966,1.9078131378814955,-0.1589645799395966,0.0,48342.39757641693,-250707.5504864587,39259.72518279292,7.0,5.0,82.17315784399041,378.0588986004535,105.15263486696523,0.14322781533674087,0.361510712137635,0.2803894844853235,7.348,2.121,0.42854033804008923,0.751048986681152,0.5022734297946696,0.15401644557598745,41.283010469648154,False
720575940621539494,309182.2146439318,201384.6178535607,183684.4934804413,left,-0.2204623088896843,2.186887003439339,117838.4550781972,14.0,2.0,-0.2109298859911096,2.1682346844219462,True,14.0,2.0,0.2109298859911096,2.1682346844219462,0.2109298859911096,0.0,81173.40709910622,-218583.5141965786,59015.77517866508,14.0,2.0,-53.21245231853731,380.1873971890415,121.49967795950806,-0.2479120736163494,0.27204565869341546,0.29943521960908503,9.798,12.728,-0.35920267134271106,0.67836216921658,0.6409354166185829,0.19469625880793795,45.12289962174834,False
720575940621545862,315692.8073115004,260071.5491241432,168598.2939832445,left,-0.424285644388174,1.6966493798062596,117119.73431417903,7.0,-7.0,-0.4101744892451726,1.6929501054871268,True,7.0,-7.0,0.4101744892451726,1.6929501054871268,0.4101744892451726,0.0,86933.1276213021,-207861.8643300873,-700.2944990762571,7.0,-7.0,-63.611716813132695,427.90161495440043,4.006405857037311,-0.3264703588849983,0.36265676547558456,0.048610561973103456,0.0,14.849,-0.3503429657946567,0.9331297343855798,0.08080040299219628,0.37268699509383424,70.657047530974,False
720575940621548543,752635.3517786561,230273.97944664035,151158.26086956522,right,0.1097934989696181,1.9929278213238129,132076.58493017164,11.0,2.0,0.1097934989696176,1.9929278213238133,False,11.0,2.0,-0.1097934989696176,1.9929278213238133,-0.1097934989696176,0.0,116791.23109986301,225568.9949176883,57239.510363579524,11.0,2.0,-7.888538198589845,-402.98447117007856,101.91219888459102,-0.15790877800621955,-0.37645421335735985,0.2642639771799084,7.961,9.546,-0.005146638383973354,-0.8634665757588355,0.5043798019951395,0.33568538048671603,58.46784244008767,False
720575940621550830,285014.9210526316,244414.8947368421,194001.57894736843,left,-0.0589380546086448,1.777875026751688,115970.28246724536,6.0,-1.0,-0.056542698980294,1.7707478980705469,True,6.0,-1.0,0.056542698980294,1.7707478980705469,0.056542698980294,0.0,63763.031221905614,-239443.11146291788,16543.889484566655,6.0,-1.0,30.770450902721922,424.7157662738297,49.82382893867529,-0.028158782398915297,0.4631322621349671,0.13917035596053698,3.062,7.425,0.17065257868403416,0.9282732756953697,0.3304336892907224,0.23500809338461862,70.60078014000324,False
720575940621582156,293139.987795576,247014.00457665903,182611.6857360793,left,-0.1816068408676147,1.7755703597647314,118209.94541321008,7.0,-3.0,-0.1751626947064122,1.768895604567633,True,7.0,-3.0,0.1751626947064122,1.768895604567633,0.1751626947064122,0.0,74746.38279316682,-231223.58905921158,12761.40503405679,7.0,-3.0,-10.511779234287912,431.9208571736786,40.165601237016865,-0.1465669154916055,0.4415550359101662,0.1298841329686193,2.449,10.607,0.002769702979225497,0.9667690123586993,0.255636471358044,0.3122407345418542,75.27625052506453,False
720575940621585276,775558.1400172861,243278.73120138288,174946.4131374244,right,-0.1423142275700113,1.8589623783258384,129822.58349672386,6.0,5.0,-0.1423142275700117,1.8589623783258384,False,6.0,5.0,0.1423142275700117,1.8589623783258384,0.1423142275700117,0.0,91670.66907672245,249544.4494873588,49851.07893508154,6.0,5.0,95.5848900512364,-380.4971987512994,89.817304964131,0.17036824393912411,-0.3828037963331765,0.23418406686775103,6.736,1.061,0.4416974298435495,-0.7472172710870735,0.49655788208303536,0.10070125460682865,45.142882739047316,False
720575940621602013,257505.30053804768,263947.27132974635,239215.24980784013,left,0.3536363825530384,1.5211501676619392,119156.50129189058,-3.0,5.0,0.3424215671508155,1.5217850924218794,True,-3.0,5.0,-0.3424215671508155,1.5217850924218794,-0.3424215671508155,0.0,15542.763611564847,-265139.27441830846,2505.3001729708694,-3.0,5.0,205.31475032368573,324.4803519830404,14.343075019437059,0.4467797115432686,0.1768747791047066,0.06597618580852371,1.225,-8.485,0.7779820109355595,0.5924693008803162,0.20910312808528797,0.2797091388492539,15.552654440350773,False
720575940621612897,252745.8265895954,230108.0809248555,250166.7052023121,left,0.5154181457869893,1.771295892915282,122190.12017763492,1.0,11.0,0.4999848870019674,1.7647231649401236,True,1.0,11.0,-0.4999848870019674,1.7647231649401236,-0.4999848870019674,3.0,9979.28830311555,-272309.2872537459,37222.96762361479,1.0,11.0,199.95076090897987,273.8843060551668,91.88380730177289,0.4261213763229772,0.061168206210203774,0.22033625723267036,7.348,-10.607,0.7514263080530748,0.39799382155312096,0.5262693431801517,0.31033195889141924,1.440192892469259,True
720575940621636534,289743.0206677265,297085.8505564388,205157.04292527825,left,-0.0984141134381234,1.3073338305045,115072.08452674224,-4.0,-4.0,-0.0952641550816543,1.3159356807174447,True,-4.0,-4.0,0.0952641550816543,1.3159356807174447,0.0952641550816543,0.0,44529.92423680513,-230770.11519849495,-33214.4828861168,-4.0,-4.0,125.19187953657729,405.5604455808882,-69.8757657184524,0.2692505971868353,0.388492749243005,-0.08255359133716694,-4.899,0.0,0.482075735912878,0.8705579659124539,-0.09864995099050028,0.12396695510911115,47.93928764402883,False
720575940621643041,286192.2367864693,210235.9408033827,211563.467230444,left,0.1303473355577236,2.0652735311911115,111352.60190605128,10.0,6.0,0.1259983210543954,2.048440824714227,True,10.0,6.0,-0.1259983210543954,2.048440824714227,-0.1259983210543954,0.0,51834.38475197789,-240674.2029469472,53070.5741348787,10.0,6.0,50.38643041223383,370.2292706430112,133.5924275306959,0.03808227919079958,0.3317040997166442,0.34788028479291866,9.798,4.243,0.2779370967564863,0.7005356447254564,0.6572676629164597,0.2098256813306417,41.88309659095794,False
720575940621643132,799638.7352941176,285772.03267973854,223420.2614379085,right,-0.5029963644380454,1.4654474493482246,132206.2422180222,-6.0,8.0,-0.5029963644380449,1.465447449348224,False,-6.0,8.0,0.5029963644380449,1.465447449348224,0.5029963644380449,0.0,37548.72317601683,277011.7080582154,17422.16611028692,-6.0,8.0,242.3703459979462,-252.02899557971253,0.8592438105589533,0.48256861514132765,0.003002662802740569,0.037053731715214824,1.225,-14.849,0.9483987252129421,-0.2569816016623193,0.18574260260246006,0.29007389000517303,2.341184355130281,True
720575940621647996,749155.0892410342,214054.6955796497,159765.57130942447,right,0.0624594191139315,2.1282280704301844,129373.08612398677,13.0,5.0,0.0624594191139305,2.128228070430185,False,13.0,5.0,-0.0624594191139305,2.128228070430185,-0.0624594191139305,0.0,110787.18491719867,220958.73239862078,74326.35028319669,13.0,5.0,-5.369720414609641,-378.04858413104887,137.23866830879373,-0.16404793616529345,-0.29098374976963587,0.35697388815831405,11.023,8.485,-0.031675560088097236,-0.7559332878923849,0.6538818877666778,0.3539793957893344,44.251094593214646,False
720575940621659046,744776.3363265307,351150.4391836735,185600.39183673472,right,0.0927650334718525,0.9839976902903368,128353.50483799315,-12.0,-6.0,0.0927650334718535,0.9839976902903372,False,-12.0,-6.0,-0.0927650334718535,0.9839976902903372,-0.0927650334718535,0.0,63583.4812391893,226872.78015425,-56893.65101739639,-12.0,-6.0,178.70796026499093,-330.84341243811906,-176.81853131882974,0.35968959720315424,-0.16100439598141225,-0.2936522196489769,-11.023,-6.364,0.6424086168579601,-0.6498263594458225,-0.40624730344462767,0.38766868830430756,12.245982672234817,False
720575940621683973,755977.4494047619,349389.9196428571,197414.6726190476,right,-0.0602840399059439,0.9822161490393602,128868.76317553528,-13.0,-4.0,-0.0602840399059428,0.9822161490393604,False,-13.0,-4.0,0.0602840399059428,0.9822161490393604,0.0602840399059428,0.0,52400.119645746316,237991.02614841916,-52482.45807991418,-13.0,-4.0,208.74870116391867,-300.43577925096304,-168.25450957843037,0.4097702706926018,-0.07448031418373835,-0.25583685270103096,-10.41,-9.546,0.7855589604533189,-0.511674496439293,-0.3479746102018036,0.4060942916344618,3.1304443588798,True
720575940621699521,750184.6534216336,248846.7726269316,144158.23399558495,right,0.1792474968761412,1.856060918523279,132096.271569891,9.0,-1.0,0.1792474968761411,1.85606091852328,False,9.0,-1.0,-0.1792474968761411,1.85606091852328,-0.1792474968761411,0.0,120729.488664015,224448.721586698,37664.26936343591,9.0,-1.0,-15.267039982739142,-421.95756102914135,63.05748018929947,-0.17434739826762446,-0.42074953611017046,0.16999026655564342,4.899,10.607,-0.019502342856779428,-0.932842356158407,0.3597565804539626,0.34765535724319757,70.91246843394936,False
720575940621699822,297142.44444444444,176047.8324225865,223801.16575591988,left,0.2823372099575998,2.3783283722061297,115038.88445007218,14.0,12.0,0.2703364474870299,2.354432953640347,True,14.0,12.0,-0.2703364474870299,2.354432953640347,-0.2703364474870299,0.0,45341.48711708321,-232194.92786912608,89463.4201635654,14.0,12.0,45.24417514584322,300.5025646358117,190.2231759844088,0.01359708653292907,0.1137328532643608,0.4719352416782507,15.922,2.121,0.1878435191153924,0.4792317142952668,0.8573516060170209,0.31545546352471854,16.63301473964772,False
720575940621710831,722916.5578512397,371698.2479338843,187318.88429752068,right,0.2763186066989875,0.8037101043187868,131946.78339994635,-16.0,-10.0,0.2763186066989885,0.8037101043187871,False,-16.0,-10.0,-0.2763186066989885,0.8037101043187871,-0.2763186066989885,0.0,58249.59493658655,206599.71438726917,-78424.28122369527,-16.0,-10.0,155.69814198234204,-295.6610368286632,-242.93702092766523,0.25997531226077913,0.002329729064545034,-0.422132676524341,-15.922,-6.364,0.5133590559427716,-0.5047051083661082,-0.69407149002873,0.539810569685356,2.6303617213370365,True
720575940621723283,746544.8105263158,176600.53157894738,189078.4210526316,right,-0.2150733520312647,2.430042019375222,131724.73050246818,16.0,13.0,-0.2150733520312676,2.4300420193752217,False,16.0,13.0,0.2150733520312676,2.4300420193752217,0.2150733520312676,36.0,87704.12788652004,215786.1973977409,115669.89241266313,16.0,13.0,26.6215226134684,-292.29937115034886,198.41098159745457,-0.05452972752159639,-0.06751615783397394,0.4766220627471642,17.759,3.182,0.05629480009447168,-0.4046233180686392,0.9127490706417883,0.3237870086742164,11.298256700075916,False
720575940621756336,782133.76875,328975.7,225231.3125,right,-0.4177051000355651,1.1167593839973482,129239.50599235884,-12.0,3.0,-0.4177051000355639,1.1167593839973478,False,-12.0,3.0,0.4177051000355639,1.1167593839973478,0.4177051000355639,0.0,28630.29343100229,262752.98237590684,-26091.176468512072,-12.0,3.0,250.08257845058836,-240.31502671653453,-92.30297972392674,0.4651940893152366,0.006023010393897964,-0.13148360286334188,-5.511,-15.91,0.9869049802721973,-0.1264869671920428,-0.10009798721499448,0.2228420489849087,1.5875242826444738,True
720575940621761449,289510.57731958764,182779.94226804125,227126.22680412373,left,0.3314351919025771,2.292133723431062,114771.83086084569,12.0,12.0,0.3182174908116772,2.270433678456913,True,12.0,12.0,-0.3182174908116772,2.270433678456913,-0.3182174908116772,0.0,40858.38181665525,-239287.47853299277,82813.59146631464,12.0,12.0,72.65141642012821,303.23633106671065,178.65852247032365,0.0979323732475584,0.1266606917170411,0.4554907168505167,14.697,0.0,0.3648841893601937,0.4687857644529127,0.8044249097344343,0.29808212282302327,14.295266563150193,False
720575940621773921,316702.04739336495,245217.8009478673,168692.95418641387,left,-0.4166402301889914,1.823892659812533,116225.05691870998,9.0,-6.0,-0.4022507254515197,1.8162724037334488,True,9.0,-6.0,0.4022507254515197,1.8162724037334488,0.4022507254515197,2.0,89200.09826707198,-207950.23803315166,14014.13362983687,9.0,-6.0,-76.86684458631733,420.30956885135913,25.44381343864397,-0.3605383460063122,0.32504890623748683,0.0521512562284106,1.837,15.91,-0.46728526150635663,0.8693718674494197,0.1607390446234037,0.34507239238879533,64.73129125996401,False
720575940621784979,319244.4078431373,335065.3050980392,214626.38431372543,left,-0.3175038801287904,0.9238954647033774,114663.52472366516,-13.0,-8.0,-0.305222273852244,0.9439642566339406,True,-13.0,-8.0,0.305222273852244,0.9439642566339406,0.305222273852244,0.0,29728.28958035402,-198486.42500739638,-66994.86473748217,-13.0,-8.0,160.2730928878681,337.1387170130534,-192.51874549688958,0.33005196756127786,0.1459291647352085,-0.33518539626715255,-12.86,-5.303,0.5616871459831724,0.6842256928716799,-0.46512659701585357,0.46086070105583044,8.159791448519798,False
720575940621842183,327345.7556109725,338430.62011637574,206581.24688279303,left,-0.4400408095038208,0.9309157955533822,118000.359525418,-13.0,-10.0,-0.4232740450496123,0.9496267307993848,True,-13.0,-10.0,0.4232740450496123,0.9496267307993848,0.4232740450496123,0.0,37288.04126424693,-190212.04589513558,-71003.13392693295,-13.0,-10.0,134.57779731409616,344.9290567457347,-206.76335245140137,0.2573755480492496,0.16179141465309305,-0.3854497104775331,-14.085,-3.182,0.4211572156302558,0.7313151935872442,-0.5364743119209175,0.4884560291859736,9.015092702125923,False
720575940621852042,752970.6542056075,261588.0517613228,145924.42846872756,right,0.1654627030854416,1.757171095193222,131282.84371953664,7.0,-2.0,0.1654627030854416,1.757171095193223,False,7.0,-2.0,-0.1654627030854416,1.757171095193223,-0.1654627030854416,0.0,117027.31218165817,228178.3647814873,25597.576021895307,7.0,-2.0,2.399479943054032,-430.06045591189087,39.70830735681246,-0.12586873794007497,-0.4541652295339347,0.11479917839029526,3.062,9.546,0.06566784428182122,-0.9526073914445529,0.2970301196723707,0.3326452286478379,77.40525471677887,False
720575940621894988,265597.4301158301,235517.05945945947,225684.84942084947,left,0.2793468064634887,1.7871404763473442,116110.47695245963,3.0,6.0,0.2703982335313241,1.7795238114711331,True,3.0,6.0,-0.2703982335313241,1.7795238114711331,-0.2703982335313241,0.0,33531.48973843694,-259255.09685815332,28936.596575119875,3.0,6.0,143.6521085306139,353.3842941482898,77.00315619339517,0.33153581543416427,0.2843668946398342,0.20696588243808725,5.511,-3.182,0.5878988418262381,0.6619519870263473,0.46496722320098927,0.12807404756290808,27.931243579653252,False
720575940621897648,273248.58311111113,196916.6577777778,236599.36,left,0.4368932963365248,2.107999024856868,116867.78568806103,8.0,12.0,0.4216555718563631,2.0917818578674527,True,8.0,12.0,-0.4216555718563631,2.0917818578674527,-0.4216555718563631,0.0,28980.767117555144,-254399.93234847015,69227.73697271186,8.0,12.0,123.62104568984049,297.22949325197436,152.17476247573342,0.2475337610456158,0.11719434068189968,0.3972428882837454,12.247,-4.243,0.5367486110674662,0.47090174297153675,0.7001089036596484,0.260986567178412,7.967639906282299,False
720575940621902674,756499.4614220879,234569.57034795763,154388.2602118003,right,0.0731322709964034,1.9563928438903104,131049.81184591068,10.0,2.0,0.0731322709964029,1.9563928438903109,False,10.0,2.0,-0.0731322709964029,1.9563928438903109,-0.0731322709964029,0.0,112995.08654874726,229760.54619062744,53799.08528052109,10.0,2.0,6.922404095138561,-405.7978776182244,94.57795766497613,-0.11661429293172082,-0.4004893581076431,0.24708309673710258,7.348,8.485,0.09488427349063674,-0.872924712852059,0.4785388389005688,0.3417631786152285,60.90457167575731,False
720575940621952636,297983.7202505219,187442.65553235903,207539.248434238,left,0.0788952425759745,2.287761857882338,115568.1921026892,14.0,8.0,0.0765021468222941,2.2654880951811216,True,14.0,8.0,-0.0765021468222941,2.2654880951811216,-0.0765021468222941,0.0,59615.85225943094,-230622.56726445665,75724.06517237582,14.0,8.0,12.378453012840291,343.1706967068268,169.2358982033874,-0.08327456136479296,0.21431009338271445,0.4282213889439337,13.472,6.364,0.06299903270947026,0.6170188463417882,0.7844226317086472,0.3098692072712953,31.162496152741156,False
720575940621959185,745086.8482060719,219901.2401103956,151010.08279668816,right,0.1479478186451714,2.084011992808432,131024.4305861001,13.0,3.0,0.1479478186451707,2.084011992808433,False,13.0,3.0,-0.1479478186451707,2.084011992808433,-0.1479478186451707,0.0,118435.88717691206,217275.24572788828,66888.5732729607,13.0,3.0,-26.93937491879311,-388.3049836159346,119.90415769652132,-0.22144363826688274,-0.30202400980822847,0.30764728310030676,9.798,10.607,-0.1637046231104678,-0.7689792006944014,0.6179577536301809,0.32937209516801824,49.58767083872644,False
720575940621975254,284180.68780831574,274503.4897815363,196332.6849894292,left,-0.0862464297590525,1.5202927128013937,117506.42076737771,1.0,-3.0,-0.0833308995399575,1.5217506795837303,True,1.0,-3.0,0.0833308995399575,1.5217506795837303,0.0833308995399575,0.0,56702.04505682696,-238040.681608517,-12775.544635635963,1.0,-3.0,74.93494737267723,426.66272120402806,-12.316933985162695,0.13467445976186143,0.46182299835407986,0.029662897222140116,-1.225,4.243,0.31042996553778546,0.9383116287502055,0.1523303116531514,0.09801219720815209,65.30513234312232,False
720575940622000993,693452.2610837439,336015.00985221675,134407.3891625616,right,0.6757607725013177,1.218770673282602,135270.45227750478,-4.0,-14.0,0.6757607725013185,1.2187706732826027,False,-4.0,-14.0,-0.6757607725013185,1.2187706732826027,-0.6757607725013185,0.0,115581.30538341975,174236.58330687272,-53791.63407958213,-4.0,-14.0,-18.150475962077692,-400.30594128737494,-152.308484035178,-0.23145052870909402,-0.2920606519788518,-0.3084836578531711,-11.023,10.607,-0.300436510724669,-0.8149354246476541,-0.4955987859931999,0.3118721134763952,64.77136667671537,False
720575940622005620,261058.5526057031,247363.1071779744,233883.7758112094,left,0.334736249919679,1.6693221258269335,116544.3686849545,0.0,6.0,0.32405589148695,1.6653805112070668,True,0.0,6.0,-0.32405589148695,1.6653805112070668,-0.32405589148695,0.0,23486.16411452488,-262853.93252692383,18245.831191174235,0.0,6.0,180.91463560142049,336.3341589111725,51.29572733449536,0.40315375164478845,0.22800106907997048,0.13109369097942472,3.674,-6.364,0.6907414609336826,0.6120155457908294,0.38511453602474593,0.2316187279576233,20.400139069796154,False
720575940622006337,254673.5660160735,229580.9092996556,255722.61768082663,left,0.5599927785603497,1.7688114084085833,119566.01504799038,1.0,12.0,0.5429387194210571,1.7622260131956693,True,1.0,12.0,-0.5429387194210571,1.7622260131956693,-0.5429387194210571,172.0,4611.961466085448,-270389.1698621659,38761.53985616551,1.0,12.0,203.2943329414769,259.0488074046867,96.11561848396923,0.4303583796442587,0.017252954960055814,0.2227142169488968,7.961,-11.667,0.7701797044713881,0.30656546857959527,0.5593217645460783,0.3130625593862855,1.4085013585268793,True
720575940622025505,299619.5882352941,203347.23183391005,190536.15916955017,left,-0.1053401512568139,2.151834042614734,117604.23842211596,13.0,3.0,-0.1004163963841791,2.1336764349911834,True,13.0,3.0,0.1004163963841791,2.1336764349911834,0.1004163963841791,0.0,73925.35157380367,-227930.07626939224,57483.303742219825,13.0,3.0,-28.008517658734593,384.52409421800695,128.99699638337606,-0.18773255664649646,0.29949083795175996,0.33372759797080825,9.798,10.607,-0.194855594476134,0.7457373802143608,0.6371083558174185,0.23689645173615007,45.2111708924014,False
720575940622033110,784291.6168307968,221366.30259624,200568.52282900628,right,-0.3900003896015164,1.992758881910818,130967.23413815608,6.0,11.0,-0.390000389601517,1.9927588819108168,False,6.0,11.0,0.390000389601517,1.9927588819108168,0.390000389601517,0.0,69987.15311314502,256806.45852986976,76119.10150623904,6.0,11.0,142.6808875762557,-309.35101979567366,126.63206173013785,0.30811769606978057,-0.17398115088222973,0.3274920492702592,10.41,-5.303,0.6048695255113479,-0.4802219798938979,0.6352320104768506,0.1318367073436556,15.656647782029859,False
720575940622034390,267467.49650349654,284022.9153069153,232327.55244755244,left,0.2313333314363877,1.3646112102957295,116083.36377106886,-5.0,2.0,0.2232770007466476,1.3705706378015008,True,-5.0,2.0,-0.2232770007466476,1.3705706378015008,-0.2232770007466476,0.0,19358.736585884137,-253769.15175005217,-17641.060918973988,-5.0,2.0,201.6381765108246,342.526029813122,-27.173615495690182,0.4500941015895998,0.18923758647529657,0.0025357437937128585,-1.837,-7.425,0.7257690168339856,0.6599443090033936,0.1942494355663961,0.3876058102144378,17.11361216117221,False
720575940622087245,734254.3398804441,200997.11357813835,156939.4705380017,right,0.1699934162316649,2.256255408909142,129212.33859580096,16.0,6.0,0.1699934162316635,2.256255408909144,False,16.0,6.0,-0.1699934162316635,2.256255408909144,-0.1699934162316635,0.0,115365.53828907321,205117.29519537638,85666.86052486859,16.0,6.0,-37.620597064962496,-352.63414991746293,152.51616244657228,-0.21561982451013953,-0.19362431066545163,0.3857095638166592,13.472,10.607,-0.32847362752606835,-0.5915087152910893,0.7363576004595531,0.23329900518298116,33.71273345656812,False
720575940622089605,340162.5056867892,327468.99387576553,183589.95625546807,left,-0.6311213543356214,1.1050538733014648,120971.9689953099,-9.0,-13.0,-0.6098734953604426,1.1176450524431552,True,-9.0,-13.0,0.6098734953604426,1.1176450524431552,0.6098734953604426,0.0,61949.20159103323,-178390.14246715198,-62934.95273592882,-9.0,-13.0,51.70606058725643,386.5770382416398,-184.4270932380355,0.016585151453772227,0.3031729982636367,-0.3760518620126331,-13.472,4.243,0.05748315389003322,0.8479322610690225,-0.5269787165125647,0.33665189854145317,39.74477968348866,False
720575940622099638,274253.04075235105,263213.1159874608,199151.09717868333,left,0.0016707128816196,1.6066398387603888,121658.5300744222,2.0,-1.0,0.0018320816771927,1.6052104810434424,True,2.0,-1.0,-0.0018320816771927,1.6052104810434424,-0.0018320816771927,0.0,55519.16892818168,-248755.2041998879,-1923.1728465029628,2.0,-1.0,85.20719761042108,417.6008159651054,15.110020528058902,0.1529588940456396,0.4515607437257585,0.049891163260372545,0.612,3.182,0.37544345827361986,0.9025773772964358,0.21070426581403623,0.12696809398099498,62.10489098451416,False
720575940622105880,251899.67741935485,216999.85806451613,262292.0,left,0.6402373947649571,1.8491539621633983,124360.95171071394,3.0,15.0,0.6215462935036455,1.8410351371629567,True,3.0,15.0,-0.6215462935036455,1.8410351371629567,-0.6215462935036455,0.0,59.182592904219746,-274040.08330704446,51993.21124467868,3.0,15.0,192.79623995116307,228.9451925230208,124.31420978614702,0.3921526344936791,-0.0465146821527346,0.28181375955957394,11.023,-12.728,0.7717415705069959,0.1901841728406373,0.6068318784905076,0.2905771089695121,2.6850153672158865,True
720575940622129927,326412.07181328547,230684.39497307,165786.7863554758,left,-0.4926631728297268,1.958441343543725,116161.54777316011,12.0,-5.0,-0.4750856480436157,1.9473117977436347,True,12.0,-5.0,0.4750856480436157,1.9473117977436347,0.4750856480436157,0.0,94537.47014275753,-199357.8256690549,28561.751515637407,12.0,-5.0,-99.19881153059254,395.63084092656993,49.76310858177257,-0.4203924005361996,0.2134309136688182,0.09854682396169225,4.287,18.031,-0.6555823868379351,0.6122837319955303,0.4419506370642561,0.365539423289537,50.02659585297267,False
720575940622135105,306328.3905511811,310559.5086614173,197213.0393700787,left,-0.2777827292826733,1.2068229376470614,115611.4472061742,-6.0,-7.0,-0.2682738675804151,1.2185548981156389,True,-6.0,-7.0,0.2682738675804151,1.2185548981156389,0.2682738675804151,0.0,50550.15843412762,-213288.845036682,-46551.76608491615,-6.0,-7.0,106.69401264774784,405.2393350254403,-114.30307996979042,0.2072142293796477,0.3975010337205852,-0.17289704275491755,-7.961,1.061,0.3675263255142635,0.883715484634662,-0.2897780914267127,0.11030537623959455,45.66748002689163,False
720575940622144383,294094.96399535425,330741.0917537747,242551.12659698023,left,0.1001681913581157,0.901756994083384,115398.00483765228,-14.0,-3.0,0.0945607407186069,0.9223988558036028,True,-14.0,-3.0,-0.0945607407186069,0.9223988558036028,-0.0945607407186069,0.0,2382.3085051725775,-223702.04884709293,-60113.425070054174,-14.0,-3.0,222.62209959338102,283.1532537131568,-160.0179360060243,0.42086050799207525,0.029085919247984524,-0.24170404099235734,-10.41,-11.667,0.8667166863887172,0.4023566431437254,-0.29480725441120825,0.40049605727588206,0.5053906982719044,True
720575940622178175,274157.81651376147,216695.8128440367,220143.74311926603,left,0.2424955577092165,1.969123587891084,114789.19419907928,7.0,7.0,0.2344390318007391,1.955795769986381,True,7.0,7.0,-0.2344390318007391,1.955795769986381,-0.2344390318007391,0.0,42125.5979132906,-252142.7291502353,47206.21421622497,7.0,7.0,100.76446254984305,356.2413321460909,117.60059420746151,0.2046415866216208,0.2895072082142355,0.3240656379270159,8.573,0.0,0.5072878089571251,0.6407832390525817,0.57624293438858,0.13328144122174312,28.817470603341985,False
720575940622206442,732775.0252600297,263835.0728083209,132856.31500742942,right,0.3531904306441141,1.7593093940728408,131051.9161916542,9.0,-5.0,0.3531904306441142,1.7593093940728417,False,9.0,-5.0,-0.3531904306441142,1.7593093940728417,-0.3531904306441142,0.0,129208.44071733557,208117.92385220123,19862.86252858083,9.0,-5.0,-64.83355289923722,-424.7120136266461,24.638841719148346,-0.3219673548893617,-0.35607271236112964,0.06085640552909982,2.449,14.849,-0.34531914171963163,-0.9249118809840045,0.15903679692652195,0.3754065590679997,73.74063593630873,False
720575940622209868,272635.2639724849,266183.7798796217,213349.71625107483,left,0.1007221610726388,1.5542460461152383,115602.10341188096,0.0,1.0,0.0974366098630426,1.5542954708990897,True,0.0,1.0,-0.0974366098630426,1.5542954708990897,-0.0974366098630426,0.0,41002.73291929678,-250056.05048972703,-2712.928354685061,0.0,1.0,135.00480672495857,390.91910191413905,13.281129633963822,0.305377078294628,0.3690864498635642,0.05358520647487636,0.612,-1.061,0.5881858133701742,0.7676442389545823,0.2544794124284056,0.1504687653857411,42.945975384549044,False
720575940622211241,741761.2602739728,366251.80821917806,207563.42465753423,right,-0.024251688339582,0.7954097330127704,128581.05838141596,-18.0,-7.0,-0.0242516883395807,0.7954097330127708,False,-18.0,-7.0,0.0242516883395807,0.7954097330127708,0.0242516883395807,0.0,39462.93374663067,225124.18813871275,-68497.89401981338,-18.0,-7.0,197.4515873190477,-250.84060537294192,-227.0259298654026,0.3165630712541891,0.08517928633891934,-0.3708174735413972,-15.309,-11.667,0.7289470229536962,-0.3105685430011887,-0.6100683714347617,0.5159087905063167,3.177743610876948,True
720575940622245033,255218.26895854395,231320.9140546006,246958.13953488367,left,0.4840200842947345,1.7711675719157305,120196.4214258874,1.0,10.0,0.4692170710488159,1.764447048103839,True,1.0,10.0,-0.4692170710488159,1.764447048103839,-0.4692170710488159,0.0,13000.878148193922,-269775.291908668,35697.29022985722,1.0,10.0,194.58916254402394,288.3466127880215,86.91167155703297,0.41809661010340177,0.10429387266647577,0.21738678570260267,6.736,-9.546,0.7343620466251118,0.4622513413776609,0.4970272445964411,0.2840945739296255,6.286854242115067,False
720575940622249129,246692.18556701028,238172.4226804124,265848.24742268043,left,0.6276596354378855,1.6727012618763395,125451.0364662078,-1.0,13.0,0.609785622928748,1.6688806438805124,True,-1.0,13.0,-0.609785622928748,1.6688806438805124,-0.609785622928748,0.0,-6885.0418868147,-277648.40693778143,31334.070253606555,-1.0,13.0,221.41143866149343,227.49179531418096,82.64792712312423,0.4498573535848975,-0.03457543431193716,0.17651668282781025,7.348,-14.849,0.8559401516753858,0.18248873420249512,0.48380194154125555,0.29082069210417794,1.5229465348596545,True
720575940622263815,740270.5563435776,232573.9732072498,140858.47123719467,right,0.2444365589631197,1.989015203355192,132410.00110565504,12.0,0.0,0.2444365589631195,1.9890152033551929,False,12.0,0.0,-0.2444365589631195,1.9890152033551929,-0.2444365589631195,0.0,126373.08925928564,213340.00990514684,52453.72686481863,12.0,0.0,-45.996595194849725,-404.9495647442444,89.13190329103068,-0.2691443214973603,-0.327448175570607,0.22672304033251828,7.348,12.728,-0.25647884707929675,-0.8242314503321101,0.5048377138093996,0.3387056865346303,58.92708863164764,False
720575940622286669,731120.1834862386,222156.8140116764,140088.1067556297,right,0.3039139812032581,2.0796396851924763,131687.64364009167,14.0,1.0,0.3039139812032577,2.0796396851924777,False,14.0,1.0,-0.3039139812032577,2.0796396851924777,-0.3039139812032577,0.0,128609.93706632414,203441.41957244868,61932.883572156265,14.0,1.0,-65.57618788662415,-385.5799853617826,104.19912642711293,-0.32474557928848335,-0.2454018767313312,0.2683590044040926,9.186,13.789,-0.45239679989233345,-0.6767462169051659,0.5808198458659297,0.27775808019775605,49.739131033491816,False
720575940622304895,781863.149409312,317817.9847116053,196807.19944405835,right,-0.2199563258220904,1.2604365508434625,132335.14028918333,-8.0,1.0,-0.2199563258220896,1.2604365508434625,False,-8.0,1.0,0.2199563258220896,1.2604365508434625,0.2199563258220896,0.0,58448.482908064936,261473.24015329752,-19630.844862855498,-8.0,1.0,220.3661214760627,-319.9755545873249,-72.66306585527154,0.4618860483966581,-0.13706789147212967,-0.06830541151573258,-4.287,-9.546,0.8233786012909216,-0.5616947389812914,-0.08091167491125588,0.31397373281698654,10.122381278976796,False
720575940622307731,262763.78193653375,239467.69731489016,228013.44182262,left,0.2987806601653692,1.7465790557729253,117407.92692985944,2.0,6.0,0.2893343152728579,1.740301131172351,True,2.0,6.0,-0.2893343152728579,1.740301131172351,-0.2893343152728579,0.0,30557.99496625459,-261774.28848915859,25212.157502124843,2.0,6.0,156.5711326361926,348.8292125587105,68.08003059301446,0.3562839407665625,0.27544034473015716,0.17673407405793998,4.899,-4.243,0.5861258875594596,0.6632585043481197,0.4653435293871949,0.20388122014985988,26.57888132299348,False
720575940622344820,250001.2360515021,247213.2303290415,260821.8025751073,left,0.569368291268371,1.6133043335467132,121936.41746564666,-2.0,11.0,0.5524620472478992,1.6109466681806497,True,-2.0,11.0,-0.5524620472478992,1.6109466681806497,-0.5524620472478992,0.0,-3287.701957264693,-273714.74418148736,21871.69166230454,-2.0,11.0,226.02611037344556,249.9737821611028,64.915359252702,0.4634492297443857,-0.00726673314104356,0.1452280139421675,5.511,-13.789,0.8732714841150375,0.2647599893814088,0.40902208137737034,0.3125415617579796,1.7568746172273992,True
720575940622365985,259045.5392278953,290560.2141967621,262255.1432129514,left,0.4848429412317185,1.2546744358956965,119836.57923517047,-8.0,6.0,0.4685362843313994,1.2625055745204354,True,-8.0,6.0,-0.4685362843313994,1.2625055745204354,-0.4685362843313994,0.0,-11373.314356455576,-261488.99155531602,-19937.024421937524,-8.0,6.0,246.83422939790134,255.04287924884022,-25.469023828710114,0.484843852612424,-0.02199682250470083,-0.017190599950358664,-1.225,-14.849,0.9708239157375748,0.2113663216087931,0.11324841156294724,0.2989839594304986,0.7170090622674397,True
720575940622383624,305701.71012145746,249886.97004048584,175185.00404858295,left,-0.3099760313078543,1.7700601677845311,116291.63667776147,8.0,-5.0,-0.2992200581191302,1.7637475847424322,True,8.0,-5.0,0.2992200581191302,1.7637475847424322,0.2992200581191302,0.0,81854.21112088743,-218533.32134285037,9656.202788305776,8.0,-5.0,-51.99975009410384,429.0327890754472,29.66506401560076,-0.27428825907903254,0.3919973493542013,0.08359948190351658,1.837,13.789,-0.2583923179687703,0.9418362299696009,0.2148904975362453,0.33901606242394633,71.6194959909105,False
720575940622424325,297596.32558139536,262773.75581395347,180228.60465116275,left,-0.24459719308355,1.6498419826981228,117796.9979184369,5.0,-5.0,-0.2363324723478198,1.6472830729473245,True,5.0,-5.0,0.2363324723478198,1.6472830729473245,0.2363324723478198,0.0,74695.29700614446,-225632.87627991068,-2815.793104303586,5.0,-5.0,-8.869030879355618,437.798181268907,6.662156419793169,-0.14048452246369647,0.45853326253050114,0.04826540012598961,0.0,10.607,-0.011446135469966815,0.9945066832509245,0.1040453889033468,0.2843125899994325,85.07921317113001,False
720575940622447344,802378.6022304833,283082.04213135067,227747.8562577448,right,-0.5422655305870927,1.48046930911508,133778.4229947482,-6.0,9.0,-0.5422655305870925,1.4804693091150791,False,-6.0,9.0,0.5422655305870925,1.4804693091150791,0.5422655305870925,21.0,33749.92855101498,279574.13523966976,20954.038593953454,-6.0,9.0,244.46878666452602,-237.62309969376824,7.86507936083577,0.48053306979410537,0.0270800061778451,0.039388072838981915,1.837,-15.91,0.9677088796812282,-0.1654732350275516,0.19015291918773902,0.24888712028206542,1.7118464035357588,True
720575940622468681,721045.6551724138,254599.8665183537,129542.2914349277,right,0.4416083655095199,1.838328528972972,129563.91925103847,11.0,-6.0,0.4416083655095201,1.8383285289729727,False,11.0,-6.0,-0.4416083655095201,1.8383285289729727,-0.4416083655095201,65.0,133723.46730143638,195717.85173653375,27589.611947367168,11.0,-6.0,-98.09035536799412,-404.8996831359853,22.50017326047604,-0.43978301019490423,-0.20176472750622526,0.03555094337199372,3.062,18.031,-0.673473172736964,-0.7156653088299497,0.18508660497437482,0.3984385032550641,51.57744098261186,False
720575940622468888,290354.61829653,228336.8138801262,189343.50157728704,left,-0.0951701909275098,1.924297875224904,117188.37336217462,9.0,0.0,-0.0912683872179453,1.9126956539707405,True,9.0,0.0,0.0912683872179453,1.9126956539707405,0.0912683872179453,0.0,70994.23977570074,-235334.47456332704,32021.08112762955,9.0,0.0,-2.713461519681656,416.13288972097644,81.59429234742605,-0.1252484482065039,0.41400793242871486,0.21673880229583034,5.511,9.546,0.08708375898548402,0.9014457972704921,0.4240423251331462,0.3516023801654956,65.21722789478504,False
720575940622490381,746246.5164835164,306557.6675824176,150769.86263736265,right,0.2242376801263772,1.4097618268525385,129457.19558643934,0.0,-6.0,0.2242376801263778,1.4097618268525387,False,0.0,-6.0,-0.2242376801263778,1.4097618268525387,-0.2242376801263778,0.0,105030.44083975468,224821.07519039427,-18399.722668961127,0.0,-6.0,51.42857450034466,-433.2910664857632,-59.037550917373935,0.019577024242171327,-0.4761200016482793,-0.06273380447151733,-3.674,6.364,0.1615646754329803,-0.980563603025638,-0.11131880377373235,0.12283841807182729,75.12063205417006,False
720575940622516104,787946.4633663364,306061.14059405937,202428.06600660068,right,-0.2956962783503879,1.341255368489917,131475.70691922968,-7.0,3.0,-0.2956962783503873,1.341255368489917,False,-7.0,3.0,0.2956962783503873,1.341255368489917,0.2956962783503873,0.0,54863.203943255096,266709.7624844589,-6725.464518299676,-7.0,3.0,226.41543570080793,-308.62359115250405,-45.99815899344462,0.4686312440634166,-0.12214707327322712,-0.03285430301394009,-2.449,-10.607,0.8691373716114941,-0.4906480261804163,0.06216706260975625,0.2895620912535878,7.087296189929471,False
720575940622516504,274988.1746987952,273658.5451807229,212498.31325301208,left,0.0706942234576632,1.4929501615984102,115328.87849879284,-1.0,0.0,0.0683023024634095,1.4951004559911476,True,-1.0,0.0,-0.0683023024634095,1.4951004559911476,-0.0683023024634095,0.0,40707.50765517994,-247163.93409468865,-10039.707801250928,-1.0,0.0,135.92156108943246,395.2566511703067,-5.251983606331136,0.30872112021327264,0.3726517949449402,0.02499816938320242,-0.612,-1.061,0.5637202195801907,0.8030684721525382,0.1931334851108157,0.16321049102365573,44.029440348530336,False
720575940622532036,267424.09980806144,196701.3051823417,251097.1209213052,left,0.581562626082127,2.067807172801091,118613.65454845082,7.0,15.0,0.5622057887114177,2.053693594510668,True,7.0,15.0,-0.5622057887114177,2.053693594510668,-0.5622057887114177,2.0,14594.891276512584,-260128.93932759343,71320.84698856268,7.0,15.0,152.27251605429407,251.70844884505766,155.67596976439552,0.3000499854079739,-0.008565351168426107,0.38133504883149355,13.472,-8.485,0.602314642258324,0.29999296622318766,0.7397440719180117,0.3227545606809215,1.0274720157418897,True
720575940622544297,264929.47142857144,299059.5333333333,258191.4285714285,left,0.422199022437515,1.1837244429647673,117991.5542874399,-9.0,4.0,0.4070564726720537,1.194095390301658,True,-9.0,4.0,-0.4070564726720537,1.194095390301658,-0.4070564726720537,0.0,-8594.325967480676,-255021.1167218161,-28528.687781688543,-9.0,4.0,244.56221028938182,269.87504172321786,-50.77710361185805,0.4840514221840156,0.0006773233868865286,-0.042934604276259856,-3.062,-13.789,0.9574992853534463,0.2821835551246603,0.05972905293780905,0.32115938422781964,1.8673629099712388,True
720575940622545961,257658.259414226,213319.3179916318,246663.3472803348,left,0.5150710842976522,1.917504421822088,122055.81972857608,4.0,12.0,0.4992180171781937,1.9070949162298256,True,4.0,12.0,-0.4992180171781937,1.9070949162298256,-0.4992180171781937,0.0,16174.708250381562,-268671.55876778386,53552.443333306575,4.0,12.0,171.56822200013696,279.3230090724025,121.31825133658516,0.363645209526738,0.07489033882573731,0.3070230553484741,9.798,-8.485,0.6633012901949327,0.4258534989224032,0.6153699666715013,0.2872941650982556,1.8454751881851774,True
720575940622574038,738177.5438596491,370775.7192982456,203152.2807017544,right,0.0435341923795775,0.7798930720745917,131684.8694583369,-18.0,-8.0,0.0435341923795785,0.7798930720745918,False,-18.0,-8.0,-0.0435341923795785,0.7798930720745918,-0.0435341923795785,0.0,43039.716244641066,221854.93010642892,-73909.5078889369,-18.0,-8.0,185.75114205373484,-257.49051219643707,-236.45996141446795,0.29530463328146384,0.08751759657237856,-0.38941449151886404,-15.922,-10.607,0.6903608173123378,-0.3013780747544398,-0.6577029709353216,0.5087766349664272,2.463094845051868,True
720575940622588808,267708.9003021148,235452.65256797583,219388.9123867069,left,0.2226354792829817,1.7994924433082895,116842.9002829633,4.0,5.0,0.215599773214895,1.7915283048958464,True,4.0,5.0,-0.215599773214895,1.7915283048958464,-0.215599773214895,0.0,39796.14487081838,-257195.5891661604,28153.14148893033,4.0,5.0,122.13630160007816,368.95080190575476,78.18136546472418,0.2639027670616106,0.3356165977328917,0.2175466463543861,5.511,-1.061,0.5117457636368481,0.7224173972949056,0.4650047069497187,0.04611754195627105,35.75968368169944,False
720575940622617736,750704.862992126,355208.094488189,197461.54330708663,right,-0.0212287228948448,0.9305603544547116,129347.22654586508,-14.0,-5.0,-0.0212287228948437,0.930560354454712,False,-14.0,-5.0,0.0212287228948437,0.930560354454712,0.0212287228948437,0.0,51340.63145607494,233162.31231128736,-58582.82940680904,-14.0,-5.0,202.81327923346663,-295.2991199885209,-185.72886863912478,0.3865107227494569,-0.049972808652738815,-0.29497987507135165,-11.635,-9.546,0.7409521157289156,-0.5293025423060612,-0.4133143850692643,0.47458783421949857,1.8233723130425277,True
720575940622620138,273168.4886191198,261439.9180576632,211763.03490136573,left,0.0952940789052027,1.5974258220141044,115384.9199345244,1.0,1.0,0.0922466451228734,1.5960401838644005,True,1.0,1.0,-0.0922466451228734,1.5960401838644005,-0.0922466451228734,0.0,43326.98764647506,-249884.58772054728,1745.1599909069946,1.0,1.0,123.4836126391188,395.9609633481187,22.392494508681356,0.2608384858180505,0.39296309302191723,0.07829006578952924,1.225,0.0,0.5404623158040284,0.7915184607795598,0.28530511989956164,0.12548404004617367,47.164188868470795,False
720575940622622502,770752.9264705882,264171.7,164138.97058823527,right,-0.0275938969342645,1.7121547154936194,130509.51689800782,4.0,1.0,-0.0275938969342646,1.71215471549362,False,4.0,1.0,0.0275938969342646,1.71215471549362,0.0275938969342646,0.0,98959.45051330999,246222.19094221637,27218.286349272206,4.0,1.0,81.58122371657036,-410.40634375046096,40.7681670260351,0.1396238053434363,-0.44594371089461754,0.10327535108601646,3.062,3.182,0.34491934601576296,-0.8953009478894168,0.2818986652192064,0.09239029887478815,62.00656792013492,False
720575940622636713,253621.5284552845,258052.26016260163,252606.39566395665,left,0.4787936555884019,1.542490051986115,119560.95429831473,-3.0,8.0,0.4639600832304024,1.542210219255462,True,-3.0,8.0,-0.4639600832304024,1.542210219255462,-0.4639600832304024,0.0,3180.293989814877,-269359.05265939265,10155.165925961552,-3.0,8.0,221.94963990138388,282.9187703020567,37.339765853830635,0.4721758312902525,0.05225309176845323,0.09764512769810234,3.062,-11.667,0.8761743866816323,0.3967866918230114,0.2736398459932622,0.31476775554642433,1.2625173388857227,True
720575940622666224,351407.0011350738,328506.1293984109,177307.5141884223,left,-0.7442579398607456,1.1214034449772692,123924.03512321669,-9.0,-15.0,-0.7203453273756125,1.1324914542049251,True,-9.0,-15.0,0.7203453273756125,1.1324914542049251,0.7203453273756125,0.0,68192.82414187014,-167141.35148810325,-64145.44241244968,-9.0,-15.0,19.6018639708275,381.06010760275996,-192.04625749994503,-0.07767371181581735,0.26302787219331675,-0.4031396944920199,-14.697,6.364,-0.10297601626859763,0.8116381913029689,-0.5750125098568681,0.3772811809888107,44.717791342704224,False
720575940622674160,286562.6881569727,310300.1233356693,228545.6762438683,left,0.0652238934812774,1.1261760744631988,112484.23380737242,-9.0,-2.0,0.0620092989634916,1.1406432809927496,True,-9.0,-2.0,-0.0620092989634916,1.1406432809927496,-0.0620092989634916,0.0,19296.395560029458,-232813.30564996085,-42746.22416311907,-9.0,-2.0,199.32432037397135,341.68314612814567,-102.7707385607975,0.4295829659775661,0.1858570797222165,-0.13992460994595976,-6.736,-7.425,0.7451993327359154,0.6439643348041145,-0.17317011864129742,0.3179805982149341,17.773704594286787,False
720575940622694476,309486.2693227092,321134.38406374503,206031.4262948208,left,-0.2667001231166004,1.0847486618650946,114592.50251396126,-9.0,-7.0,-0.2572123572616242,1.1003577708250227,True,-9.0,-7.0,0.2572123572616242,1.1003577708250227,0.2572123572616242,0.0,40233.53589543731,-209301.72576039634,-55340.071685869305,-9.0,-7.0,138.6230555255945,377.67621490008315,-145.06371800421968,0.30080870187627295,0.2937371525749016,-0.24175760691845027,-9.798,-2.121,0.46639639009822215,0.8050563319563233,-0.3665497369803684,0.2852779092994728,27.197750299437768,False
720575940622697992,756384.7988865692,303343.79401530966,158957.99582463462,right,0.1198182612936157,1.42179975264186,128859.04442735705,-1.0,-4.0,0.1198182612936161,1.4217997526418604,False,-1.0,-4.0,-0.1198182612936161,1.4217997526418604,-0.1198182612936161,0.0,97637.10485018576,234748.36893355686,-13208.701539720814,-1.0,-4.0,89.89080649954109,-422.6013799548787,-49.60713568774917,0.1422160003563447,-0.45735852981219544,-0.05240138499263423,-3.062,3.182,0.37041683717657414,-0.9267695180881397,-0.06236687485180555,0.09124343492131932,64.0807537530347,False
720575940622710298,272968.2458100559,256933.6536312849,209840.542697526,left,0.0903775466676811,1.638896668863114,116199.5549211161,2.0,1.0,0.0875774731233335,1.6361612679294582,True,2.0,1.0,-0.0875774731233335,1.6361612679294582,-0.0875774731233335,0.0,45932.00311713948,-250429.26530065507,5863.377234833774,2.0,1.0,109.39498759108166,402.2171409053584,31.91273895665164,0.21933020595337388,0.41398921949737383,0.09542637005754759,1.837,1.061,0.5014838027662449,0.8123877599282069,0.2975569241035,0.11959483462735981,51.63484271769669,False
720575940622718344,804383.8656716418,279255.3582089552,231088.656716418,right,-0.574126811391255,1.5045220368145542,134868.56466545677,-6.0,10.0,-0.5741268113912547,1.504522036814553,False,-6.0,10.0,0.5741268113912547,1.504522036814553,0.5741268113912547,0.0,31091.29895785825,281313.6526292643,25396.032172598865,-6.0,10.0,244.66019095216103,-225.55760217183186,13.312184022724663,0.47873259257095796,0.05274268772739939,0.03994593343249797,2.449,-16.971,0.9773606337533419,-0.09730176854890239,0.1878791032193885,0.23260745085474455,1.7585124693384455,True
720575940622747772,768359.8978388999,188567.91748526524,207431.0412573674,right,-0.459986641330822,2.270420961487301,131346.60005094737,11.0,15.0,-0.459986641330824,2.270420961487301,False,11.0,15.0,0.459986641330824,2.270420961487301,0.459986641330824,35.0,68093.63228717956,238544.72913771373,108361.49151680552,11.0,15.0,104.58038090642765,-272.2354269044606,180.41756186770257,0.17438910037404023,-0.04982661600780792,0.4489615815275973,15.922,-4.243,0.480693896131631,-0.35203429415011156,0.8031221787275118,0.30447814100765513,4.3259941719036465,False
720575940622780118,774938.9077490774,197144.59409594096,212295.6088560886,right,-0.5048182541283759,2.1874642183604065,130107.80481929194,9.0,15.0,-0.5048182541283774,2.1874642183604056,False,9.0,15.0,0.5048182541283774,2.1874642183604056,0.5048182541283774,0.0,62057.95186593309,245770.21183094254,101159.42704144235,9.0,15.0,130.07118382839286,-266.2681897736905,166.70586449711175,0.23078123140699858,-0.0360655802501489,0.4247420099264905,14.697,-6.364,0.552899104195586,-0.3500728420978142,0.7561425697613364,0.3116059251953968,2.5392124734047985,True
720575940622821590,733567.7470725995,182494.62295081967,170149.6955503513,right,0.0573616470672679,2.410858240202334,130935.49027010244,18.0,9.0,0.0573616470672656,2.4108582402023355,False,18.0,9.0,-0.0573616470672656,2.4108582402023355,-0.0573616470672656,1.0,105227.70527819,203154.92646905407,105932.52273462884,18.0,9.0,-34.52725641834254,-318.6957267394703,176.4388015731055,-0.221817665488311,-0.07285153431280285,0.42245596547909625,16.534,9.546,-0.3632429936683166,-0.43764718030890326,0.8225080383306571,0.308239240792983,19.64828950037991,False
720575940622823914,274175.658610272,247472.58912386707,204820.1812688821,left,0.0657797055629729,1.7267819850549468,117749.43551396008,4.0,1.0,0.0639413162205087,1.7212675466587355,True,4.0,1.0,-0.0639413162205087,1.7212675466587355,-0.0639413162205087,0.0,52402.456188578406,-249955.94720088004,14470.515155454905,4.0,1.0,81.20046039628376,408.58013000132235,50.61708394172128,0.14908785422178208,0.43455026128563445,0.1380263368109639,3.062,3.182,0.35912191394322335,0.8688808495006409,0.3407015120259974,0.08070616795518619,56.18258461182428,False
720575940622838408,795808.5377926421,284668.6046822742,210055.83946488297,right,-0.4003412815153532,1.4922753690919708,131598.79668505653,-5.0,6.0,-0.4003412815153528,1.4922753690919706,False,-5.0,6.0,0.4003412815153528,1.4922753690919706,0.4003412815153528,0.0,50848.10856042539,273022.731000778,16114.438557926547,-5.0,6.0,228.60449259678427,-291.5574155964557,-3.5327175410710767,0.47632755623202044,-0.08893212765535777,0.030299525008125702,0.612,-11.667,0.864286486105992,-0.46032614542929634,0.20275282924971333,0.3334376874329391,1.9627931858500778,True
720575940622859305,302685.82975573646,323828.82013323467,221122.33900814207,left,-0.1199662244523363,1.0113802426681036,112584.6930189716,-11.0,-5.0,-0.1160295229679998,1.0296795970953472,True,-11.0,-5.0,0.1160295229679998,1.0296795970953472,0.1160295229679998,0.0,24785.48502405068,-215785.51076627,-56088.314180222245,-11.0,-5.0,182.52865159233227,343.2063496564742,-149.61462062656005,0.3894047620374876,0.1745799852364174,-0.24078826722898833,-9.798,-6.364,0.6596157514548069,0.6839699334351205,-0.31159619797017335,0.4001039615597081,13.311302515294585,False
720575940622863365,302119.8915569326,312111.29047250195,204394.3609604957,left,-0.2082023874228984,1.172840025851311,114511.10958667884,-7.0,-6.0,-0.2010776678845313,1.185832971610732,True,-7.0,-6.0,0.2010776678845313,1.185832971610732,0.2010776678845313,0.0,43138.70764840223,-217324.10684747432,-47243.090703257505,-7.0,-6.0,132.16706508884673,393.38870222209823,-116.31317058699675,0.28555808239252345,0.35312655044562496,-0.17534659690239202,-7.961,-1.061,0.453978864018666,0.8463960242775369,-0.2784186795304888,0.1975916547018986,37.25537885677375,False
720575940622864169,781563.7542997543,225993.64782964785,195609.2055692056,right,-0.3369154822563157,1.968937110847972,129010.04137850902,6.0,10.0,-0.3369154822563166,1.9689371108479712,False,6.0,10.0,0.3369154822563166,1.9689371108479712,0.3369154822563166,0.0,74104.40471493115,254394.72734004987,70580.13251405247,6.0,10.0,136.56617224292873,-322.78496564920215,122.29787680048034,0.2927482157685946,-0.20763146830086726,0.31634769503251325,9.798,-4.243,0.5829050811580192,-0.5492686671139252,0.5987700708010174,0.13438052697609099,19.484459374966505,False
720575940622870860,251953.24249422623,249002.43879907625,256596.53579676675,left,0.5305777445385191,1.6077853269326765,120398.71083712913,-2.0,10.0,0.5145047066526228,1.6055910088956271,True,-2.0,10.0,-0.5145047066526228,1.6055910088956271,-0.5145047066526228,0.0,637.3617646568604,-271663.93659643084,19579.849940509866,-2.0,10.0,222.47007566816842,263.57012921404066,59.8784383141434,0.46545637996876205,0.016892306096307586,0.13951407981091124,4.899,-12.728,0.864753761963936,0.35406604435724576,0.3561434646352971,0.3412473471668344,1.3486390821695393,True
720575940622893150,769198.3614457832,307077.59437751,167581.16465863452,right,0.0071923586997877,1.386653857810454,133295.17751316426,-3.0,-2.0,0.0071923586997882,1.386653857810454,False,-3.0,-2.0,-0.0071923586997882,1.386653857810454,-0.0071923586997882,0.0,88767.38101060767,247858.8531336978,-14598.267799673924,-3.0,-2.0,138.56035061948617,-397.2773095705597,-51.67945143769851,0.2982136516779352,-0.37749378166228165,-0.04315789778438238,-3.062,-1.061,0.5448409783589687,-0.8382262634158211,-0.022913743055038436,0.11360733164454503,43.32596933576409,False
720575940622896861,256410.21852731588,282872.0665083135,261710.83135391923,left,0.4995584130565429,1.3211017430495735,120025.256430058,-7.0,7.0,0.483285316062372,1.326994603909136,True,-7.0,7.0,-0.483285316062372,1.326994603909136,-0.483285316062372,0.0,-9671.553892586871,-264687.66114762006,-12641.729387666059,-7.0,7.0,244.40227294233213,252.44073416342562,-8.826660904960294,0.4842417699178629,-0.030886335694423714,-0.010463825139974382,0.0,-14.849,0.9666785409733775,0.19859062560781893,0.1615374936114753,0.32272988182099355,0.7772108163410376,True
720575940622899241,335470.5652173913,346466.4229249012,210858.02371541504,left,-0.5090690379334655,0.8436540399145741,119268.38867164963,-15.0,-11.0,-0.4886373052163817,0.8637928638806025,True,-15.0,-11.0,0.4886373052163817,0.8637928638806025,0.4886373052163817,0.0,31946.07624699919,-181488.76283627606,-77654.84201009684,-15.0,-11.0,137.22958417135217,323.5854419137254,-232.45877148107283,0.24214738499562205,0.07442737533075125,-0.4274058458288302,-15.922,-4.243,0.3873266543069893,0.6742603514917868,-0.6287694659169815,0.5904763708824294,4.193996006360445,False
720575940622899436,273249.4557670773,304666.804031355,252636.81970884657,left,0.3404522273441822,1.1294041018581529,113902.85622304076,-10.0,2.0,0.327137402008553,1.142293621533566,True,-10.0,2.0,-0.327137402008553,1.142293621533566,-0.327137402008553,0.0,-3843.0625020523808,-246346.9731536045,-34334.0329506073,-10.0,2.0,240.43344623723064,281.49387935222853,-78.27754216746737,0.47785758645090565,0.03372267675816029,-0.08459318454807044,-4.899,-12.728,0.9245036369503461,0.3713617823596338,-0.08592701477567379,0.3212370656382691,1.310432299923024,True
720575940622901236,297598.1517797179,294099.0946944258,191077.07186030893,left,-0.2278768260835019,1.3676048692489735,117482.17560992234,-2.0,-6.0,-0.2203552787622546,1.3741558526284898,True,-2.0,-6.0,0.2203552787622546,1.3741558526284898,0.2203552787622546,0.0,59045.10803649754,-223249.44206490903,-31942.36047254069,-2.0,-6.0,74.35761326489826,427.0903113378305,-65.52664493559432,0.12228448322691116,0.45797367057824134,-0.08384084800935135,-4.899,4.243,0.2606220216688587,0.9608494459971338,-0.09404522288898058,0.08097192464677147,62.02446446229297,False
720575940622909734,285131.7247097844,202501.5456053068,210509.95024875613,left,0.1429148961288703,2.122211532197177,115686.05917506517,11.0,7.0,0.1382361025776427,2.104419887133709,True,11.0,7.0,-0.1382361025776427,2.104419887133709,-0.1382361025776427,0.0,54074.80733180845,-242309.1471494806,60443.69539347103,11.0,7.0,46.18022574839607,359.41962599950534,146.96032453771397,0.029723832438621266,0.28218431118012305,0.39381271268345636,11.023,4.243,0.25686418923718785,0.6846368658098635,0.6821239991831173,0.2568938425227212,35.340582119856585,False
720575940622912041,283211.2318286151,257887.4429992349,193554.49120122413,left,-0.0726813749216904,1.6632212973577098,117744.21368737637,4.0,-2.0,-0.0700208547492699,1.6599561929743047,True,4.0,-2.0,0.0700208547492699,1.6599561929743047,0.0700208547492699,0.0,62047.36568097828,-240251.1882606001,3076.661017179229,4.0,-2.0,45.47605832206945,428.292160282632,22.46082551681937,0.04767628489542524,0.471971492153764,0.0803814558670664,1.225,6.364,0.21220806728487948,0.9511676282350183,0.22416038717174405,0.13025494116737255,69.91984688846348,False
720575940622913285,777491.531986532,207014.0,204137.6430976431,right,-0.4229194840319878,2.1139114364955853,129780.64916647156,8.0,13.0,-0.422919484031989,2.1139114364955844,False,8.0,13.0,0.422919484031989,2.1139114364955844,0.422919484031989,0.0,68602.71863245385,248990.0338328785,90330.1960918144,8.0,13.0,129.9897582629551,-290.1496229352093,152.03347719790912,0.25228041513967037,-0.10422767337288097,0.3973107156806207,12.86,-5.303,0.592507277152244,-0.45825712952844866,0.6625220975620214,0.3003105180462261,5.311439705108788,False
720575940622930019,797123.387755102,277060.99319727893,210376.0544217687,right,-0.4159556384244943,1.5487506297071538,131946.42344672032,-4.0,7.0,-0.4159556384244938,1.5487506297071534,False,-4.0,7.0,0.4159556384244938,1.5487506297071534,0.4159556384244938,0.0,51755.39100653442,273775.01574249315,23751.062601271296,-4.0,7.0,224.85806735944897,-288.791434812526,14.756557928453581,0.47570503804553005,-0.07324652076219117,0.05652130387398766,1.837,-11.667,0.8724540046107573,-0.4272808385171908,0.23718156520838454,0.32185475107981537,1.3976046522339587,True
720575940622933444,779917.8520365753,324663.0224438903,206070.39068994185,right,-0.2691608595166243,1.1861057684033116,130224.27689790104,-10.0,1.0,-0.2691608595166235,1.1861057684033116,False,-10.0,1.0,0.2691608595166235,1.1861057684033116,0.2691608595166235,0.0,48188.06048607058,260099.04119845535,-25042.01335379536,-10.0,1.0,233.1862026771262,-293.1626239427014,-94.18130783369918,0.465231864432583,-0.08343813277160507,-0.10299226165511972,-5.511,-11.667,0.8992225391118728,-0.42559300643854525,-0.10133813706496075,0.2845408628606538,5.126506309220978,False
720575940622954189,761150.3558718862,195671.743772242,192847.01067615653,right,-0.2876331804355207,2.2524151902423326,127485.3521680614,12.0,12.0,-0.2876331804355222,2.252415190242332,False,12.0,12.0,0.2876331804355222,2.252415190242332,0.2876331804355222,0.0,81241.6590316304,231782.9470234582,98535.83700171566,12.0,12.0,72.67800418499185,-310.9477597018669,176.59000424667346,0.07980652751622318,-0.16834144368732218,0.44677874393105776,14.697,0.0,0.3635960435214235,-0.4847194319129611,0.7955155494781627,0.27379123524669785,18.469777270905503,False
720575940622977791,747369.6505460219,342010.67082683305,174410.3588143526,right,0.1318194589934113,1.0916559417693623,130148.6595042066,-9.0,-6.0,0.1318194589934122,1.0916559417693628,False,-9.0,-6.0,-0.1318194589934122,1.0916559417693628,-0.1318194589934122,0.0,76119.92212082827,228711.30509724867,-49481.83886685843,-9.0,-6.0,153.34673514602514,-365.92343470664593,-146.93356623002146,0.3223201206908897,-0.27611828437759484,-0.24165363109052657,-9.186,-3.182,0.5570429228598868,-0.7828966726725832,-0.2770847920942473,0.3259574154732223,27.60607441894603,False
720575940622981153,305525.2011439466,187733.54432793136,196144.13727359383,left,-0.0748769499766725,2.299720171083668,117670.5146812082,15.0,6.0,-0.0706192654285353,2.277670681722392,True,15.0,6.0,0.0706192654285353,2.277670681722392,0.0706192654285353,0.0,70957.70244768422,-223155.29477511422,74171.84592309271,15.0,6.0,-22.59517615781224,355.6578540775827,158.12168448704034,-0.16970092272916038,0.2166346849363226,0.39492484221729446,12.86,9.546,-0.16299987060494597,0.6383696810527136,0.7522733495847289,0.2766362480467302,32.934701445454486,False
720575940623038814,305366.95693779906,168178.64114832535,219737.03349282296,left,0.2155010630986863,2.471215403131696,117072.88598226447,16.0,12.0,0.2058490369591677,2.445477407683158,True,16.0,12.0,-0.2058490369591677,2.445477407683158,-0.2058490369591677,0.0,50744.35647095976,-224600.0803813411,97158.30434062927,16.0,12.0,16.705235722918154,293.782962453631,196.55771880006026,-0.06148814363384902,0.0718096106938944,0.4753858481142413,17.146,4.243,0.006600922695699682,0.3698903554688678,0.9290519645050432,0.2646959510592207,13.765211663469362,False
720575940623048662,301273.4678362573,245754.1228070176,178408.74269005845,left,-0.2570837040780742,1.79850084216259,116344.8018449309,8.0,-4.0,-0.247987506357846,1.7911531267514826,True,8.0,-4.0,0.247987506357846,1.7911531267514826,0.247987506357846,0.0,79242.51503878382,-223232.99970742993,13919.337041926057,8.0,-4.0,-36.88582865801409,429.82243184161126,38.751613905597,-0.23491674967142123,0.40904859072276656,0.1129041092437387,2.449,12.728,-0.18307925872392772,0.9501599445006117,0.2523451305091735,0.3216133244084891,71.83120350123389,False
720575940623072844,334187.1264367816,319817.69348659005,182317.96934865904,left,-0.5772595757798463,1.1682043848784935,118919.17834741012,-7.0,-12.0,-0.5578778612161343,1.179688424200115,True,-7.0,-12.0,0.5578778612161343,1.179688424200115,0.5578778612161343,0.0,64302.90232001788,-184921.77170121562,-56031.08295550749,-7.0,-12.0,43.14005746311181,401.87471766551823,-158.84887491213334,0.0015142632952489716,0.37307136546312086,-0.30528313210235564,-11.635,5.303,0.07877345350444694,0.8717328303146815,-0.4836079151280896,0.19445487670773726,48.75933725991347,False
720575940623093854,792186.3291139242,269775.3417721519,213728.1012658228,right,-0.4395395142391528,1.5995771964163277,125900.5319509228,-3.0,8.0,-0.4395395142391529,1.5995771964163268,False,-3.0,8.0,0.4395395142391529,1.5995771964163268,0.4395395142391529,0.0,49504.8899036874,268336.2419596679,31102.692848022958,-3.0,8.0,222.0689876588136,-285.8639472126317,29.584730356495392,0.4673177878343929,-0.08427267970882822,0.09559875973507863,3.062,-11.667,0.8561475344216887,-0.41989821846755643,0.30115923600553207,0.2891881622143106,4.1970984701384655,False
720575940623110750,283008.69897959183,295774.77040816325,215075.5867346939,left,0.0098110819830245,1.2954970335057294,114264.8984083281,-5.0,-2.0,0.0091201503563895,1.3044044736094789,True,-5.0,-2.0,-0.0091201503563895,1.3044044736094789,-0.0091201503563895,0.0,34821.45303136255,-237517.39667093544,-30833.871485964595,-5.0,-2.0,161.71665181674763,382.5899892295053,-63.601742145205236,0.3617441460476376,0.31667113835184035,-0.0692961351241164,-4.287,-3.182,0.5885640002082986,0.8037934244459352,-0.08665188097371473,0.2253883887214204,36.639998574201755,False
720575940623120618,272499.7613293051,264422.21450151055,206790.6948640483,left,0.0585130905839748,1.5822567532954208,118900.39041149676,1.0,0.0,0.0567616151958533,1.581484375189976,True,1.0,0.0,-0.0567616151958533,1.581484375189976,-0.0567616151958533,0.0,47753.90440490459,-250364.2441512064,-2028.13981646326,1.0,0.0,112.2325685293153,405.74427685523506,13.09696538945757,0.23395457623989324,0.4192748287566412,0.060447949266346813,0.612,1.061,0.47136453303589687,0.8539064441952464,0.22058844384437187,0.09728236888597577,52.058162881558076,False
720575940623122175,257342.43390514623,270406.50655903126,255491.1806256307,left,0.472209009544307,1.432989736548343,116979.7866487328,-5.0,7.0,0.4568894630857125,1.435925114901901,True,-5.0,7.0,-0.4568894630857125,1.435925114901901,-0.4568894630857125,0.0,-1548.2767223458713,-264718.2563544271,-1285.9072029682277,-5.0,7.0,232.8355245880322,276.24078893270354,10.635895560407523,0.4811162768445053,0.028530679964709177,0.05388341303367107,1.225,-12.728,0.8986927514400566,0.3560702418492674,0.25605726191323885,0.3453415539569717,1.7118464035357588,True
720575940623130281,327975.3738848337,308988.2173560422,176663.16301703165,left,-0.5348456453095474,1.27599180163735,119520.66310847543,-4.0,-11.0,-0.5174467272518581,1.284681663624333,True,-4.0,-11.0,0.5174467272518581,1.284681663624333,0.5174467272518581,0.0,71480.6923144922,-191952.34787654626,-46709.57089388101,-4.0,-11.0,22.14596697235035,419.41675808475674,-124.53313387849506,-0.07836731397522204,0.41982165655178677,-0.2237160927270778,-9.186,7.425,-0.0009417310715863855,0.9172652051924649,-0.39827585476126254,0.18080084984547684,63.407276081460004,False
720575940623131305,295837.5210589651,169860.62575210593,230432.6353790614,left,0.382895937782704,2.411754989885627,117473.91764443472,14.0,14.0,0.3662317545371157,2.388315735962254,True,14.0,14.0,-0.3662317545371157,2.388315735962254,-0.3662317545371157,0.0,39745.9441029838,-233908.9528995604,96514.14759839558,14.0,14.0,59.635074042422914,276.2627519797891,196.87376480500848,0.07214346998774168,0.052938794556734205,0.47411262880659444,17.146,0.0,0.27432196834036815,0.2969687997442182,0.9146348941869343,0.23562326694872948,9.133310968396241,False
720575940623140009,314788.5107057891,298861.3322759715,178850.94369547977,left,-0.4145492136580556,1.3551449110678415,118769.51841642673,-2.0,-9.0,-0.4010309468016956,1.3618773628682836,True,-2.0,-9.0,0.4010309468016956,1.3618773628682836,0.4010309468016956,0.0,70677.76720771269,-205835.48123434742,-37336.87300761563,-2.0,-9.0,28.466218749504183,429.81448049484015,-90.428660387317,-0.04564179547163969,0.45755459488767686,-0.14353990789039042,-6.736,7.425,0.05532469016866766,0.9711650543126108,-0.2319000128066506,0.16554626324526542,68.76617534116707,False
720575940623160614,721538.5911237014,353926.8970727101,168012.0868744098,right,0.3661563436483071,0.9915697722663314,128819.276465181,-11.0,-10.0,0.3661563436483079,0.991569772266332,False,-11.0,-10.0,-0.3661563436483079,0.991569772266332,-0.3661563436483079,0.0,80088.73562197725,203787.88425779398,-64084.90620534495,-11.0,-10.0,119.15976370921955,-358.8646534410696,-197.7946617745937,0.21813581870154497,-0.2190632478650162,-0.38075785469259754,-12.86,-1.061,0.3618339049325924,-0.7689798403682409,-0.5270163473256468,0.4189060021136901,22.887840902449106,False
720575940623210933,748312.9528089887,356429.78876404493,213385.79775280887,right,-0.1324675032631232,0.8492206026401091,123293.17379250177,-17.0,-4.0,-0.1324675032631214,0.8492206026401098,False,-17.0,-4.0,0.1324675032631214,0.8492206026401098,0.1324675032631214,0.0,35382.138003248445,230971.82255725985,-57432.224247097736,-17.0,-4.0,221.45921583869816,-241.87080259423146,-195.36385663530962,0.3634291278477005,0.08694586994404642,-0.3186583652177957,-12.86,-13.789,0.8593512145605907,-0.20361560114597138,-0.46910145704655676,0.4411203512238051,2.202187910765178,True
720575940623221774,712245.6852071006,367898.61775147927,172750.76923076925,right,0.4374838430058847,0.8749530568774566,132791.13896078485,-14.0,-12.0,0.4374838430058855,0.8749530568774572,False,-14.0,-12.0,-0.4374838430058855,0.8749530568774572,-0.4374838430058855,0.0,73038.22415805163,195582.07589523992,-77758.86637747154,-14.0,-12.0,114.32201981163963,-327.5173286976585,-238.5576638132141,0.1843588520300592,-0.0874037515048153,-0.4491071907663289,-15.922,-2.121,0.29987770844408373,-0.6405020258040169,-0.7069869269790466,0.5171257557793821,9.42107926430302,False
720575940623263501,310157.0245746692,180966.8506616257,198288.24196597352,left,-0.0782836386766513,2.371743753264099,117596.41759982744,16.0,7.0,-0.0735595447788527,2.3479864838575693,True,16.0,7.0,0.0735595447788527,2.3479864838575693,0.0735595447788527,0.0,69991.90343739951,-219021.1255589607,81507.71625747281,16.0,7.0,-27.937978017719846,341.9152733005451,167.19848329353275,-0.17100975804911972,0.183045101946927,0.41356775798995166,14.085,9.546,-0.22682292449003658,0.5465305957184079,0.8061362594930646,0.2165791555005079,28.393215731797948,False
720575940623328184,765919.1573516768,199917.41014617367,193853.3447979364,right,-0.3086673739565996,2.204995465441967,128201.17295539692,11.0,12.0,-0.3086673739566015,2.2049954654419666,False,11.0,12.0,0.3086673739566015,2.2049954654419666,0.3086673739566015,3.0,79665.30485348028,236858.39690915315,94856.87317478377,11.0,12.0,86.09979423951145,-310.62347715517626,169.12822527339486,0.12564203603758967,-0.16109038051986663,0.43838025540839376,14.085,-1.061,0.44632468798313985,-0.4958499759125176,0.7449342751439946,0.29666719694358523,16.624379932712582,False
720575940623340412,295195.89069171646,198810.01878736124,197042.8351836037,left,-0.0182041405566349,2.1787978542189945,118001.0309273033,13.0,5.0,-0.0165902810910876,2.159812654797612,True,13.0,5.0,0.0165902810910876,2.159812654797612,0.0165902810910876,0.0,68136.1757554895,-232633.44823948698,62665.5783773835,13.0,5.0,-6.15879960353228,372.14217627834876,144.23397575888512,-0.13397698039444916,0.2854890487470071,0.3683371554874061,11.023,8.485,0.008448223834108416,0.7167500350893121,0.6972790077963905,0.319712650546919,41.63233298503197,False
720575940623344969,277969.1332675222,196380.8923988154,229434.5508390918,left,0.3582480972110073,2.1374226282408104,115567.34907178038,9.0,11.0,0.3454164449090304,2.119853010655337,True,9.0,11.0,-0.3454164449090304,2.119853010655337,-0.3454164449090304,0.0,36225.0184607784,-249778.9849391207,68957.92935800068,9.0,11.0,105.68189719889992,312.63363449732446,153.8450329388953,0.19881839417547792,0.16469872766767954,0.4087518694939996,12.247,-2.121,0.4684887960894868,0.5219377589373588,0.7128107909775714,0.23233169477653887,15.144445763984676,False
720575940623349203,348308.3891625616,304962.3054187192,160472.41379310342,left,-0.7351395742009948,1.354621294929107,125662.6671568392,-2.0,-13.0,-0.7133838350717778,1.3602498871057085,True,-2.0,-13.0,0.7133838350717778,1.3602498871057085,0.7133838350717778,0.0,88470.51434518587,-172078.56496947646,-43853.25544009335,-2.0,-13.0,-32.273470020875635,411.23199366499,-114.60964127602684,-0.2508496619250384,0.34107714558375507,-0.22629992461883552,-9.186,11.667,-0.32571456206365823,0.8447171793779762,-0.42469154797734715,0.24336909603546172,73.75387878461393,False
720575940623387094,301790.9375709421,337896.113507378,246207.2190692395,left,0.0710349371066555,0.8077204249726537,114873.22276732392,-16.0,-4.0,0.066064090324777,0.8310971012263195,True,-16.0,-4.0,-0.066064090324777,0.8310971012263195,-0.066064090324777,0.0,-2215.755048471563,-215475.46547509098,-66027.0107265357,-16.0,-4.0,222.40167782482885,262.80371854366473,-182.54705972656578,0.3918498476277057,-0.03188796541001803,-0.29774038880070736,-12.247,-12.728,0.8636514673510467,0.31751400706309846,-0.3915239434071928,0.4462578605663561,2.19579906712994,True
720575940623414541,332954.6323529412,339820.63970588235,204145.29411764705,left,-0.5058114534288713,0.9255900382502276,118441.84287896848,-13.0,-11.0,-0.4865217033305263,0.9439020635568052,True,-13.0,-11.0,0.4865217033305263,0.9439020635568052,0.4865217033305263,0.0,39575.87395270677,-184532.07551003425,-72355.64146991298,-13.0,-11.0,120.66689794491933,347.8646569620868,-213.17022651162682,0.21211525028719103,0.16457415805878386,-0.4125714777251066,-14.697,-2.121,0.36806940291842083,0.7331969069632103,-0.5717929784938415,0.48856911014479165,11.084531105290658,False
720575940623456024,265675.600896861,304731.16591928253,262708.1165919283,left,0.4480773687122009,1.12830805997689,119397.72711108925,-10.0,4.0,0.4317843736088915,1.139902303115688,True,-10.0,4.0,-0.4317843736088915,1.139902303115688,-0.4317843736088915,0.0,-13934.482768569598,-253829.03941909206,-33343.900455298215,-10.0,4.0,249.03655976231724,256.559202162453,-60.70185635261168,0.4789962639144468,-0.012556788153587087,-0.06777812370956919,-3.674,-14.849,0.982521362366083,0.18474137815115535,0.022855977185585567,0.26722187795992125,0.37614956425621776,True
720575940623457031,305868.5947416138,198752.7651858568,186942.19401631912,left,-0.1683204178291315,2.2021402886569925,118379.7771890551,14.0,3.0,-0.1607466084667689,2.1829652136536315,True,14.0,3.0,0.1607466084667689,2.1829652136536315,0.1607466084667689,0.0,78311.76438776612,-222060.70776909642,61886.221825943336,14.0,3.0,-41.32697462977317,377.5822038869118,130.95480873654628,-0.21439694320504496,0.26820320970537254,0.33925736259508793,10.41,11.667,-0.307130462213516,0.7010106200170038,0.6436264365327826,0.20875011188819495,42.14476539587893,False
720575940623458428,793213.1114503818,313799.4992366412,229246.5954198473,right,-0.4958156647913067,1.243114106397789,132125.36356897137,-10.0,6.0,-0.4958156647913053,1.2431141063977886,False,-10.0,6.0,0.4958156647913053,1.2431141063977886,0.4958156647913053,0.0,27260.19299348925,272709.07952526544,-9714.658048763875,-10.0,6.0,250.9997784707957,-230.98028616881456,-50.52446196469751,0.47834054603263076,0.03687829884253951,-0.04637170467454107,-2.449,-16.971,0.9992460485177047,-0.009669135796002227,0.03760109486054183,0.1594754421500395,1.5011817538540135,True
720575940623464375,282295.59310344834,199455.18620689653,220174.48275862064,left,0.248882914408683,2.135515361293505,114465.30844231762,10.0,9.0,0.2400283337444215,2.117394166486429,True,10.0,9.0,-0.2400283337444215,2.117394166486429,-0.2400283337444215,0.0,44961.584190921,-245298.58693644934,64772.61563429905,10.0,9.0,76.46301558581663,338.29598590233786,151.7556054437344,0.12390820534236839,0.2399118979012501,0.4000942996844728,11.635,1.061,0.4069715652449599,0.592904352293051,0.6948658677140683,0.22347494452743674,26.18872245862936,False
720575940623475463,309929.0028708134,193025.45837320577,188848.34449760767,left,-0.1765405682937999,2.2630160649125064,117475.32499195207,15.0,4.0,-0.1682117237108237,2.2421594844997954,True,15.0,4.0,0.1682117237108237,2.2421594844997954,0.1682117237108237,0.0,77406.63151576642,-218421.2957476182,68119.82285433543,15.0,4.0,-44.58484791535566,366.49485623841355,141.25523805865595,-0.21097297661331865,0.2325745835518363,0.365435844926258,11.635,11.667,-0.32593999506909976,0.6604576342755373,0.676430952087141,0.22598667125672783,36.882466935166995,False
720575940623478154,298504.14224751067,320859.1778093884,225674.56614509248,left,-0.0505624155587367,1.0235752200363726,111374.80547415564,-11.0,-4.0,-0.0494503745119807,1.0416502257313711,True,-11.0,-4.0,0.0494503745119807,1.0416502257313711,0.0494503745119807,0.0,20683.211449985305,-220144.78539095502,-52742.251699556255,-11.0,-4.0,194.01656260440578,334.69214473653903,-141.2420455960854,0.4121017701373843,0.15487165770918868,-0.2162265085126758,-9.186,-7.425,0.6942092685308302,0.6662054631482078,-0.2724771042810233,0.4183494257804058,12.070458798564221,False
720575940623530032,732324.6843997124,304574.06182602444,138760.9202012941,right,0.3628673232030617,1.4441510703526792,131157.4305420724,2.0,-8.0,0.3628673232030624,1.44415107035268,False,2.0,-8.0,-0.3628673232030624,1.44415107035268,-0.3628673232030624,0.0,116946.91272947277,210712.16806779703,-19350.110119806297,2.0,-8.0,-4.620848313905342,-436.8554551023467,-58.10309838908932,-0.1600064324374206,-0.4533553069258593,-0.053315563489991565,-3.674,10.607,-0.0729284537879999,-0.9877095472481914,-0.13824359262860775,0.26501775310003056,90.26942760549849,False
720575940623561485,299389.1415628539,335263.3748584372,241486.16081540205,left,0.0479272185642322,0.8558631979519169,115489.57905487133,-15.0,-4.0,0.0443343460496106,0.8779305438574581,True,-15.0,-4.0,-0.0443343460496106,0.8779305438574581,-0.0443343460496106,0.0,2816.9294100494335,-218095.89012272612,-64355.5473852538,-15.0,-4.0,218.4634141008284,276.7210624302714,-176.4482675859352,0.40054403885935896,-0.0006291147433762355,-0.28030732413514825,-11.635,-11.667,0.8397413269955797,0.39359032918044934,-0.3740603647960162,0.4464935177948881,1.8191604907843089,True
720575940623566472,767593.1655225019,285209.406559878,162933.36384439358,right,0.0181553035859525,1.5550075851892038,130186.21344907828,1.0,-1.0,0.0181553035859528,1.5550075851892036,False,1.0,-1.0,-0.0181553035859528,1.5550075851892036,-0.0181553035859528,0.0,96775.1951623081,244614.70656546822,6083.772001657966,1.0,-1.0,100.64628434220212,-412.99826946935195,-3.8040612951067683,0.20369587357557742,-0.437540400704166,0.011191015496703096,0.0,2.121,0.40062302162724545,-0.8962827664221619,0.1902061964208634,0.1688796061889433,55.490039945908705,False
720575940623571555,800868.4243614931,250117.88998035365,225901.1787819253,right,-0.5728515754909036,1.7271797408965992,132663.1800175706,-1.0,12.0,-0.5728515754909032,1.7271797408965983,False,-1.0,12.0,0.5728515754909032,1.7271797408965983,0.5728515754909032,0.0,40743.42913265362,275624.8435031511,53013.6740616916,-1.0,12.0,219.33867783407823,-245.83298617581218,72.24654525104602,0.4557276318154498,0.022082854815872906,0.1671335940141378,6.736,-13.789,0.8326596023918815,-0.2603806373576062,0.4887534247796538,0.3562357877960656,1.5406630962834043,True
720575940623604149,754121.427864798,217788.4253915911,160933.2234130256,right,0.0286882780704132,2.089589503327953,130191.90059085152,12.0,5.0,0.0286882780704123,2.0895895033279537,False,12.0,5.0,-0.0286882780704123,2.0895895033279537,-0.0286882780704123,0.0,109135.86808407135,226194.48299943376,71191.2685566338,12.0,5.0,9.992864249399378,-381.03311678407425,132.6343805962698,-0.11526332412044672,-0.3189672277226902,0.3528420475048472,10.41,7.425,0.07946975220080028,-0.778107811832829,0.6230832943113387,0.3550804182425277,45.372684269409866,False
720575940623627460,759092.1377672208,349367.8147268409,215382.80285035627,right,-0.219472554728194,0.92857274540937,125010.83988262266,-15.0,-2.0,-0.2194725547281927,0.9285727454093704,False,-15.0,-2.0,0.2194725547281927,0.9285727454093704,0.2194725547281927,0.0,34719.85166380767,241213.73448198367,-49387.66385162912,-15.0,-2.0,232.89477283578105,-252.48247835177375,-163.8237815741019,0.41920503071928195,0.027386954899367107,-0.24514857553113553,-10.41,-13.789,0.916860559195017,-0.2417011125758574,-0.317722028150699,0.35762263921024995,0.5053906982719044,True
720575940623628105,751796.5522074281,342954.0518570428,181515.6832515768,right,0.0629533258977309,1.0693507797857942,129509.01154622942,-10.0,-5.0,0.0629533258977319,1.0693507797857942,False,-10.0,-5.0,-0.0629533258977319,1.0693507797857942,-0.0629533258977319,0.0,69036.37100258919,233242.37064398348,-48966.27120629078,-10.0,-5.0,174.46317204875075,-349.5771494892067,-149.86543020511854,0.36775510111840276,-0.21103947697905664,-0.24111700859221244,-9.186,-5.303,0.6265991952717517,-0.7229943734214798,-0.2909511719957066,0.3789230406278411,19.507462082164693,False
720575940623666320,728727.3318872018,335617.2321041215,157451.30874909615,right,0.3396438241296788,1.1640498190369055,127780.98446171598,-6.0,-9.0,0.3396438241296795,1.1640498190369064,False,-6.0,-9.0,-0.3396438241296795,1.1640498190369064,-0.3396438241296795,0.0,93533.29194183923,209537.07971034013,-47213.55425449768,-6.0,-9.0,80.02281873246207,-404.00649414906337,-141.53351097547426,0.11568707747387508,-0.3913669832679105,-0.25583802819796375,-9.186,3.182,0.26768640754124484,-0.8797889096501397,-0.39283006717190183,0.15640765995657163,49.07295709751379,False
720575940623670763,270793.6664259928,262424.97328519856,217996.3032490975,left,0.1494805159597042,1.5762840544212091,114494.18946729922,0.0,2.0,0.144552772945199,1.5755091148324791,True,0.0,2.0,-0.144552772945199,1.5755091148324791,-0.144552772945199,0.0,36974.25600149535,-252139.2388316786,1593.1811797341315,0.0,2.0,144.69308341843464,380.5851947204648,20.745864924400365,0.33458767680301077,0.3431726567917309,0.07102018352704309,1.225,-2.121,0.5747293710725042,0.7722866023022996,0.2706650216244679,0.18166270497929352,37.88757222142351,False
720575940623723814,275376.4153005465,180256.903460838,247169.25318761385,left,0.5773978982235073,2.2223620179705508,121137.47489006208,10.0,16.0,0.5568561620862292,2.2051101089779155,True,10.0,16.0,-0.5568561620862292,2.2051101089779155,-0.5568561620862292,0.0,21210.38727768248,-253437.06835419612,87462.09508582867,10.0,16.0,120.27075912314363,247.58776230797176,179.35421946607892,0.20287502987023537,-0.010736258919823853,0.43928630784776884,15.922,-6.364,0.4790997324574387,0.22663638935075964,0.8479972838289411,0.2635529904865079,1.4855369947776373,True
720575940623738365,709984.6478405315,312203.8438538206,130452.02657807311,right,0.5498044687382513,1.3997926579103894,132280.07635302708,2.0,-11.0,0.5498044687382521,1.3997926579103903,False,2.0,-11.0,-0.5498044687382521,1.3997926579103903,-0.5498044687382521,0.0,123541.44428233722,188941.4928539548,-29784.590213749078,2.0,-11.0,-49.77923122495678,-421.3919230122776,-79.92966025837777,-0.31113677692960834,-0.34918435422212624,-0.12956003593774199,-5.511,13.789,-0.4304450384063463,-0.8501971487802116,-0.3031202354138664,0.25119334739509436,76.13791692235168,False
720575940623793993,290937.3470790378,164790.73539518905,236414.2955326461,left,0.4816821520932853,2.41066967615429,122283.70449126315,14.0,16.0,0.4616229554305687,2.389003039261156,True,14.0,16.0,-0.4616229554305687,2.389003039261156,-0.4616229554305687,0.0,34550.4603554712,-239130.23215104666,102103.5074065516,14.0,16.0,68.99253858182448,250.30441554595984,199.41408779864625,0.08491615958451762,-0.016062412003442387,0.4743968294395141,18.371,-2.121,0.30971585606125507,0.1531729240487959,0.9384104346407204,0.23439563622622028,3.2516095075697287,True
720575940623798003,296367.3477588871,310579.48068006185,208310.0772797527,left,-0.1416782934775489,1.1802075110490118,115103.98397348687,-7.0,-5.0,-0.1370264521944868,1.1929441231839018,True,-7.0,-5.0,0.1370264521944868,1.1929441231839018,0.1370264521944868,0.0,39409.61562967792,-223148.0726411161,-45526.60276798982,-7.0,-5.0,145.46579540654255,387.4345324937425,-108.38818148867347,0.31174865372611466,0.3368370344043354,-0.1526364786980016,-7.348,-2.121,0.5374624037698494,0.8206538030622512,-0.19406571065852682,0.20448010461467256,36.41232613211584,False
720575940623798259,338330.9328140215,344250.6134371957,203664.03115871467,left,-0.5646894627334678,0.8946663627465165,120511.7669962588,-14.0,-12.0,-0.5430948917275616,0.9129415871968743,True,-14.0,-12.0,0.5430948917275616,0.9129415871968743,0.5430948917275616,0.0,39450.238807207,-178846.98736932295,-76408.4030698764,-14.0,-12.0,114.15200534131165,338.3875722302956,-228.23487148394062,0.19614030786911485,0.12778192662724283,-0.43160215133508706,-15.922,-2.121,0.2886020824055033,0.7055904180135286,-0.647186990010384,0.5200103697162906,10.045506225714961,False
720575940623800573,306268.79746835446,276747.5727848101,175148.48101265822,left,-0.3451237160798514,1.545118872646257,119039.98087690095,3.0,-7.0,-0.3338836791577144,1.546027753986566,True,3.0,-7.0,0.3338836791577144,1.546027753986566,0.3338836791577144,0.0,77665.28683910848,-215987.05735847948,-16759.40537927162,3.0,-7.0,-8.94233752919953,439.8923775724044,-29.415944825097405,-0.1484329644604941,0.4635701312759867,-0.010764513841756322,-2.449,10.607,-0.05831028134955035,0.9975832085183102,-0.03778429794570964,0.25186764354013713,88.72898613997309,False
720575940623818277,319783.04732824425,216809.76488549617,171292.1526717557,left,-0.3987920394603012,2.0696644877838897,117195.97500798912,13.0,-2.0,-0.3835923876348406,2.0550304275285005,True,13.0,-2.0,0.3835923876348406,2.0550304275285005,0.3835923876348406,0.0,91169.12529285318,-206955.69391877606,42621.8025467936,13.0,-2.0,-81.26736288562388,392.46004303305796,81.617334384381,-0.3410106341865534,0.26905412908474735,0.1781742815618673,6.736,15.91,-0.5413047942119823,0.6830348112837468,0.4903596295961771,0.2427061796505736,52.015224405475045,False
720575940623820523,708753.4248479583,326985.7758470895,137304.08340573416,right,0.5497609736169837,1.2760432966733788,131880.187569518,-2.0,-12.0,0.5497609736169845,1.2760432966733797,False,-2.0,-12.0,-0.5497609736169845,1.2760432966733797,-0.5497609736169845,0.0,114423.10584671999,188848.89415629432,-43342.5928666217,-2.0,-12.0,-13.805934157605122,-416.53589072030053,-123.6308447148597,-0.20658027019513384,-0.36537270063015037,-0.23896236154255907,-8.573,10.607,-0.21473879881551308,-0.8818951233962773,-0.4197001782381508,0.2590256068911451,74.22841397545824,False
720575940623872807,344427.16778523487,311471.39022051776,168283.45158197507,left,-0.6930543242511679,1.28055840501527,122786.1292035792,-4.0,-13.0,-0.6715844889346513,1.288279597467162,True,-4.0,-13.0,0.6715844889346513,1.288279597467162,0.6715844889346513,0.0,79661.62669212278,-175417.70321030953,-49302.84531459979,-4.0,-13.0,-8.850512433913732,410.39479504326596,-135.44036026793893,-0.1730474494801227,0.3598502404313184,-0.27739738973029104,-10.41,9.546,-0.23644899529547114,0.8508179188851902,-0.4692555183773936,0.19208758357792083,65.70792712187247,False
720575940623873063,279602.8766928012,276515.56094084104,200717.2630078404,left,-0.036643150513699,1.4954870931634794,118718.68387065711,0.0,-2.0,-0.0354080316136384,1.4976904845524022,True,0.0,-2.0,0.0354080316136384,1.4976904845524022,0.0354080316136384,0.0,51972.596488563075,-242428.6932253922,-14390.159032104724,0.0,-2.0,102.53089245533796,416.9922818701948,-11.874075980591687,0.211427527044014,0.43495139134779565,0.0356206856256407,-1.225,2.121,0.42763998720057916,0.8966185095894944,0.11488816130743039,0.042271567437832294,56.195628801961675,False
720575940623877828,781353.582236842,229528.69078947368,191216.51315789472,right,-0.2979983977828088,1.944833345361848,129633.969634177,6.0,9.0,-0.2979983977828094,1.944833345361848,False,6.0,9.0,0.2979983977828094,1.944833345361848,0.2979983977828094,0.0,77880.20003765952,254416.9456655493,66387.36210880658,6.0,9.0,129.3696788151608,-335.1647273544472,116.56063085327561,0.27572688338488754,-0.25284866548570567,0.30167388847104065,9.186,-3.182,0.5771177767799106,-0.5999228094093497,0.5541007981180015,0.10434189272116356,25.000888211886256,False
720575940623887128,780692.375109553,243906.166520596,180374.4785276074,right,-0.1992013444000862,1.843419660252429,130970.41156633668,5.0,6.0,-0.1992013444000866,1.8434196602524289,False,5.0,6.0,0.1992013444000866,1.8434196602524289,0.1992013444000866,0.0,86305.78729247782,254746.57230431525,50462.55303996695,5.0,6.0,119.43311351608008,-366.2977512835864,88.69011730240726,0.2471568395810698,-0.3357665982709043,0.23311494853624568,6.736,-1.061,0.5044031564749833,-0.7107728282072969,0.4902850624078545,0.015367837764685434,38.305718544675784,False
720575940623893223,273609.89221556886,252122.74080410608,207636.6809238665,left,0.0801851988116368,1.6833754769457556,116652.69118006973,3.0,1.0,0.0777909628163976,1.6792050424779914,True,3.0,1.0,-0.0777909628163976,1.6792050424779914,-0.0777909628163976,0.0,48878.15739150014,-250158.6834082857,10297.40018121183,3.0,1.0,95.89423822178402,406.0961201016413,40.740727365536046,0.1797272659548461,0.42873736046813216,0.11553886528538254,2.449,2.121,0.41736020744116775,0.8478710160590005,0.3269941855320115,0.10664509673346505,54.939704962940034,False
720575940623914509,276654.9951124144,193232.1720430108,233480.7038123167,left,0.4080958020006784,2.1522955876115635,116748.88530025946,9.0,12.0,0.3935013017727037,2.1347843823372754,True,9.0,12.0,-0.3935013017727037,2.1347843823372754,-0.3935013017727037,0.0,32702.75360495589,-251295.11762413953,72605.90754041355,9.0,12.0,112.11847003994245,300.1615731526988,158.9096242997682,0.20645637434204392,0.12465872839024195,0.4187720111843651,12.86,-3.182,0.488561534357866,0.49980447552892937,0.715194458442695,0.29287882634074186,10.20116263211952,False
720575940623939145,296590.3880126183,233963.4858044164,181858.39116719243,left,-0.1899147747571826,1.889904804346638,117591.40357942296,9.0,-2.0,-0.1828623435293998,1.879628457633256,True,9.0,-2.0,0.1828623435293998,1.879628457633256,0.1828623435293998,0.0,77610.59632996115,-228750.09314647538,25740.883196727984,9.0,-2.0,-25.084340722649067,423.62901308713396,64.32132768952965,-0.19648173202074537,0.41043715515413465,0.1608372313298693,4.287,11.667,-0.11222623328468043,0.9255826744865416,0.36152729530849165,0.30682181712446444,69.50914675811323,False
720575940623942408,729637.4828375285,341886.6880244088,162274.93516399697,right,0.3174850577006046,1.1053838647207055,128373.65432038825,-8.0,-9.0,0.3174850577006054,1.1053838647207064,False,-8.0,-9.0,-0.3174850577006054,1.1053838647207064,-0.3174850577006054,0.0,87798.80568631797,210938.83696113282,-52557.01456355057,-8.0,-9.0,102.26675570566918,-387.4428761889262,-161.67090613272669,0.17851919815778888,-0.3479025334427175,-0.29094575648659715,-10.41,1.061,0.3362320669500461,-0.855236005524008,-0.39435944518907984,0.24953541645650848,39.17847690886246,False
720575940623946851,784210.6265865064,296950.877755511,187857.2611890448,right,-0.1956127795899808,1.4318489182993168,131725.50193690046,-4.0,2.0,-0.1956127795899807,1.4318489182993166,False,-4.0,2.0,0.1956127795899807,1.4318489182993166,0.1956127795899807,0.0,70617.88540632518,262216.4458949415,-333.13814304017615,-4.0,2.0,189.99743425817485,-353.1545467865367,-25.143605143490213,0.41895425969240974,-0.2456046651949665,-0.000901575160965889,-1.225,-6.364,0.700604168126436,-0.6848083030810006,0.20047789812142655,0.31640091968072426,21.464510533489445,False
720575940623948432,746604.8717948719,182394.4654832348,187252.4654832348,right,-0.186620490926831,2.3941988805564,128719.0521924288,16.0,12.0,-0.186620490926834,2.3941988805564,False,16.0,12.0,0.186620490926834,2.3941988805564,0.186620490926834,58.0,88594.46016415821,216261.3856093393,109679.15825201166,16.0,12.0,18.035964256533454,-302.5218580764627,194.10680498813525,-0.08214916398411018,-0.095736165910043,0.4699679880379396,17.146,4.243,0.04358676288268093,-0.427320889233621,0.9030487537923944,0.32109992857863845,15.854312882941924,False
720575940623989247,793386.4013050571,276254.2185970636,195388.8743882545,right,-0.3032150658734985,1.5759056108132,133547.00441107797,-2.0,5.0,-0.3032150658734983,1.5759056108132,False,-2.0,5.0,0.3032150658734983,1.5759056108132,0.3032150658734983,0.0,66611.8822916144,269890.1971103678,21900.557472347748,-2.0,5.0,193.77012113364174,-335.42175964349224,17.916403453768392,0.42571581483699633,-0.21433590112462297,0.07177395272881429,1.837,-7.425,0.7144949386817214,-0.6605973992186784,0.23045185775714871,0.286884971999559,17.342538187871632,False
720575940624001288,255824.71080139367,272025.212543554,250344.8780487805,left,0.4296224309946864,1.433049603261802,119535.1784869501,-5.0,6.0,0.4158952647994584,1.4360877924624926,True,-5.0,6.0,-0.4158952647994584,1.4360877924624926,-0.4158952647994584,0.0,3249.9745371272716,-266146.28753248893,-3804.9614901833183,-5.0,6.0,228.51768103583424,291.2434569396823,3.3188614540612065,0.47786455360014174,0.0671008414924361,0.04274675995261746,0.612,-11.667,0.8697999153290615,0.42307532646673285,0.2538806322440228,0.3511062513577398,1.7585124693384455,True
720575940624009107,305534.9811320755,330041.4968553459,228284.2452830189,left,-0.0979748040343417,0.9252156018849153,112172.37417462424,-13.0,-5.0,-0.0949378798527531,0.9461414059968912,True,-13.0,-5.0,0.0949378798527531,0.9461414059968912,0.0949378798527531,0.0,16786.55113505011,-212438.8810956822,-60865.870417067345,-13.0,-5.0,197.41909956312122,317.7471653516326,-167.70531159908396,0.3961323763306015,0.1088474061853988,-0.26600517353667,-11.023,-8.485,0.7163172053144858,0.5918372314758422,-0.36961919973055424,0.42191370753480645,5.230306083355408,False
720575940624077240,257491.92657621708,229535.13487629688,239812.6097366321,left,0.4258151298298696,1.800923480105595,119956.85951661308,2.0,9.0,0.4126581780050885,1.793281775615029,True,2.0,9.0,-0.4126581780050885,1.793281775615029,-0.4126581780050885,0.0,20378.72397810971,-267686.58232962247,36485.83670164227,2.0,9.0,177.80612157551042,309.9555450403027,88.73903432359027,0.39898325851360156,0.1553337615731082,0.22436305164437734,6.736,-7.425,0.6546888130692826,0.5079326850753241,0.5598097404244639,0.27121317338617174,11.856778136380058,False
720575940624086408,793703.5070202808,268379.984399376,196861.43525741028,right,-0.3242920572659418,1.6320906625658018,132936.14506613495,-1.0,6.0,-0.3242920572659417,1.6320906625658016,False,-1.0,6.0,0.3242920572659417,1.6320906625658016,0.3242920572659417,0.0,66405.334175274,269635.3933788022,29910.861379319475,-1.0,6.0,190.87546225777407,-330.8785076294113,34.43332884995606,0.42258724499074696,-0.21546844433241896,0.10157589849252634,3.062,-7.425,0.7416065070211324,-0.5961691431905678,0.30757461119432367,0.22299228557268172,18.535013687600838,False
720575940624092348,283929.8821898822,298713.1088011088,218526.51420651417,left,0.0245324086128443,1.258674133684902,113124.34356609102,-6.0,-2.0,0.023219951429129,1.2688573507755023,True,-6.0,-2.0,-0.023219951429129,1.2688573507755023,-0.023219951429129,0.0,30967.704770402022,-236359.3378996936,-33113.96702291825,-6.0,-2.0,171.27463070553256,374.26942102549407,-72.9421999948776,0.385789075238634,0.27653834565539015,-0.09176521103216259,-4.899,-4.243,0.6032731583994452,0.7915417195976363,-0.0975868971285328,0.30882015377664856,30.948430741248963,False
720575940624103148,270440.0369318182,281751.82954545453,224985.85227272724,left,0.1677769687971776,1.398442019179563,115497.5720172888,-4.0,1.0,0.1619144701494663,1.4035166950390536,True,-4.0,1.0,-0.1619144701494663,1.4035166950390536,-0.1619144701494663,0.0,27019.488705346936,-251020.55965940122,-16355.562154174122,-4.0,1.0,181.79494227687206,364.3198496141906,-25.549375411149118,0.41328243944091175,0.2567477942673442,0.0020451955854459062,-1.837,-5.303,0.6965320560723974,0.6941181579072113,0.1817775501184298,0.2884085454673055,25.95444029225321,False
720575940624121322,695459.3501997337,359812.2450066578,154607.3501997337,right,0.6341269646548807,0.9892880985501578,134341.29874354336,-11.0,-15.0,0.6341269646548815,0.9892880985501584,False,-11.0,-15.0,-0.6341269646548815,0.9892880985501584,-0.6341269646548815,0.0,91921.61522577405,178126.094300757,-73878.09717021149,-11.0,-15.0,43.23255665685516,-358.0007122834078,-222.01852452988678,-0.02470715073480502,-0.1661131857067856,-0.45876467724849596,-15.922,4.243,-0.011024029581900453,-0.7165818431229217,-0.6974158966343784,0.45303284465701354,34.329400047599265,False
720575940624126413,280740.8475371384,227256.8131352619,198592.1501172791,left,0.0243500744179872,1.910282348551048,118349.75455623642,8.0,2.0,0.0240925376569355,1.899060487034169,True,8.0,2.0,-0.0240925376569355,1.899060487034169,-0.0240925376569355,0.0,61858.40650602586,-244940.66580769862,33861.22511237564,8.0,2.0,36.19615298085572,405.24590361959434,90.40087115538691,-0.0022508082295368305,0.42538588037111036,0.23167495557176493,6.124,6.364,0.21132807200829806,0.8574549072700809,0.46916045014441765,0.2175888560846586,59.87364353525361,False
720575940624136485,714101.8607050731,302545.23473774723,129657.09372312986,right,0.5173881900029691,1.4725950775301608,131300.05750422916,4.0,-10.0,0.5173881900029697,1.4725950775301615,False,4.0,-10.0,-0.5173881900029697,1.4725950775301615,-0.5173881900029697,0.0,125924.06158016312,192329.85099053467,-20103.977938521675,4.0,-10.0,-62.41845174218954,-424.27523238351966,-56.22138142623193,-0.32497624680618675,-0.3462402901899931,-0.07305128173338407,-3.674,14.849,-0.40419317871994975,-0.8675144227012961,-0.2899079175902238,0.3402680580507827,74.3385778605646,False
720575940624161171,797349.8076335876,246871.0106870229,217455.786259542,right,-0.509825513715972,1.7655104197229627,131423.11155884937,0.0,11.0,-0.5098255137159721,1.765510419722962,False,0.0,11.0,0.5098255137159721,1.765510419722962,0.5098255137159721,0.0,49529.77565508766,271820.8709717087,54619.11837658599,0.0,11.0,207.57960451059765,-268.56722141415355,78.32155181800465,0.44392857684980347,-0.03799402587982122,0.18738742400420047,6.736,-11.667,0.8370168151312156,-0.338988279348621,0.4295227556857237,0.27688911483358714,1.5229465348596545,True
720575940624177900,764702.7626666665,203173.4222222222,189477.93777777776,right,-0.2608303299569438,2.185491991510274,127588.54655477154,11.0,11.0,-0.2608303299569451,2.185491991510274,False,11.0,11.0,0.2608303299569451,2.185491991510274,0.2608303299569451,0.0,83449.74399512638,235856.68977881575,90869.39020060608,11.0,11.0,79.3323193350758,-322.7806750823691,165.03032750262048,0.10483948312050817,-0.207041525931232,0.42419226537634613,13.472,0.0,0.4317360520831867,-0.5478562103521897,0.7165595258665963,0.29490707300499236,22.623583089739647,False
720575940624181396,288573.44299065426,309142.5420560748,220241.6448598131,left,-0.0077680654373053,1.1616589148240726,113809.64119461885,-8.0,-3.0,-0.00809029338683,1.1750091977309602,True,-8.0,-3.0,0.00809029338683,1.1750091977309602,0.00809029338683,0.0,27714.227280334657,-230948.06848892674,-42778.875489834354,-8.0,-3.0,179.82288009767657,362.0159389327746,-101.89664645251071,0.4005994531629799,0.24312975605536266,-0.13476759400133365,-6.736,-5.303,0.6434034606625205,0.7406368911424807,-0.19362071760608107,0.31298875552979255,24.97510344216902,False
720575940624185904,790056.3209663504,223991.73080241587,215756.06557377047,right,-0.518322957255392,1.9492764098843465,130505.30012647508,4.0,13.0,-0.5183229572553926,1.9492764098843447,False,4.0,13.0,0.5183229572553926,1.9492764098843447,0.5183229572553926,0.0,54682.93045442599,262848.87289650895,76356.038406012,4.0,13.0,177.3575234114852,-269.9611008777131,121.61693423034501,0.37650042368657466,-0.045067804392087095,0.2983779304749286,10.41,-9.546,0.7002543969130182,-0.38491276480759196,0.6012370107471435,0.3039546425092423,2.132849077220402,True
720575940624198437,275575.7222692633,243105.2531752752,202166.7400508044,left,0.0480992470621979,1.7679066023402434,118298.58748836209,5.0,1.0,0.0469022575895915,1.7611215635072233,True,5.0,1.0,-0.0469022575895915,1.7611215635072233,-0.0469022575895915,0.0,55736.33219382843,-248899.27347941726,18450.874845592567,5.0,1.0,66.57761735445713,411.12560963760194,58.55539259061753,0.10748298503311124,0.4393097802149831,0.15783966728454182,3.674,4.243,0.3247586261530041,0.8755186570519654,0.35776936131135734,0.11232503500601076,57.60292072622997,False
720575940624217528,759300.4665090622,220193.1379038613,167580.6776989756,right,-0.0419940238727703,2.0654288927560103,128394.13261132194,11.0,6.0,-0.0419940238727713,2.0654288927560103,False,11.0,6.0,0.0419940238727713,2.0654288927560103,0.0419940238727713,0.0,102287.63401985758,231580.38236103844,70249.19090715123,11.0,6.0,36.29072565777412,-374.84652332361264,132.6720377077281,-0.026203542103615213,-0.3385843652894351,0.34613125345602463,10.41,5.303,0.18919622042743137,-0.7438722864326278,0.640982692163735,0.2586912940187847,44.298354412444525,False
720575940624230839,244573.3333333333,254577.125,268190.4861111111,left,0.6150474626954042,1.5414427084839597,127013.27413607902,-4.0,11.0,0.5975687631015364,1.5409138346084368,True,-4.0,11.0,-0.5975687631015364,1.5409138346084368,-0.5975687631015364,0.0,-11822.734991445403,-278536.185789547,15399.17425234998,-4.0,11.0,238.0182619560911,230.9540316444001,45.641140369953916,0.4747712565272112,-0.04215382995879101,0.0852115681258466,4.287,-15.91,0.9422696312067843,0.12244221665308493,0.3116662408515074,0.2531919365628203,1.8127930075586438,True
720575940624234644,775757.1803823775,199388.24272651703,206733.7988362428,right,-0.4533406327760509,2.1705503032093887,131242.14417374282,9.0,14.0,-0.4533406327760527,2.170550303209388,False,9.0,14.0,0.4533406327760527,2.170550303209388,0.4533406327760527,0.0,67210.35770846703,246715.1204853561,98126.7513836465,9.0,14.0,124.47857321850421,-279.8953618671353,163.40223491717478,0.2191583288417516,-0.07144686776179567,0.42417011008096517,14.085,-5.303,0.5415453731698818,-0.42526964156489333,0.7251719387576719,0.3302869588043824,3.315152158469094,True
720575940624292158,743454.3412162162,209945.87162162163,157450.6418918919,right,0.1100355967009481,2.169250767919779,129415.39896499518,14.0,5.0,0.1100355967009471,2.16925076791978,False,14.0,5.0,-0.1100355967009471,2.16925076791978,-0.1100355967009471,0.0,113617.0324812395,214955.37791973096,77596.14512902044,14.0,5.0,-20.906291406638946,-372.9502869508503,140.8500335157839,-0.19379482905757553,-0.2599034935494112,0.3667744855548346,11.635,9.546,-0.14572820091987354,-0.7221636635498826,0.6761974079400697,0.3246655731670527,41.28199774361702,False
720575940624322341,762863.7041251778,313075.56472261733,169170.9530583215,right,0.0379435653074792,1.3327105369424286,129731.09753461245,-4.0,-3.0,0.0379435653074798,1.332710536942429,False,-4.0,-3.0,-0.0379435653074798,1.332710536942429,-0.0379435653074798,0.0,86136.88274810319,241994.39344758468,-20707.240730288406,-4.0,-3.0,139.17887268700787,-396.11955798165707,-71.07476387171847,0.29067455442796475,-0.37879214088233626,-0.07884364736367518,-4.287,-1.061,0.5545827302172059,-0.8301916376466357,-0.056743635118194635,0.1251743490377967,44.821620119058785,False
720575940624328167,734590.5,354715.9337349398,178302.71084337347,right,0.2132707436897756,0.9678159257157422,129094.16824002971,-12.0,-8.0,0.2132707436897765,0.9678159257157428,False,-12.0,-8.0,-0.2132707436897765,0.9678159257157428,-0.2132707436897765,0.0,70041.3461622576,216929.85278881658,-62293.126638969945,-12.0,-8.0,153.39477935741976,-341.20108133670334,-193.03621457878424,0.30706348434779407,-0.1799995499468787,-0.33500976076095673,-12.247,-4.243,0.5433295261384948,-0.6932981687298126,-0.47342441346217756,0.3998795244365622,13.817220845768466,False
720575940624335399,789562.427626745,310188.08817046287,221074.2983100661,right,-0.4311140198446213,1.2761889244279316,128978.27019464088,-9.0,5.0,-0.4311140198446205,1.2761889244279314,False,-9.0,5.0,0.4311140198446205,1.2761889244279314,0.4311140198446205,0.0,35831.98401933107,268748.3146470743,-7716.418196143107,-9.0,5.0,248.46708705651426,-255.4676790156575,-48.859256948204674,0.4823894074453886,-0.008121022693330508,-0.020043599190052882,-2.449,-14.849,0.9746820977460592,-0.20730376204238665,0.08378519306187206,0.22979681693826798,0.5174589932588571,True
720575940624341651,344252.1768292683,353221.89024390245,207073.53658536583,left,-0.6210996259211702,0.819618188792782,124453.33545400592,-16.0,-13.0,-0.5967729641472943,0.8384479414364743,True,-16.0,-13.0,0.5967729641472943,0.8384479414364743,0.5967729641472943,0.0,34777.00239741555,-172257.93505915755,-84277.0062875458,-16.0,-13.0,114.39660084746329,314.4250146492881,-250.35898713096685,0.20650712877955432,0.03811913417541917,-0.44911296753850216,-17.759,-3.182,0.27329744113102517,0.6236889413688684,-0.7323391380265116,0.6002570032115362,1.9714988274806753,True
720575940624374013,691180.3327556326,339937.89948006935,134741.55979202772,right,0.6939323773742566,1.1919268111046106,136689.88375334765,-5.0,-15.0,0.6939323773742575,1.191926811104611,False,-5.0,-15.0,-0.6939323773742575,1.191926811104611,-0.6939323773742575,0.0,114591.5338494626,172262.40328243046,-57764.71310115307,-5.0,-15.0,-17.731271327278794,-391.93081960717296,-162.97552276379002,-0.21791558228859742,-0.2501815380665512,-0.34722924708182595,-12.247,10.607,-0.28408847739806853,-0.7755693996529265,-0.5637249713571739,0.3466904158528906,57.89222643868123,False
720575940624376039,265290.2898089172,275726.1560509554,233848.12101910828,left,0.2666916774209971,1.4311032867631712,115421.38025327526,-4.0,3.0,0.2576356636556611,1.4348386913301503,True,-4.0,3.0,-0.2576356636556611,1.4348386913301503,-0.2576356636556611,0.0,19126.081339960147,-256542.26661412028,-9386.106200121241,-4.0,3.0,197.95357340336705,340.2292934922762,-9.62891241648611,0.441892569199228,0.20389340451587215,0.013135303335649405,-0.612,-7.425,0.75907503214774,0.6209094146850839,0.19564405006371646,0.3034430933646581,18.75499066650486,False
720575940624402761,700135.2885211996,328784.0082730093,133215.05687693896,right,0.6241449117401484,1.2731021351527467,134035.30708834095,-2.0,-13.0,0.6241449117401493,1.2731021351527474,False,-2.0,-13.0,-0.6241449117401493,1.2731021351527474,-0.6241449117401493,0.0,118020.13721553197,180360.135200158,-46380.419108166,-2.0,-13.0,-27.929606479143146,-409.08675185127424,-128.49888854359315,-0.2513286094725124,-0.3156283380592315,-0.25768287228234343,-9.186,11.667,-0.3314323376948996,-0.8138686312754952,-0.47725303200277946,0.25579797522054537,71.76221609965486,False
720575940624434685,338514.3090234857,281220.3856613103,157003.85661310257,left,-0.6531566033801905,1.5457875753974577,122781.2890614259,3.0,-11.0,-0.6334252331160194,1.5468202897706522,True,3.0,-11.0,0.6334252331160194,1.5468202897706522,0.6334252331160194,0.0,95460.65676593927,-183619.54829008042,-21726.862571395905,3.0,-11.0,-65.17684746773173,419.5946181723841,-59.92265422127042,-0.3271380918226675,0.3428329623525724,-0.1004553843028492,-4.899,14.849,-0.5053923227293191,0.8119468299014799,-0.2920974932093753,0.2170331161578961,68.10326382231894,False
720575940624438567,293122.2719703978,193393.73543015725,204807.6225716929,left,0.0700632757796745,2.219463783422998,117215.02784527562,13.0,7.0,0.0681753157197793,2.1992348673797184,True,13.0,7.0,-0.0681753157197793,2.1992348673797184,-0.0681753157197793,0.0,61286.15493460749,-235049.7475552706,69081.70303009904,13.0,7.0,15.810624368746694,355.37235709108603,158.34995565907786,-0.08256595548613235,0.25272328602351807,0.40895040630560886,12.247,6.364,0.1208046039282269,0.6634467304393157,0.7384068550190512,0.3411562437190952,36.21211486559505,False
720575940624451260,312198.7219796216,327425.8981077147,212126.9577874817,left,-0.2609051164830629,1.0048343466360516,113933.68907235032,-11.0,-7.0,-0.251308199259485,1.0229207812411223,True,-11.0,-7.0,0.251308199259485,1.0229207812411223,0.251308199259485,0.0,33272.543845207874,-206092.6202541348,-60374.1837312855,-11.0,-7.0,156.98506570494,356.5786048456726,-165.974899037043,0.3346859333562198,0.2138785084917159,-0.28870651107483836,-11.023,-4.243,0.5334144769891451,0.7684508018397609,-0.3534860122978355,0.4367603667777829,15.660778768936316,False
720575940624467644,787978.2232704404,310208.6320754717,206778.4905660377,right,-0.3209921075962723,1.3026476925190495,131353.1754918129,-8.0,3.0,-0.3209921075962714,1.302647692519049,False,-8.0,3.0,0.3209921075962714,1.302647692519049,0.3209921075962714,0.0,49914.54187963604,267075.9317601218,-10117.448004242297,-8.0,3.0,234.27332752018555,-295.9217842963574,-55.5077661421731,0.4758438482367793,-0.08751463949839822,-0.044903131851865,-3.062,-11.667,0.8929065949986115,-0.44832764481659,0.0414745162864512,0.313258515077796,3.77251050735461,False
720575940624568846,278445.03100088576,202619.61381753764,222266.3950398583,left,0.2755999461729102,2.094960846603464,115261.44481001663,9.0,9.0,0.2660018839454076,2.078159566101585,True,9.0,9.0,-0.2660018839454076,2.078159566101585,-0.2660018839454076,0.0,42327.25542092203,-248891.44119506906,61711.85791619301,9.0,9.0,91.45811688455568,337.11972774219225,144.40777013634792,0.1722027014129689,0.24070409715194724,0.38132607676020136,11.023,0.0,0.4279228437365292,0.5970341629945078,0.6785515809618967,0.16499070975523278,25.149036749751023,False
720575940624581670,265182.76808351977,254639.83594332583,226400.1193139449,left,0.2492889899040018,1.624405534854371,115394.81857199148,0.0,4.0,0.2411968639504534,1.6219279334614545,True,0.0,4.0,-0.2411968639504534,1.6219279334614545,-0.2411968639504534,0.0,29802.535436239817,-258253.60773789574,10189.435311956542,0.0,4.0,164.71477205695265,361.24571782325586,34.91241812108749,0.37514914039314234,0.28128587963050483,0.1022302338441547,2.449,-4.243,0.6120162260613428,0.722575167803872,0.32143625481709087,0.24385084484830433,28.353992229581845,False
720575940624595179,337049.55319148937,352302.69680851063,218176.32978723408,left,-0.4986841253997741,0.7650759094353332,120189.30254530896,-17.0,-11.0,-0.477470648505484,0.7869379497339589,True,-17.0,-11.0,0.477470648505484,0.7869379497339589,0.477470648505484,0.0,23828.991810517866,-179435.54095748335,-82128.10924950374,-17.0,-11.0,149.45979717847425,296.1271434651699,-248.5581475102233,0.2409497091978884,-0.000784222803917759,-0.43437976694047703,-17.146,-6.364,0.47109253038517107,0.5399527078509662,-0.69751193617006,0.5778914485166786,0.11984833830088726,True
720575940624599836,786796.1116005874,311705.51248164463,216630.27900146844,right,-0.3881934185291505,1.2684812729335255,128006.92092188224,-9.0,4.0,-0.3881934185291497,1.2684812729335255,False,-9.0,4.0,0.3881934185291497,1.2684812729335255,0.3881934185291497,0.0,39930.13294682895,266072.268163575,-10113.987610806562,-9.0,4.0,246.0663407807608,-269.6626650859678,-57.99334526861834,0.4812050130161401,-0.034090303457230936,-0.04555804009782301,-3.062,-13.789,0.9566285970423969,-0.29064555992899493,0.01966941316502985,0.251224829269351,0.6819191058526821,True
720575940624608841,277895.9517426273,176904.77211796248,241255.22788203755,left,0.5232371576469236,2.2627669834550064,122447.19439251556,11.0,15.0,0.5042081774454701,2.244397160630108,True,11.0,15.0,-0.5042081774454701,2.244397160630108,-0.5042081774454701,78.0,27623.78538017873,-251210.57237060886,90006.0259323388,11.0,15.0,103.60759003640376,264.48185468947935,183.1736411752675,0.17212526263843864,0.030783127772624846,0.44994081247953227,15.922,-4.243,0.4321931048349853,0.2830459460291427,0.856209152350968,0.24465569376242013,0.4428220473256537,True
720575940624609353,256510.03033838977,243197.71761960327,254026.83780630105,left,0.5165440552932837,1.6628560685060134,116421.83466988608,-1.0,10.0,0.5003384332829837,1.6590220797332662,True,-1.0,10.0,-0.5003384332829837,1.6590220797332662,-0.5003384332829837,0.0,4172.566884008756,-267564.6602198298,25215.51397793189,-1.0,10.0,213.67127061468975,272.7971341508493,68.61573961564201,0.45627589932500695,0.04293980145311612,0.16032990284003826,5.511,-11.667,0.8117143870891254,0.3976103176047774,0.42781513428904516,0.3503658833937764,1.6069625225318238,True
720575940624624432,775211.6019900499,295170.20042643923,173964.1506751955,right,-0.0722719972354964,1.4645230616689746,131047.48250866172,-2.0,0.0,-0.0722719972354959,1.4645230616689748,False,-2.0,0.0,0.0722719972354959,1.4645230616689748,0.0722719972354959,0.0,84452.10827848574,253019.4047821424,-1428.8057389834976,-2.0,0.0,148.90201591784208,-388.18866400630446,-23.187241399732883,0.3350704704692756,-0.3524369335655397,-0.002550427077150793,-1.225,-2.121,0.5883910507811988,-0.7929543805414547,0.15817497191627553,0.2040354921796653,37.24334015603899,False
720575940624654570,795061.009708738,272196.49190938513,200018.12297734624,right,-0.3447892539448946,1.5993820474512035,133103.30739221224,-2.0,6.0,-0.3447892539448944,1.5993820474512035,False,-2.0,6.0,0.3447892539448944,1.5993820474512035,0.3447892539448944,0.0,62711.5584157101,271291.40346062067,26750.66016242002,-2.0,6.0,202.20791321010086,-322.5473415478943,26.673879500216614,0.4359116561275438,-0.1861296706745005,0.08793266512346243,2.449,-8.485,0.7553803962564337,-0.5820978615591221,0.3009361003930407,0.27403036136951675,14.406957112017613,False
720575940624689610,746673.570300158,252035.0552922591,141372.89099526065,right,0.2171453321254681,1.8359634612475,131877.64261439248,9.0,-2.0,0.217145332125468,1.8359634612475009,False,9.0,-2.0,-0.217145332125468,1.8359634612475009,-0.217145332125468,0.0,122912.9970249718,221164.08969169343,33830.93253746497,9.0,-2.0,-26.444566177315078,-424.78778226317365,52.90235414355931,-0.20032345271801347,-0.4191123570609905,0.14197474227098764,4.287,11.667,-0.1026906805614945,-0.9342285177937889,0.34157239447390564,0.3230428212336554,73.84612733676502,False
720575940624733769,700070.7703349282,315227.6602870813,127272.77511961728,right,0.6303036737803323,1.3835414933212768,133686.02594373256,2.0,-12.0,0.6303036737803331,1.3835414933212775,False,2.0,-12.0,-0.6303036737803331,1.3835414933212775,-0.6303036737803331,0.0,126023.43917183016,179256.92124502046,-33978.01923713962,2.0,-12.0,-59.20954611577248,-412.5425406563964,-86.08234818752652,-0.33952228597051504,-0.3111800409329991,-0.14781101588272938,-6.124,14.849,-0.5080759937672468,-0.7949221791394598,-0.33159842229660463,0.24809421813422497,70.80751749205874,False
720575940624738997,258593.88121212125,225083.1709090909,252549.6727272728,left,0.5394079497207493,1.817982764240656,117078.45262144816,2.0,12.0,0.5224533422005723,1.8098822747332728,True,2.0,12.0,-0.5224533422005723,1.8098822747332728,-0.5224533422005723,21.0,8525.118907364067,-266832.19721475506,42968.8247252874,2.0,12.0,192.99938266370762,266.54360723663774,105.38877405746649,0.41284013857289814,0.03468771022902934,0.25099164204770624,8.573,-10.607,0.7433080963727307,0.35782424495156306,0.5652034001946478,0.31110320709342726,1.391212435841437,True
720575940624745655,254382.608,218590.944,259121.12,left,0.610592935649337,1.848371436419866,121824.98581649728,3.0,14.0,0.5922863581706143,1.840007734609301,True,3.0,14.0,-0.5922863581706143,1.840007734609301,-0.5922863581706143,0.0,2984.1134570236754,-271467.48443025746,50101.78502193746,3.0,14.0,191.01190566210838,243.9089999258127,121.85939775428128,0.39271514158313325,-0.011275641000800996,0.2842036874447118,10.41,-11.667,0.7656497579453189,0.26185292080037786,0.587548718002674,0.2895333407895456,2.6060598781936894,True
720575940624769771,780467.1051625238,258584.6271510516,178571.24282982788,right,-0.1677866700491957,1.7344844452268813,129980.06896869428,3.0,4.0,-0.1677866700491958,1.7344844452268813,False,3.0,4.0,0.1677866700491958,1.7344844452268813,0.1677866700491958,0.0,85767.61969199912,255592.59716970124,35706.0551637241,3.0,4.0,126.06175928395258,-380.56285259288865,56.21330998223062,0.27226293290603776,-0.36476705704383344,0.13641788788570353,4.287,-1.061,0.5443620104266202,-0.740907605597249,0.3933521597404033,0.11330971506914952,43.47654408715655,False
720575940624785934,754817.3179396093,215157.05861456488,166141.20781527538,right,-0.0130603690023984,2.112912585940537,128241.2041295576,12.0,6.0,-0.0130603690023994,2.112912585940537,False,12.0,6.0,0.0130603690023994,2.112912585940537,0.0130603690023994,0.0,104421.4543170571,226728.6589116158,74658.31550955588,12.0,6.0,20.025991576042536,-373.38409646765496,139.42789974083428,-0.08578142144922689,-0.3146022803387104,0.36212605285505023,11.023,6.364,0.16901376068668245,-0.7392638888224178,0.651861374359381,0.3711219555908401,43.66794622230162,False
720575940624812808,340200.3387250238,320524.4338725024,178478.51569933398,left,-0.6400571630675347,1.175921396450894,120520.12182291305,-7.0,-13.0,-0.619054733533536,1.1867060498359518,True,-7.0,-13.0,0.619054733533536,1.1867060498359518,0.619054733533536,0.0,68091.52985548529,-178898.2002530489,-56904.29354190207,-7.0,-13.0,27.90226440820793,399.98489143039035,-163.81271508998327,-0.05739488818373898,0.35479231369258984,-0.3277285398233768,-12.247,6.364,-0.021338455212760274,0.8532245567088956,-0.5211070198702391,0.21948516566875412,51.76661218957832,False
720575940624863239,321811.91193511005,234071.5318655852,167793.325608343,left,-0.4497632492878136,1.9250489785550864,115719.97119467756,11.0,-5.0,-0.4337339673334659,1.9145696210633696,True,11.0,-5.0,0.4337339673334659,1.9145696210633696,0.4337339673334659,0.0,91938.69331698558,-203682.35686389598,25214.34117906583,11.0,-5.0,-92.41906615515691,405.1636148496541,46.61325286991915,-0.37774114063046127,0.27325797684447667,0.0941809499421621,3.674,16.971,-0.5606522787795041,0.7518576690218796,0.3469568673946878,0.3303973463083158,58.812727093900435,False
720575940624864263,773928.7150837987,188396.16759776536,216768.82681564247,right,-0.5594015350552007,2.2442445869425827,133085.26432765948,10.0,17.0,-0.5594015350552024,2.2442445869425818,False,10.0,17.0,0.5594015350552024,2.2442445869425818,0.5594015350552024,0.0,59002.50243353312,244147.0205095049,110411.1627179895,10.0,17.0,124.63421486666485,-241.13935291970995,178.79771758452478,0.20742142701987829,0.0407090646795137,0.4369502317686964,16.534,-7.425,0.5261777304457097,-0.24508858842621783,0.8142902306955709,0.3559444283426564,2.591213982776727,True
720575940624872887,278341.3782178218,288389.00330033,216885.46534653465,left,0.0599724295239686,1.3565346625981178,114382.25948790052,-4.0,-1.0,0.0576488246385632,1.3633043262622342,True,-4.0,-1.0,-0.0576488246385632,1.3633043262622342,-0.0576488246385632,0.0,34114.258926254035,-242704.70139240645,-23608.856214125826,-4.0,-1.0,160.61703133537281,383.6802759489346,-43.33368987156836,0.3666030471411939,0.30911394109222967,-0.023081148262859633,-3.062,-3.182,0.6047553562575904,0.795097186854647,0.04573207335756402,0.23912141587256375,34.66943980432561,False
720575940624901047,285022.5923913043,173858.4239130435,238761.46739130435,left,0.4940367818272833,2.3220761986222263,119666.83309189296,12.0,15.0,0.4746742138696006,2.301790267921734,True,12.0,15.0,-0.4746742138696006,2.301790267921734,-0.4746742138696006,44.0,30695.78773233401,-244344.56733393684,93121.93063095803,12.0,15.0,90.97618773566326,265.5082795517177,188.88376392936397,0.14137495345065873,0.03878228787585067,0.45918807398349665,16.534,-3.182,0.38437043638077867,0.2613082522378087,0.8854249629126523,0.21375627532128008,3.5561934690313954,False
720575940624901524,254773.7807606264,219201.1543624161,244969.7539149888,left,0.4926591504465858,1.8680176208922523,123494.66971343556,3.0,11.0,0.4778282249444015,1.85893110599166,True,3.0,11.0,-0.4778282249444015,1.85893110599166,-0.4778282249444015,0.0,16866.98350132353,-271125.4743334099,47284.78603120333,3.0,11.0,177.79508482904805,288.9286359363652,109.4100639434569,0.38864860401256474,0.09866925678254036,0.271081859871926,8.573,-8.485,0.6748212324154447,0.4675936249149275,0.5709400198096282,0.29448718051260936,4.545962234234784,False
720575940624940675,751746.1085271317,176850.5322997416,195032.8682170543,right,-0.3013727558697474,2.411402416118628,132077.9554506726,15.0,14.0,-0.3013727558697502,2.411402416118628,False,15.0,14.0,0.3013727558697502,2.411402416118628,0.3013727558697502,67.0,81880.26837546412,221030.82588090337,116741.32825146767,15.0,14.0,44.53888292550194,-283.1664882788979,200.41562198317882,-0.0028251711178953493,-0.06243464676118709,0.48178855848252033,17.759,1.061,0.16265676455966596,-0.36236541666933964,0.9177331211986617,0.29866505521636894,9.537673355691561,False
720575940624950676,698890.0328849028,312070.4275037369,124779.19282511208,right,0.6420444411720768,1.4117462611069915,134612.74818948458,3.0,-12.0,0.6420444411720777,1.4117462611069924,False,3.0,-12.0,-0.6420444411720777,1.4117462611069924,-0.6420444411720777,0.0,128961.77552700936,177830.17491208337,-31349.181699582445,3.0,-12.0,-71.62380725253374,-408.8706455451553,-76.99373845809878,-0.3777775026175364,-0.2691986242721038,-0.13306244427380304,-5.511,15.91,-0.5133321007434026,-0.7793416214318786,-0.35932825028140464,0.360674104286749,63.91284878777503,False
720575940624951560,776403.466310874,314166.21480987326,185944.3095396931,right,-0.1298477272483318,1.302369949695087,131212.60681475324,-6.0,0.0,-0.1298477272483311,1.302369949695087,False,-6.0,0.0,0.1298477272483311,1.302369949695087,0.1298477272483311,0.0,69650.2473995428,255687.76559313713,-18149.394081988998,-6.0,0.0,192.77867931926932,-353.28333717530086,-63.0127664793058,0.41092200365492976,-0.24920460709668504,-0.07007322461431913,-3.674,-6.364,0.7142044304290879,-0.69979421037001,-0.014145482956630045,0.2637847754508102,24.088194213360186,False
720575940624959927,792203.4461538462,275787.8153846154,203346.4615384616,right,-0.3554087224686285,1.568128923592128,129446.68030160906,-3.0,6.0,-0.3554087224686283,1.5681289235921276,False,-3.0,6.0,0.3554087224686283,1.5681289235921276,0.3554087224686283,0.0,58807.211583641794,268728.43924703205,23536.877094729407,-3.0,6.0,211.19423790332672,-313.2283316830884,15.795580196856413,0.45256546152519717,-0.15278616566023637,0.06631097685505503,1.837,-9.546,0.82585786767671,-0.5291965442718959,0.194704391134769,0.24772236334400316,9.401982342130534,False
720575940624984368,327140.7037516171,348654.25614489004,227563.46701164293,left,-0.3321623632557886,0.7486984355722077,116565.4843214037,-17.0,-9.0,-0.3177694157693151,0.7728340788818829,True,-17.0,-9.0,0.3177694157693151,0.7728340788818829,0.3177694157693151,0.0,14956.04583776269,-189524.5127191747,-77757.95589701584,-17.0,-9.0,175.0738006370188,287.4677111319495,-233.4184703104048,0.295339660814526,-0.010958414285871503,-0.3974522060733595,-15.922,-8.485,0.6447936272990147,0.4765327901706139,-0.5976267046298961,0.5481011092342881,1.583022695356422,True
720575940625004981,273698.2120253165,260144.74683544305,204704.17721518985,left,0.0458407583824579,1.6215236955788892,118614.20809388364,2.0,0.0,0.044551239558873,1.6194845046957116,True,2.0,0.0,-0.044551239558873,1.6194845046957116,-0.044551239558873,0.0,50510.209278528004,-249498.27277946405,1939.1573278131036,2.0,0.0,98.68891961739133,410.96436216359047,22.513353726795458,0.1922986723876628,0.436755188126485,0.06998612075096702,1.225,2.121,0.4051512482772143,0.8850446731916899,0.22923436146099477,0.08685706172179385,56.57374529188575,False
720575940625015015,351924.60387811635,324558.13296398893,172531.02493074795,left,-0.7544487922657245,1.1695551697455526,125105.14746876644,-8.0,-15.0,-0.7309289000846647,1.1793969653607506,True,-8.0,-15.0,0.7309289000846647,1.1793969653607506,0.7309289000846647,0.0,73540.678033389,-166947.7560820757,-60978.04321938549,-8.0,-15.0,10.827595674605929,386.2214454168915,-181.6980429355534,-0.10796670422095626,0.2629047501769693,-0.3946839296478699,-14.085,7.425,-0.1807702032017196,0.8273956220899881,-0.5317317163577238,0.4055739735064163,48.00683052940731,False
720575940625018860,311041.4807843137,290733.51843137253,178302.65098039218,left,-0.3806337917812137,1.4228486279324206,117977.47672036056,0.0,-8.0,-0.36819149977791,1.4275757909418856,True,0.0,-8.0,0.36819149977791,1.4275757909418856,0.36819149977791,0.0,72432.57953278066,-210175.26009774345,-29689.051805017134,0.0,-8.0,19.432529123122066,436.23548903440746,-63.128274867734675,-0.07604640665699634,0.46863491711853755,-0.07644260908603753,-4.899,8.485,0.034544691125467174,0.984473747568781,-0.17209911290569177,0.1936901713438555,77.40384972028872,False
720575940625037495,275603.0751445086,311097.6531791908,255539.92292870907,left,0.3456114214723535,1.0648914718510265,114727.741018465,-11.0,2.0,0.331625654451164,1.0795371061806205,True,-11.0,2.0,-0.331625654451164,1.0795371061806205,-0.331625654451164,0.0,-7680.586078909927,-243506.44073484858,-40037.377725059916,-11.0,2.0,244.50951253223192,266.8868287634971,-87.30631348728883,0.47491783771269314,0.003989884824368086,-0.09556991032721551,-5.511,-13.789,0.9509280570501379,0.2889776078408757,-0.11057925882105815,0.29637199785648133,0.5742192248208525,True
720575940625061885,767914.6954703834,314668.1087108014,175640.61324041808,right,-0.0246638333230635,1.311572382041965,130178.34889417842,-5.0,-2.0,-0.0246638333230629,1.3115723820419651,False,-5.0,-2.0,0.0246638333230629,1.3115723820419651,0.0246638333230629,0.0,79589.92194981106,247191.5298573739,-20886.935580292702,-5.0,-2.0,161.22926000609402,-379.0153731546484,-72.2825339131055,0.3378743406495339,-0.3290303110293335,-0.07891520417651066,-4.287,-3.182,0.5834437374074107,-0.8101255867883178,-0.05735798907699171,0.20444175518476965,36.82759825017558,False
720575940625087434,267710.54763491004,258757.8334443704,222158.614257162,left,0.1998633714166867,1.5985812938587616,115052.45974695278,0.0,3.0,0.1933297808939036,1.5970021422762155,True,0.0,3.0,-0.1933297808939036,1.5970021422762155,-0.1933297808939036,0.0,33386.89970391304,-255456.9657872711,5643.111013978624,0.0,3.0,154.53344741934515,371.40432497154893,28.129174344552858,0.3554387382856899,0.30870250089398416,0.09108459388749356,1.837,-3.182,0.5683994311815633,0.7816094318934284,0.2569217441317634,0.23151088108822077,32.57693222641995,False
720575940625113579,251633.3846153846,228024.8230769231,260118.69230769228,left,0.6007163202896594,1.768124058129685,122334.3861367588,1.0,13.0,0.5829736464196352,1.7617709842506557,True,1.0,13.0,-0.5829736464196352,1.7617709842506557,-0.5829736464196352,0.0,461.7212680639677,-273506.8489953476,40772.79879720074,1.0,13.0,205.49389246776605,244.45660294159384,100.53868271825768,0.43061515289221747,-0.01286585248965142,0.22259710877935082,8.573,-12.728,0.7942166199904719,0.260155089495365,0.5491259326789887,0.31612168159544196,2.3276105655630546,True
720575940625153836,745871.4988179669,236191.4011032309,143173.1442080378,right,0.1996133087178221,1.9554173808856872,132700.12563238043,11.0,0.0,0.1996133087178219,1.955417380885688,False,11.0,0.0,-0.1996133087178219,1.955417380885688,-0.1996133087178219,0.0,123619.16276963959,219207.59057353076,49660.621400353455,11.0,0.0,-31.141717419590258,-410.43562239170757,84.27585666610635,-0.23015096750371633,-0.3695824612453383,0.21797343012943352,6.736,11.667,-0.12951966642609822,-0.8771320630132405,0.4624543221151781,0.36524049556431176,62.79541922102163,False
720575940625171955,298163.1803278689,182004.4517304189,215772.8961748634,left,0.1730769007341959,2.3371237254783983,114285.51499563453,14.0,10.0,0.1662888838530278,2.3135589659646305,True,14.0,10.0,-0.1662888838530278,2.3135589659646305,-0.1662888838530278,0.0,52347.317195806165,-230790.50469218456,82397.85095532755,14.0,10.0,28.930531010115246,322.9530682702162,181.16569227091242,-0.03291453210029511,0.17003691632108406,0.4540044766810748,14.697,4.243,0.18432503826558702,0.5059413593477262,0.8426432348092311,0.311549039165277,24.365912204165287,False
720575940625198887,297962.1515761234,314293.96378269617,211004.7216633132,left,-0.1408035430965236,1.1381071323046166,114649.38293873562,-8.0,-5.0,-0.1361605232390876,1.1522208655705406,True,-8.0,-5.0,0.1361605232390876,1.1522208655705406,0.1361605232390876,0.0,36192.42559326472,-221265.97658763913,-48642.57693414899,-8.0,-5.0,155.90201748326052,377.29969808145967,-118.43756763398514,0.3438976826349005,0.2913649825860829,-0.1823128095087131,-7.961,-3.182,0.5815295567350994,0.7716308993295826,-0.2576996892572794,0.24408761670350365,29.237995228434723,False
720575940625216404,323606.0989505248,317861.6911544228,189595.9820089955,left,-0.4596620877295006,1.1602607102431834,116337.15564919858,-7.0,-10.0,-0.443727582738308,1.172782067597108,True,-7.0,-10.0,0.443727582738308,1.172782067597108,0.443727582738308,0.0,57233.27085285564,-195570.13330053858,-53710.250725259866,-7.0,-10.0,73.81446941803702,402.96278592900023,-147.6339636907304,0.10648378208369942,0.37902607283694606,-0.27956616828561964,-10.41,3.182,0.21257034053103865,0.8868389333509692,-0.41028107026699845,0.19755574800876688,42.73443415568643,False
720575940625223954,734317.1088488644,291427.101018011,135939.10728269376,right,0.350608396834491,1.5470179984757615,131369.97883324133,5.0,-7.0,0.3506083968344915,1.5470179984757624,False,5.0,-7.0,-0.3506083968344915,1.5470179984757624,-0.3506083968344915,0.0,121842.1333129646,211710.97031639275,-6708.347136434144,5.0,-7.0,-33.72890870285502,-437.7441915858989,-23.583993388340723,-0.22791929595896293,-0.4345167444596017,-0.0009237433760667736,-1.225,12.728,-0.15842462913365313,-0.9873697777670808,0.0015996362242740871,0.32400591813923457,89.29644112488518,False
720575940625225085,710475.3965244866,340171.91469194315,148662.1800947867,right,0.5140468144403055,1.1474391257210383,129950.3123698064,-6.0,-12.0,0.5140468144403062,1.1474391257210392,False,-6.0,-12.0,-0.5140468144403062,1.1474391257210392,-0.5140468144403062,0.0,101161.13730346893,191613.33588971553,-54402.60447370102,-6.0,-12.0,34.76893137640641,-401.8517633378517,-162.13090801882245,-0.05042395379087889,-0.35829080824386145,-0.3233741250484894,-11.023,6.364,0.037603047090098055,-0.884832695996283,-0.46438896514181893,0.2878522931136807,54.725385086883804,False
720575940625249072,277241.3932584269,273018.7205992509,205484.9138576779,left,0.0123880136268278,1.5137712403238066,117099.3438198506,0.0,-1.0,0.0120185924829174,1.5153102904539646,True,0.0,-1.0,-0.0120185924829174,1.5153102904539646,-0.0120185924829174,0.0,47773.83627757868,-245010.22395015162,-10360.13386851955,0.0,-1.0,113.60747687616748,408.79677628727194,-3.7470115964347084,0.24575947200414439,0.41512368037891006,0.029603868332744768,-0.612,1.061,0.48081980976098904,0.8632583077054662,0.15361446780463386,0.09655231488508795,52.24038399874555,False
720575940625269822,735989.9982653946,210842.6921075456,150160.41630529054,right,0.2071789388219371,2.1685350624282465,130404.60835997002,15.0,4.0,0.2071789388219362,2.168535062428248,False,15.0,4.0,-0.2071789388219362,2.168535062428248,-0.2071789388219362,0.0,120537.78314035178,207529.70750266724,75021.12649869327,15.0,4.0,-46.53055778283482,-369.72153913247405,134.04629562763222,-0.2501626933424927,-0.22814889038974465,0.3469885650317609,11.635,11.667,-0.35338880999110595,-0.6756993089816207,0.6469519246550167,0.27146358672084725,40.2490339337259,False
720575940625273118,735266.1335559264,336874.86477462435,162595.22537562603,right,0.2704761516140794,1.1460763892263095,128011.44477702904,-7.0,-8.0,0.2704761516140802,1.14607638922631,False,-7.0,-8.0,-0.2704761516140802,1.14607638922631,-0.2704761516140802,0.0,88375.11536927536,216184.5215756627,-47166.90073444815,-7.0,-8.0,104.76794854817648,-394.2760871487738,-142.8228839323566,0.18759337577053617,-0.3678246931833907,-0.2502086779880454,-9.186,1.061,0.36045186205622787,-0.8574296468519548,-0.3672721822293792,0.18112562264260723,42.18412555658296,False
720575940625276958,783941.253104107,215308.29417383,210249.97134670487,right,-0.475850575678313,2.0324665945704403,129716.89796342317,6.0,13.0,-0.4758505756783138,2.032466594570439,False,6.0,13.0,0.4758505756783138,2.032466594570439,0.4758505756783138,0.0,61377.27022943643,256073.9650287354,83594.79787429978,6.0,13.0,154.3588819151824,-281.81451607163007,137.31476461177087,0.3271469600988188,-0.08331097777078782,0.34036556140398055,11.635,-7.425,0.6034727156787434,-0.4401122881147412,0.6649224430576319,0.28235304744344913,5.526707468008843,False
720575940625303788,773143.6708648195,245886.5994962217,171025.05457598658,right,-0.1026431860725604,1.844474414273208,129738.581899681,6.0,4.0,-0.1026431860725609,1.844474414273208,False,6.0,4.0,0.1026431860725609,1.844474414273208,0.1026431860725609,0.0,95087.23944996351,247303.14270811828,46487.853979057734,6.0,4.0,85.85734290744493,-390.3585582691116,83.76277528993732,0.1560811738659053,-0.39964274153471935,0.21268887531353267,6.124,2.121,0.3713624764557979,-0.8125148580104893,0.4493434283405193,0.05076232626205888,48.82331209694882,False
720575940625306160,283238.6057479735,230341.0965364776,195034.95946941784,left,-0.0190245264743747,1.89170031624126,118140.40829505706,8.0,1.0,-0.0178182547280959,1.8810775313014405,True,8.0,1.0,0.0178182547280959,1.8810775313014405,0.0178182547280959,0.0,64929.578042294095,-242245.69773226418,30439.199695864925,8.0,1.0,24.170790028830034,412.24046982709143,82.34180548072548,-0.04355350365051751,0.43326959836518797,0.21221261709262343,5.511,7.425,0.16371286200331306,0.8933395480787064,0.4185003592032114,0.2550713600398773,64.32031719586888,False
720575940625309513,304511.50540958263,318679.4837712519,210114.8686244204,left,-0.2001129175038834,1.0943472299018069,113644.85459224664,-9.0,-6.0,-0.1931303002520607,1.1098982866298726,True,-9.0,-6.0,0.1931303002520607,1.1098982866298726,0.1931303002520607,0.0,36498.52883629143,-214417.02134470444,-52632.15993511311,-9.0,-6.0,152.11291525968596,371.99573517643773,-137.13519190705662,0.3304545784657945,0.2747402531086789,-0.228049342226179,-9.186,-3.182,0.5580424094628331,0.7531658777174755,-0.3483243170997122,0.2550575214795896,24.963474885749662,False
720575940625320462,264204.97935103247,221119.62241887907,234047.2763028515,left,0.3810897417404463,1.891449126416518,117106.82004519808,4.0,9.0,0.3687983686800874,1.8809217884644305,True,4.0,9.0,-0.3687983686800874,1.8809217884644305,-0.3687983686800874,0.0,27519.90293179961,-261650.52797635447,44340.428229968304,4.0,9.0,153.76117618291767,320.2753197116197,105.1331661268212,0.3352180161623257,0.19062216555157285,0.283365098907184,7.961,-5.303,0.6081409695599035,0.5580694639019319,0.564555608069702,0.1868314014332869,14.872211376678564,False
720575940625341932,251213.9582822085,254019.70061349697,260170.06134969325,left,0.5499727899742002,1.5602627974538736,120818.84382018656,-3.0,10.0,0.5333504798522776,1.5593448841916295,True,-3.0,10.0,-0.5333504798522776,1.5593448841916295,-0.5333504798522776,0.0,-3695.4046544856774,-272007.6599476459,15152.827063566294,-3.0,10.0,229.13242584137032,254.0676173680937,49.78756729349071,0.47124769766701907,-0.003558205396789921,0.11896175459649055,4.287,-13.789,0.8905504647400299,0.3244872802561608,0.31879127137247154,0.35082357338647435,0.8646758540149163,True
720575940625378056,268694.947368421,213326.2679425837,228621.7862838916,left,0.339653524241939,1.9723769092189285,117105.09726647446,6.0,9.0,0.328477256944743,1.959437195557634,True,6.0,9.0,-0.328477256944743,1.959437195557634,-0.328477256944743,0.0,34187.04549583361,-257783.3362915422,51476.685459074004,6.0,9.0,127.46375289494827,329.1627411448186,121.04835148253811,0.27757974386194056,0.21002214709756586,0.3306621038765116,9.186,-3.182,0.5391147302746914,0.5688808523661713,0.6210715606208237,0.1530431370789385,16.93622307700598,False
720575940625383944,774280.2550335571,202593.92617449665,201892.9865771812,right,-0.4021089867811135,2.155766899495899,130090.6591781174,9.0,13.0,-0.4021089867811149,2.1557668994958985,False,9.0,13.0,0.4021089867811149,2.1557668994958985,0.4021089867811149,0.0,71457.50330452132,245446.82451182848,94096.32240008037,9.0,13.0,118.48639967858968,-293.51302420715564,159.89868838012802,0.21108018884887486,-0.11155384274399331,0.4184183128405632,13.472,-4.243,0.5322558631120041,-0.45688467121186216,0.7127131915395731,0.29069470289333793,7.406434797084502,False
720575940625410441,693040.9529590289,328862.00303490134,129777.72382397571,right,0.6831984614648874,1.2812544849116998,135719.12230205344,-2.0,-14.0,0.6831984614648884,1.281254484911701,False,-2.0,-14.0,-0.6831984614648884,1.281254484911701,-0.6831984614648884,0.0,121272.670370168,173268.4135075237,-47511.54698810277,-2.0,-14.0,-40.24846612429511,-401.10682113983006,-131.46735939939435,-0.27747162115740515,-0.28152333159363063,-0.27144004976236785,-9.798,12.728,-0.3763392812044448,-0.7824066680247506,-0.49619406612023254,0.29078027032366494,69.21571703149712,False
720575940625428368,718923.6101426308,314148.4310618067,136162.7892234548,right,0.4710999067516125,1.3748414148488846,130901.64889980014,1.0,-10.0,0.4710999067516132,1.3748414148488852,False,1.0,-10.0,-0.4710999067516132,1.3748414148488852,-0.4710999067516132,0.0,117758.90985607843,198036.89892729325,-30152.231900599803,1.0,-10.0,-22.340703120191446,-429.382578859508,-82.70049017464876,-0.22428317675140033,-0.4098402352474632,-0.13222606617300603,-5.511,11.667,-0.1825426723238872,-0.9386737373754652,-0.29252314018284126,0.2967342442536707,86.16248121419048,False
720575940625442574,350428.38843930635,335412.4208092486,184027.5606936416,left,-0.727067219865088,1.044669237789402,123748.96592070904,-11.0,-15.0,-0.7027371940910485,1.0576395487715349,True,-11.0,-15.0,0.7027371940910485,1.0576395487715349,0.7027371940910485,0.0,60451.21816390499,-167563.7313812709,-69950.84515470792,-11.0,-15.0,42.35491083770295,366.92692633476196,-212.27425255323186,-0.0210803773939806,0.20424549175524817,-0.4423163051034617,-15.922,4.243,-0.013561823886535198,0.7582262671818538,-0.6518504465660377,0.42893896506172824,34.53737707965531,False
720575940625448394,789131.0883977901,302049.60497237573,198365.8839779005,right,-0.2767712816971155,1.37987426342849,132876.81910470923,-6.0,3.0,-0.2767712816971144,1.3798742634284895,False,-6.0,3.0,0.2767712816971144,1.3798742634284895,0.2767712816971144,0.0,59527.9462486841,267568.56214529555,-3334.340853499776,-6.0,3.0,219.3381816659589,-320.6923480949971,-36.23074948266712,0.4610095480605137,-0.1505276145127544,-0.018454103537610483,-1.837,-9.546,0.8171879842528406,-0.5657299625511593,0.1102424957293845,0.32533800718706163,9.886182442280209,False
720575940625474106,759959.4301994302,255158.34188034188,152850.3133903134,right,0.0832969210184457,1.796748248222888,131006.17928271327,7.0,0.0,0.0832969210184457,1.7967482482228885,False,7.0,0.0,-0.0832969210184457,1.7967482482228885,-0.0832969210184457,0.0,111330.04848778837,234719.32547191737,33529.099245162586,7.0,0.0,26.926268927717356,-420.76231890979625,56.913579594125956,-0.0413005297168675,-0.4562369023473374,0.15899818089155104,4.287,7.425,0.16829410247737497,-0.9223434773357065,0.3477924738800596,0.25561488795233334,69.41964024318344,False
720575940625478458,759497.2666666667,202940.67719298243,184139.57894736849,right,-0.1925410014731482,2.2031060261549618,126574.94475681476,12.0,10.0,-0.19254100147315,2.2031060261549618,False,12.0,10.0,0.19254100147315,2.2031060261549618,0.19254100147315,0.0,88662.52787257159,230613.20024744814,89878.36263371217,12.0,10.0,58.25006665910856,-334.31590836841525,166.05554768229246,0.03530525561696251,-0.23035683282806102,0.42425871407312565,13.472,2.121,0.27538563972101476,-0.6072237994362524,0.7452798178091565,0.2755436151450659,27.02995455930989,False
720575940625483322,708338.8220183486,307993.79082568805,128093.83486238532,right,0.5652349847538525,1.435087744041407,132557.07491530053,3.0,-11.0,0.5652349847538531,1.4350877440414078,False,3.0,-11.0,-0.5652349847538531,1.4350877440414078,-0.5652349847538531,0.0,126503.65924228869,186974.1797798744,-26130.918210930184,3.0,-11.0,-60.99051936929763,-418.3791802528061,-71.65143802073115,-0.3429447188095206,-0.33340389540552323,-0.11064744220580934,-4.899,14.849,-0.47312704126902305,-0.809240254899844,-0.348254235680854,0.28883508275343883,72.00157226966392,False
720575940625496720,715720.3216266173,354338.11090573017,165398.41035120148,right,0.4254734596707922,0.9913187212999856,128616.39085448568,-11.0,-11.0,0.425473459670793,0.991318721299986,False,-11.0,-11.0,-0.425473459670793,0.991318721299986,-0.425473459670793,0.0,82498.70297618413,197998.71911872007,-65321.953524296405,-11.0,-11.0,104.82299229474891,-360.74757939736696,-203.49214946300984,0.1646388267161418,-0.22953423869332748,-0.3979407936222823,-13.472,0.0,0.2937027759235182,-0.7679743092674145,-0.5691696932550585,0.3912541257937405,25.217609267016705,False
720575940625547909,710437.2004110997,342253.01541623846,152301.9116135663,right,0.5052134742269114,1.11843896220755,128374.33113858188,-7.0,-12.0,0.5052134742269121,1.1184389622075508,False,-7.0,-12.0,-0.5052134742269121,1.1184389622075508,-0.5052134742269121,0.0,97238.70947698744,191752.66938546373,-55877.47084715472,-7.0,-12.0,48.48555789733672,-395.49012989282875,-171.81052751709242,-0.004863442004559927,-0.3419292821043558,-0.343546548581972,-11.635,5.303,0.08443109299806538,-0.8645191378299324,-0.49545741578963426,0.2833123996196659,48.85936528544684,False
720575940625568010,748551.0418695229,201792.50243427456,171537.05939629988,right,-0.0317257137195525,2.23479467373676,127035.22550811614,14.0,8.0,-0.0317257137195541,2.234794673736761,False,14.0,8.0,0.0317257137195541,2.234794673736761,0.0317257137195541,0.0,101087.40159241625,219529.44095818733,88224.7500173942,14.0,8.0,10.262719234575723,-350.27509689141004,163.48701520482544,-0.1093497339262907,-0.23946999398654456,0.4091772401509827,13.472,6.364,0.04401000395309358,-0.645592826479637,0.7624126323389994,0.32064856976598594,34.114376821879326,False
720575940625572851,300896.41009946447,331270.1851568477,237696.5570007651,left,0.0124834571524124,0.8899208199855135,112679.93680918089,-14.0,-4.0,0.0105692279337907,0.9116432710871528,True,-14.0,-4.0,-0.0105692279337907,0.9116432710871528,-0.0105692279337907,0.0,7215.519657138735,-216912.1864786097,-60916.1042577455,-14.0,-4.0,214.3626268217593,293.77773366230866,-168.4370173316267,0.4136975294656366,0.03813505477680134,-0.256392540955945,-11.023,-10.607,0.8176390232582535,0.46409102387424767,-0.34071388173163974,0.43218223289820873,1.8278042078906718,True
720575940625577912,688978.4191176471,348643.1323529412,140102.35294117648,right,0.706952984104711,1.1164338497027768,136960.72120252156,-8.0,-16.0,0.7069529841047117,1.1164338497027773,False,-8.0,-16.0,-0.7069529841047117,1.1164338497027773,-0.7069529841047117,0.0,107886.06799398307,170743.81096343204,-65644.95492851552,-8.0,-16.0,2.8272569258425806,-374.66439586227926,-195.3821152218201,-0.12918924498330547,-0.19866011295671412,-0.4253460536667222,-14.697,8.485,-0.20145363499625824,-0.777642415951556,-0.5955574748584906,0.4712567815945599,44.07774937583149,False
720575940625581605,710045.7553956835,375601.8992805755,177826.76258992808,right,0.4434722186057084,0.8070632592022852,135390.4330339045,-16.0,-13.0,0.4434722186057094,0.8070632592022857,False,-16.0,-13.0,-0.4434722186057094,0.8070632592022857,-0.4434722186057094,0.0,66771.9682427992,193989.69439363075,-84697.47603876528,-16.0,-13.0,113.41250077618469,-302.05085602795367,-260.04421702835725,0.18324311420225908,-0.0029979683998965358,-0.4581980186227957,-17.759,-3.182,0.2888715628678669,-0.5990458659574054,-0.7467913166645809,0.6363206697316017,5.597411338547416,False
720575940625614101,717329.1437598737,344423.65560821485,157152.38546603476,right,0.4352936167219641,1.0921141945306057,128414.28624070845,-8.0,-11.0,0.4352936167219649,1.092114194530606,False,-8.0,-11.0,-0.4352936167219649,1.092114194530606,-0.4352936167219649,0.0,92232.71369733634,198817.6876622479,-56751.07348109899,-8.0,-11.0,75.79514123344968,-389.4353998406889,-174.5526535751528,0.08382792296354345,-0.3366314192737072,-0.3379696252847842,-11.635,3.182,0.2045480963067768,-0.8539168164722097,-0.47852496992658605,0.2734613913600736,42.550535510773855,False
720575940625630014,287693.96090225567,272199.0195488722,190514.8571428572,left,-0.1381800394771991,1.5513092694036514,118334.07161794424,2.0,-4.0,-0.1335350031589662,1.5518125014345652,True,2.0,-4.0,0.1335350031589662,1.5518125014345652,0.1335350031589662,0.0,62873.33308487607,-234745.2787454,-11176.696368037154,2.0,-4.0,48.58133659130849,434.0551733171765,-10.920524100515019,0.05822393058921885,0.4770268041377798,0.02650850647945343,-1.225,6.364,0.21749911351394172,0.9666108808852679,0.13549000175236584,0.1280897627475527,73.86831162033411,False
720575940625653652,765156.8814078042,220654.34736036728,174931.8133129304,right,-0.1234302880178878,2.0511263297524494,127954.29954833498,10.0,7.0,-0.1234302880178887,2.0511263297524494,False,10.0,7.0,0.1234302880178887,2.0511263297524494,0.1234302880178887,0.0,95063.39417429805,237503.09400188035,71381.15818450425,10.0,7.0,59.26892232928912,-366.3904771872461,134.83130505056036,0.04029230095506868,-0.32400644637960047,0.35476884759927513,10.41,3.182,0.30765872379507875,-0.7167682380494395,0.6257710464669052,0.25431600944071053,40.26761352448952,False
720575940625666488,802999.9701937408,248734.55737704915,230389.80625931447,right,-0.6100397928374769,1.7292486768281885,134246.4599584532,-1.0,13.0,-0.6100397928374768,1.7292486768281874,False,-1.0,13.0,0.6100397928374768,1.7292486768281874,0.6100397928374768,0.0,36568.55839266352,277678.0449331562,55240.71055652289,-1.0,13.0,221.46677971794787,-229.03003080727194,75.9397651356354,0.4545617857687553,0.06418972793563107,0.15952885309069662,7.348,-14.849,0.8521427185582796,-0.2031159000063224,0.48228281990210525,0.3804413825551199,1.1603943279789766,True
720575940625668868,772368.048298573,189462.7881448957,213183.31503841933,right,-0.521368105364143,2.246133742575255,132165.8720956222,10.0,16.0,-0.5213681053641448,2.246133742575254,False,10.0,16.0,0.5213681053641448,2.246133742575254,0.5213681053641448,232.0,62346.018733862,242645.71450354223,108680.1994206984,10.0,16.0,119.98076256300716,-256.0354342027354,176.89359614408852,0.20594254124396863,0.0017087281795296614,0.4388811116479815,15.922,-6.364,0.5057728272203377,-0.2796416849009578,0.8160847843890364,0.30895451560433324,1.4855369947776373,True
720575940625674698,265926.56561922363,216853.82994454715,231452.90203327173,left,0.3638013559884928,1.933271913930205,117521.85809344226,5.0,9.0,0.3519983759585222,1.9215488236375309,True,5.0,9.0,-0.3519983759585222,1.9215488236375309,-0.3519983759585222,0.0,30785.292895993014,-260265.33680106857,48253.24005181763,5.0,9.0,141.7907107753321,325.51953057228076,113.4994561922637,0.3100449321994787,0.20003903900100778,0.3084551939227536,8.573,-4.243,0.5570068720205018,0.5719716568685064,0.6021559335097777,0.18347776083352565,16.45772520451518,False
720575940625695162,287328.60986547085,209551.56233183856,198683.94618834084,left,0.0211872511050805,2.07017156766606,118156.95567706344,11.0,4.0,0.0211805383649772,2.0541843821347125,True,11.0,4.0,-0.0211805383649772,2.0541843821347125,-0.0211805383649772,0.0,64679.20156688894,-239676.1476032465,51783.58289044114,11.0,4.0,17.64016668708271,386.29723493455816,126.78206218247253,-0.08480203607714604,0.35262100180177486,0.32462178154680066,9.186,7.425,0.10182595127517541,0.7849733521935158,0.611104174419534,0.28907418486731323,51.55413647449225,False
720575940625724618,763075.3505687694,210117.13340227507,181232.5956566701,right,-0.1754932582367079,2.137553924210854,127211.02095018992,11.0,9.0,-0.1754932582367093,2.1375539242108546,False,11.0,9.0,0.1754932582367093,2.1375539242108546,0.1754932582367093,0.0,90466.12748490009,234691.60420533226,82607.29602821996,11.0,9.0,64.4565899871638,-345.248900535634,153.2405923384028,0.04940160492738247,-0.26844788550434634,0.4014765531259089,12.247,2.121,0.32627884311726824,-0.640962727253388,0.6947725518512919,0.2758854314073734,31.823038160969656,False
720575940625756676,328013.3095238095,351911.4603174603,230741.34920634923,left,-0.324802442497769,0.7111311666137289,117887.52617848825,-18.0,-9.0,-0.3104318766517301,0.7359225103671319,True,-18.0,-9.0,0.3104318766517301,0.7359225103671319,0.3104318766517301,0.0,11320.721095169949,-188393.1778194819,-80398.83651899293,-18.0,-9.0,178.72944496587917,271.4387449209212,-240.26457665256876,0.28797200655203875,-0.030438315877432624,-0.39992420345191926,-16.534,-9.546,0.6484733749873153,0.43284988903174204,-0.626197457275075,0.538024152530303,1.1528325549567693,True
720575940625770254,354807.6847635727,319137.21891418565,166086.86514886166,left,-0.7852477409895092,1.2327137156072552,126807.0143990441,-6.0,-15.0,-0.7617398073108214,1.2408376700352757,True,-6.0,-15.0,0.7617398073108214,1.2408376700352757,0.7617398073108214,0.0,80810.29601682886,-164514.77399036245,-56454.89029933409,-6.0,-15.0,-14.20829027307395,390.98970104919863,-161.39015993523907,-0.17694071505097633,0.28045596205778844,-0.34729648406359964,-12.86,9.546,-0.35218995662953206,0.7560330461964557,-0.5517030609922301,0.24406174733311015,57.21339577917054,False
720575940625770983,331805.9175257732,350348.27216494846,222357.60824742267,left,-0.4171046052285151,0.7600931893096302,118376.40772135874,-17.0,-10.0,-0.3991465561083364,0.7830626519616285,True,-17.0,-10.0,0.3991465561083364,0.7830626519616285,0.3991465561083364,0.0,19913.58916839458,-184781.4165047363,-79916.81618274226,-17.0,-10.0,163.4660953578627,292.7193790494103,-242.1174036427562,0.28041349704053575,0.0007599718096436767,-0.4067221537575296,-16.534,-7.425,0.5535088942646383,0.524151916582934,-0.6472191841349995,0.558903141525952,1.586296765204277,True
720575940625774631,768491.3546468401,244823.06319702603,164381.26394052047,right,-0.0397856403916873,1.861111847961876,130479.54269737606,7.0,3.0,-0.0397856403916876,1.861111847961876,False,7.0,3.0,0.0397856403916876,1.861111847961876,0.0397856403916876,0.0,101729.95649157086,242541.45599725502,46147.619306492146,7.0,3.0,60.95455151340841,-400.28973571710156,81.6863930918426,0.06809406583115649,-0.42904619515966763,0.21223915348946318,6.124,4.243,0.28550261406905825,-0.8498657756800032,0.4429632272407733,0.14964528932300494,56.186431109183495,False
720575940625800209,791798.8535825546,249682.33021806853,196289.12772585667,right,-0.3394766601466381,1.773041976858741,132517.85980358717,2.0,8.0,-0.3394766601466382,1.7730419768587409,False,2.0,8.0,0.3394766601466382,1.7730419768587409,0.3394766601466382,0.0,69883.95647032138,266353.24847063335,48095.58640452838,2.0,8.0,172.66398459938205,-327.2586548104891,76.88672335458494,0.38139796697289635,-0.22029805541546882,0.19530257495210063,6.124,-6.364,0.6681917520155342,-0.5637964753190541,0.4854413630462719,0.18190700240199495,20.717653448846704,False
720575940625802883,292268.93817468104,327979.68989205104,247654.0529931305,left,0.1645293265873754,0.905491139507698,113574.78589720665,-14.0,-2.0,0.1560812627110293,0.9260280869937432,True,-14.0,-2.0,-0.1560812627110293,0.9260280869937432,-0.1560812627110293,0.0,-2253.70750787999,-225693.14751625914,-56716.00693850371,-14.0,-2.0,230.46217970226422,271.46382142914405,-149.7569720147877,0.4368350087714879,0.001539714096249441,-0.2195030623808723,-9.798,-12.728,0.898450986209951,0.33315970651181154,-0.28599027139979794,0.3702122529833491,2.3520636333160843,True
720575940625805329,306265.3902912621,343162.0660194175,245116.3495145631,left,0.0167410727021175,0.7635378026756706,116623.16800051575,-17.0,-5.0,0.0141343108251769,0.7878719684106497,True,-17.0,-5.0,-0.0141343108251769,0.7878719684106497,-0.0141343108251769,0.0,-1887.7153042512673,-210632.10616826382,-71064.39496261862,-17.0,-5.0,216.27255595095758,257.2587237247646,-198.09463562964186,0.36520421853933627,-0.05254409332420832,-0.3231568516643659,-13.472,-12.728,0.8525558152807496,0.28987266630399827,-0.4348820750051527,0.4728310571246383,1.907753999114382,True
720575940625807888,293807.36690647487,188456.60791366908,213837.80575539568,left,0.1609937159997931,2.267565940377576,114457.36979606784,13.0,9.0,0.1550864986528607,2.245713693843897,True,13.0,9.0,-0.1550864986528607,2.245713693843897,-0.1550864986528607,0.0,53161.36277606986,-234671.24375891458,75424.67384616315,13.0,9.0,34.30394147351531,335.85692891032807,170.55049564256788,-0.017215977662898826,0.20952837824073034,0.43821055077647236,13.472,4.243,0.20788523154638322,0.5756695725104198,0.7908149428220089,0.3051126234152768,28.936853753540515,False
720575940625807972,288556.7690217392,285932.9755434783,196529.9728260869,left,-0.1277696068738764,1.4244901553581089,117147.9120231652,-1.0,-4.0,-0.1235658893599095,1.4291594671560923,True,-1.0,-4.0,0.1235658893599095,1.4291594671560923,0.1235658893599095,0.0,54784.62354577867,-232832.38837905732,-23685.14272375723,-1.0,-4.0,85.8572741823278,424.3058315638823,-38.6706570346843,0.15542524202493252,0.45914197821825403,-0.023644434183704887,-3.062,3.182,0.3804826833604531,0.9246952969533149,-0.013097154471492541,0.07318114276802898,64.16593024232178,False
720575940625813054,716883.3700189753,365753.6432637571,175887.0588235294,right,0.3814106299210272,0.8781836895752362,130924.48981176908,-14.0,-11.0,0.381410629921028,0.8781836895752366,False,-14.0,-11.0,-0.381410629921028,0.8781836895752366,-0.381410629921028,0.0,70364.18687973634,200069.46978926,-74816.38969089952,-14.0,-11.0,128.98310360052557,-325.5043245353763,-232.28842413363702,0.2209585532095441,-0.08789216624290169,-0.43215831135002314,-15.309,-3.182,0.3794155154082492,-0.6428116845592151,-0.6654599949370638,0.5205950878475077,6.923257758474603,False
720575940625817768,721599.2195868401,317268.66717674065,138343.99387911247,right,0.447157968853951,1.3482593862931993,131214.27181704238,0.0,-10.0,0.4471579688539517,1.3482593862932,False,0.0,-10.0,-0.4471579688539517,1.3482593862932,-0.4471579688539517,0.0,115161.99183813817,200949.630484527,-32686.876795715347,0.0,-10.0,-8.745908379570183,-428.9606681037058,-90.38533325383804,-0.17921691005597162,-0.4267603443718409,-0.14761255190459627,-6.124,10.607,-0.14021531795293146,-0.9498229654320538,-0.2795997119977381,0.2413707116068331,81.84990974105654,False
720575940625840146,728389.6788990826,297519.6055045872,134882.9663608563,right,0.3984545716388399,1.5026358656150214,130846.08890067248,4.0,-8.0,0.3984545716388405,1.502635865615022,False,4.0,-8.0,-0.3984545716388405,1.502635865615022,-0.3984545716388405,0.0,121816.51829318047,206242.18635709365,-13300.783427561715,4.0,-8.0,-31.682035717224267,-436.02406347175753,-40.61698300261117,-0.2461482690137919,-0.4157243067473395,-0.024327666352901102,-2.449,12.728,-0.17081616262426744,-0.9769196014438081,-0.12825728400832112,0.3683472775143783,86.72736789855671,False
720575940625888295,349759.71555555554,338989.29777777777,187972.0888888889,left,-0.7151604999698739,1.002498053175138,123671.88262601086,-12.0,-15.0,-0.6906116867686508,1.016520294288244,True,-12.0,-15.0,0.6906116867686508,1.016520294288244,0.6906116867686508,0.0,55980.55043238935,-167940.82526011262,-72895.57013295019,-12.0,-15.0,51.25141239062026,357.99408894482286,-221.82914800456146,0.008532070793725265,0.17668817091046193,-0.4582299677028503,-16.534,3.182,0.021186333693019466,0.7163777989562607,-0.697390843377823,0.4307415053392064,29.51122209671339,False
720575940625924995,771013.4014814816,299076.4385185185,170578.45925925922,right,-0.0277400039328423,1.4394941285347451,130654.8746486397,-2.0,-1.0,-0.0277400039328418,1.4394941285347451,False,-2.0,-1.0,0.0277400039328418,1.4394941285347451,0.0277400039328418,0.0,87102.66263664188,249098.54164642323,-6113.662596083515,-2.0,-1.0,139.55473671574407,-396.5602987637389,-32.502647602728345,0.3062193617377045,-0.37984084055414263,-0.0169933547063145,-1.837,-1.061,0.5383148807618853,-0.837636458293195,0.09264044952584194,0.16663341014185473,42.13718109141301,False
720575940625954579,328976.4437299035,286772.501607717,164133.72990353697,left,-0.5642334110219753,1.4865731878694757,120814.32926574904,2.0,-10.0,-0.5466378405888364,1.4892401318676656,True,2.0,-10.0,0.5466378405888364,1.4892401318676656,0.5466378405888364,0.0,87372.3896171175,-192674.8607671281,-26748.13825102437,2.0,-10.0,-37.59445903720959,430.3084962815945,-62.80170182912194,-0.25473299630010204,0.39715117648739456,-0.0960429397248276,-4.899,12.728,-0.2800419832726559,0.933575309295107,-0.22363727211550188,0.27363869004272195,78.85041652921939,False
720575940625956339,322391.9610231425,348114.5773447016,232087.35688185145,left,-0.2497279720079779,0.7402243536639799,116411.206107666,-17.0,-8.0,-0.2392264290972758,0.7649915183239876,True,-17.0,-8.0,0.2392264290972758,0.7649915183239876,0.2392264290972758,0.0,10488.296401003108,-194270.2622608792,-76849.95450707509,-17.0,-8.0,186.30445179774247,281.9468762535669,-225.86423687779822,0.3094483097244313,-0.016693318006456674,-0.3835227820346214,-15.309,-9.546,0.678549128800374,0.45354907429367575,-0.5778099315619311,0.5356848319507248,2.94071126071054,True
720575940625981327,696226.6625514403,338717.5843621399,138194.36213991774,right,0.6492610559314306,1.1884331854401924,134016.3657560206,-5.0,-14.0,0.6492610559314316,1.188433185440193,False,-5.0,-14.0,-0.6492610559314316,1.188433185440193,-0.6492610559314316,0.0,111466.62536884064,177227.59633811406,-55653.25333212434,-5.0,-14.0,-5.9734145914854295,-397.96332933083823,-160.8828439570086,-0.1822590120179658,-0.2980520540330825,-0.33281218756746683,-11.635,9.546,-0.2321533515233005,-0.817840950726438,-0.5265367989907019,0.29754793738576163,61.345884055202404,False
720575940625995568,306418.02805611223,177314.97795591183,207421.28256513027,left,0.0460570260024697,2.398670612941057,116502.02023988044,16.0,9.0,0.0450446973673922,2.373944760091592,True,16.0,9.0,-0.0450446973673922,2.373944760091592,-0.0450446973673922,0.0,61482.50189892047,-222959.10495674112,86283.81335970513,16.0,9.0,-8.666130859140663,325.9805678644207,181.2888913766918,-0.1256280187115541,0.1548363229400672,0.44303191637800204,15.309,7.425,-0.10979476596748965,0.48481634805297125,0.8676970773413523,0.22783712566891948,23.95949678026363,False
720575940626008445,276466.32727272727,251771.44615384616,201214.01398601395,left,0.022664503493304,1.6981328974093914,117948.8562635089,4.0,0.0,0.0222232305074922,1.693606006375784,True,4.0,0.0,-0.0222232305074922,1.693606006375784,-0.0222232305074922,0.0,55326.71005191768,-247378.24741820255,9829.827670769728,4.0,0.0,70.92352528473317,416.2331788744677,40.51939778135584,0.11244371317207362,0.4544080482256893,0.11048809641156597,2.449,4.243,0.3195663899356998,0.897816503525169,0.3029898487099936,0.122271931473424,61.962465717094254,False
720575940626026005,731383.4522167488,204805.6078817734,152043.90147783252,right,0.2256210561392578,2.2264670479768984,129520.7778314467,16.0,5.0,0.2256210561392567,2.2264670479769,False,16.0,5.0,-0.2256210561392567,2.2264670479769,-0.2256210561392567,3.0,119546.3642121644,202502.96044435198,80934.08441864309,16.0,5.0,-49.44908802589312,-357.1704233886729,144.37250920543607,-0.24604775307865107,-0.18977413430241385,0.3764297017714569,12.86,11.667,-0.40504040107406697,-0.5772044722767488,0.7090678886266667,0.22219534756594508,34.561126719233734,False
720575940626031381,346663.79344587884,327260.79046673287,181214.65739821256,left,-0.6944923001840725,1.1125648269152766,121072.30258769386,-9.0,-14.0,-0.6714111573203926,1.124483222335067,True,-9.0,-14.0,0.6714111573203926,1.124483222335067,0.6714111573203926,0.0,64445.369935464056,-171937.68087402324,-62639.963189062386,-9.0,-14.0,35.4329374484545,384.0413439792629,-188.32475483110073,-0.041359901293263036,0.28437946959270166,-0.3943827097456485,-14.085,5.303,-0.007619547066810404,0.8350251275354553,-0.550159048718544,0.37113457263552607,43.03567664594409,False
720575940626064456,752598.6030013643,311068.52660300134,158803.0286493861,right,0.1505981226690426,1.3623037260494328,128939.27925819684,-2.0,-5.0,0.1505981226690433,1.3623037260494333,False,-2.0,-5.0,-0.1505981226690433,1.3623037260494333,-0.1505981226690433,0.0,96503.28915672937,231541.2467319026,-21111.841220557893,-2.0,-5.0,88.81581112466182,-421.9861247913032,-68.1118725727328,0.1407939098312988,-0.452194956623834,-0.08561504236987556,-4.287,3.182,0.3711418616082045,-0.9245435992295222,-0.08644565741387458,0.12158997264098238,62.827208962927685,False
720575940626070123,314949.7466561762,305738.0456333596,184521.384736428,left,-0.3990218298678223,1.282016295709052,117443.43059339085,-4.0,-9.0,-0.38571119593795,1.291055934908444,True,-4.0,-9.0,0.38571119593795,1.291055934908444,0.38571119593795,0.0,63997.84020900001,-205130.22731756943,-43197.783980748216,-4.0,-9.0,54.94134862574201,421.6711270519585,-111.14640595858731,0.031798469379985504,0.4436798200854891,-0.1845438106598426,-7.961,5.303,0.16907667729373288,0.9415028620063423,-0.2915226200986426,0.13951364333770921,59.052489752974516,False
720575940626085264,786294.0330882354,210520.4558823529,219842.1323529412,right,-0.5668593061554126,2.0513774458650085,131289.14129544777,6.0,15.0,-0.5668593061554136,2.051377445865008,False,6.0,15.0,0.5668593061554136,2.051377445865008,0.5668593061554136,44.0,52704.392345492175,258130.28313159384,89999.58257002984,6.0,15.0,163.23111451342155,-252.49942520162244,144.29236473302376,0.33926041523668615,0.006508625150169021,0.34606563714719407,12.86,-9.546,0.6525477441641558,-0.31641748141812875,0.688521182709203,0.33579077201191027,1.3127239693367714,True
720575940626089609,798545.5340729002,245145.31537242472,222938.4786053884,right,-0.5550335341100181,1.7703448290914698,131668.23447897792,0.0,12.0,-0.5550335341100185,1.770344829091469,False,0.0,12.0,0.5550335341100185,1.770344829091469,0.5550335341100185,0.0,44410.416775386744,272922.11174472596,57273.76238593483,0.0,12.0,210.2006042920601,-253.68149945094075,82.40510493530043,0.4442640639269235,-0.006251235590682618,0.193800146901526,7.348,-12.728,0.8243292331013762,-0.29541432536178397,0.4829199642027022,0.3098173887827062,0.7903688603317729,True
720575940626100238,757078.5479930192,190983.7417102967,191911.9720767888,right,-0.2693598841334188,2.299547782030466,127793.16277749297,13.0,12.0,-0.269359884133421,2.299547782030466,False,13.0,12.0,0.269359884133421,2.299547782030466,0.269359884133421,0.0,82830.0342772729,227370.42420808476,102711.71851348704,13.0,12.0,58.34172868138917,-310.2846184336133,181.65353811244532,0.04388124067553797,-0.15317403680500452,0.46035836382574064,15.309,1.061,0.2724036299600966,-0.5088372227286712,0.8166277873978669,0.29692264490922393,17.080223398789023,False
720575940626104648,772509.4660766962,321150.8702064897,185247.7286135693,right,-0.0991687664574827,1.2486751244331962,131187.46107953903,-7.0,-1.0,-0.0991687664574819,1.2486751244331964,False,-7.0,-1.0,0.0991687664574819,1.2486751244331964,0.0991687664574819,0.0,69165.91344151423,252314.991253552,-25417.384704660137,-7.0,-1.0,193.62659775281554,-353.1454057852393,-82.77870481877213,0.4055177373722993,-0.2446821029054607,-0.0988762825921243,-4.899,-6.364,0.6717998706672776,-0.7277999108561675,-0.13781227640955548,0.2863157117959394,24.71902195711634,False
720575940626122279,295272.0693641619,165165.03275529863,232500.655105973,left,0.4234609619168166,2.4355312600616164,120403.40970592208,14.0,15.0,0.4050386027576991,2.4125343176321303,True,14.0,15.0,-0.4050386027576991,2.4125343176321303,-0.4050386027576991,51.0,38434.248746671976,-234805.5490870262,101425.4208926207,14.0,15.0,65.31964100262964,263.82946718725884,198.7601998879536,0.07562111075989007,0.021453670575495257,0.4755924281137788,17.759,-1.061,0.30547645141293034,0.21312566644324676,0.928041802902911,0.2327874476985007,5.952767039077277,False
720575940626128016,276686.7669172932,183480.0085929109,239857.14285714287,left,0.494479837970718,2.21540417607956,119950.48479492671,10.0,14.0,0.4766674064868358,2.197449062872871,True,10.0,14.0,-0.4766674064868358,2.197449062872871,-0.4766674064868358,0.0,27945.411189588238,-251940.71039334254,83222.66690552728,10.0,14.0,111.78608721861909,275.9991115826502,173.915297398926,0.19510789491254585,0.058419358771973746,0.43967941257558296,14.697,-4.243,0.4720894968547603,0.3956756522457744,0.787764105033544,0.3091539496714238,2.591213982776727,True
720575940626175619,767945.614320586,228517.2758340114,173031.50528885276,right,-0.1132637749931951,1.9851852776164616,128540.258279513,9.0,6.0,-0.1132637749931959,1.9851852776164625,False,9.0,6.0,0.1132637749931959,1.9851852776164625,0.1132637749931959,0.0,95750.49367567645,240851.5633487952,63537.08441287084,9.0,6.0,65.3957789048569,-376.05087875109416,118.99076866572005,0.07293396242712218,-0.359319780157528,0.3123077411700479,9.186,3.182,0.319447127758075,-0.7456894861485085,0.584722774325312,0.17993469942056378,43.844128452958216,False
720575940626180892,310050.22114608553,237211.183212268,172909.41081517353,left,-0.3377767290752763,1.883748158924297,116518.27372272212,10.0,-4.0,-0.325715128319418,1.874049046644135,True,10.0,-4.0,0.325715128319418,1.874049046644135,0.325715128319418,0.0,86178.66129556939,-215146.55749835426,22089.72223205054,10.0,-4.0,-65.38330458895912,417.76923512524934,51.028765773144315,-0.3072726199547705,0.3540050590473661,0.11985659655163511,3.674,14.849,-0.3802766885671295,0.863763507990414,0.3306088964267484,0.2998571562805486,64.5668238133681,False
720575940626192771,735860.069767442,322223.5415282392,153386.71096345517,right,0.2947584744845346,1.279687485638025,127645.32361006572,-3.0,-8.0,0.2947584744845353,1.2796874856380254,False,-3.0,-8.0,-0.2947584744845353,1.2796874856380254,-0.2947584744845353,0.0,99787.86420379062,215635.7137254777,-34156.95281924035,-3.0,-8.0,59.129988191312144,-422.6205529930248,-104.23383556254451,0.033168626046364065,-0.45348415096100664,-0.15661218673504032,-6.736,5.303,0.17916076630337188,-0.9427236351458709,-0.28137797986861673,0.1188244093117688,65.87211313566819,False
720575940626222681,790838.4207573633,303815.1276297335,217505.1332398317,right,-0.4162811186117023,1.3318782845781276,128980.20397981726,-8.0,5.0,-0.4162811186117013,1.3318782845781272,False,-8.0,5.0,0.4162811186117013,1.3318782845781272,0.4162811186117013,0.0,40383.961155237164,269527.3193775713,-1915.1787074035346,-8.0,5.0,243.18363174764397,-270.09860460190896,-38.27045016848689,0.4847375487844745,-0.01908304078736576,-0.011708791336830095,-1.837,-13.789,0.9483616887657318,-0.28758133461186103,0.13381735038577822,0.2996758857734258,0.7170090622674397,True
720575940626231068,319398.3471582181,289074.9493087557,170857.60368663596,left,-0.4708078760287971,1.4533531081572004,119512.68530060598,1.0,-9.0,-0.4557596531817426,1.4570602768348748,True,1.0,-9.0,0.4557596531817426,1.4570602768348748,0.4557596531817426,0.0,80196.64105544685,-202012.62840414062,-28636.631338234267,1.0,-9.0,-10.263326155780746,435.39402908424216,-63.17621870970389,-0.16230096152911094,0.44634309621792617,-0.07400431573056614,-4.899,10.607,-0.1040819832037612,0.9773293171372478,-0.18437555867417144,0.24112084006918538,83.7741154531174,False
720575940626235644,772653.6957605985,239286.20781379883,173163.923524522,right,-0.1225198601929432,1.8946071565855755,129328.57555378712,7.0,5.0,-0.1225198601929437,1.8946071565855755,False,7.0,5.0,0.1225198601929437,1.8946071565855755,0.1225198601929437,0.0,94007.30696694874,246341.80280824873,53291.49842686735,7.0,5.0,81.4402849893799,-383.0280943152917,97.48484172012768,0.1303583652110853,-0.38769902707181125,0.24949942375595469,7.348,2.121,0.40394147754530124,-0.7766538255823611,0.4833633394526344,0.1409849984628685,46.62861714471659,False
720575940626252303,719870.1199696279,295778.6211085801,130009.56719817768,right,0.4718071556894493,1.5228722055170771,131326.8291445144,5.0,-9.0,0.4718071556894499,1.522872205517078,False,5.0,-9.0,-0.4718071556894499,1.522872205517078,-0.4718071556894499,0.0,126747.8226387873,197585.5565882173,-12970.73962139335,5.0,-9.0,-61.69691147416624,-428.5134213999557,-40.34742947924354,-0.33584243741754405,-0.35211041519654596,-0.03647243953309086,-2.449,14.849,-0.3742223839316515,-0.9137810535118216,-0.1579930175904529,0.3797486567989852,73.75487961401743,False
720575940626259504,323931.6485623004,336819.91693290736,210386.1980830671,left,-0.3869580208722921,0.9257462235311192,116096.56584809213,-13.0,-9.0,-0.3720027732657924,0.9451944700276784,True,-13.0,-9.0,0.3720027732657924,0.9451944700276784,0.3720027732657924,0.0,33723.24743659487,-193710.54087041836,-69058.67431157711,-13.0,-9.0,148.58613654499996,341.89430657008097,-199.7902945592889,0.3010664384064812,0.15958510979550597,-0.3538722873497103,-13.472,-4.243,0.4889291542162013,0.7113405762187655,-0.504918673433836,0.4636379703153142,9.078815755309346,False
720575940626290172,753975.0293417923,292907.0293417922,150443.14036478984,right,0.1663464611980459,1.5151268011914176,130938.32448207148,2.0,-4.0,0.1663464611980463,1.5151268011914183,False,2.0,-4.0,-0.1663464611980463,1.5151268011914183,-0.1663464611980463,0.0,107645.86253409374,231519.4877741094,-4454.565049218623,2.0,-4.0,48.00971851318634,-433.81722569499993,-20.09615505422137,0.042226416638819216,-0.4793078784348795,0.001073990908276709,-1.225,6.364,0.20293846750639177,-0.9714039743131062,0.12324892330101431,0.16908983795657564,75.4368193147321,False
720575940626292376,265416.4454409567,243092.0538116592,224875.4559043348,left,0.2587693034546451,1.7246554064934196,115895.34926237052,2.0,5.0,0.2504798193915349,1.7189824172319503,True,2.0,5.0,-0.2504798193915349,1.7189824172319503,-0.2504798193915349,0.0,33132.9340436684,-258882.25219716105,21335.902332492453,2.0,5.0,146.7384728708913,360.24274393348946,60.71034272735921,0.3384884291997528,0.3039228140942843,0.15904982168917697,4.287,-3.182,0.5797213582256898,0.6863194704657338,0.43919099635192477,0.17359231395544106,30.83345557849841,False
720575940626297406,285516.65970772447,328173.15240083507,258140.79331941548,left,0.297359898148512,0.8984649984239998,116888.99705398276,-14.0,0.0,0.2835816681820848,0.9177616297836628,True,-14.0,0.0,-0.2835816681820848,0.9177616297836628,-0.2835816681820848,0.0,-12760.730122909566,-232343.63845743853,-55728.15020946367,-14.0,0.0,242.24476990526273,248.14219521034266,-130.08292324240838,0.44293169032485635,-0.01632282469514223,-0.19783607271755838,-8.573,-14.849,0.9611560843766745,0.1813779761743407,-0.20804088834793807,0.2984457862883525,1.020796232014378,True
720575940626298364,781296.8905380336,210806.56771799628,207044.15584415584,right,-0.4506405043490338,2.073729433783746,130296.8718895238,7.0,13.0,-0.4506405043490352,2.073729433783745,False,7.0,13.0,0.4506405043490352,2.073729433783745,0.4506405043490352,0.0,65204.20732224871,253083.76925259182,87329.59762908958,7.0,13.0,141.78358527562443,-285.91549054499376,143.79101292263695,0.28824756089306525,-0.09145526508625437,0.37364213704588134,12.247,-6.364,0.5836411738058052,-0.4529557670951394,0.673939205933173,0.28370700324261927,4.227813861902076,False
720575940626298512,247296.60377358488,245167.8142235123,265029.43396226416,left,0.6077417173513623,1.6203595086575262,124418.02482700069,-2.0,12.0,0.5901991329798802,1.617830031121207,True,-2.0,12.0,-0.5901991329798802,1.617830031121207,-0.5901991329798802,0.0,-7168.633707005347,-276535.1230467636,24359.01080223319,-2.0,12.0,227.66387076138133,232.73127225929144,68.85943518842966,0.4616494857346594,-0.02972213307093864,0.14272168131559684,6.124,-14.849,0.8899728608118727,0.1621668620474129,0.4262044296719904,0.26780386209655477,0.6941526919094491,True
720575940626298567,759217.3951557092,282221.1930795848,152805.48096885814,right,0.1144437764903993,1.5919662255391744,130918.05813432488,3.0,-3.0,0.1144437764903996,1.591966225539175,False,3.0,-3.0,-0.1144437764903996,1.591966225539175,-0.1144437764903996,0.0,107093.64708630249,235974.9217295565,6819.046415043011,3.0,-3.0,48.61726338849091,-431.2258113116306,-4.913744277675512,0.024688225960344087,-0.4807368931192327,0.011023265267317428,0.0,6.364,0.20501213488575362,-0.9682837185346508,0.1428168931544681,0.19761640787944165,77.413460289565,False
720575940626310568,343890.38260869565,286284.4347826087,154567.42028985504,left,-0.7023256192019284,1.511561754678301,125112.90642749106,2.0,-12.0,-0.6816698496948714,1.5134556776734462,True,2.0,-12.0,0.6816698496948714,1.5134556776734462,0.6816698496948714,0.0,97165.42731203174,-177900.78497584874,-26714.094889498687,2.0,-12.0,-64.20103529488205,412.96891760061425,-73.37541813404658,-0.3335182725469031,0.32064663695252454,-0.1377971136841577,-6.124,14.849,-0.5183511781103636,0.7762679779766491,-0.3587758109455581,0.21883878247263455,65.4876865411574,False
720575940626322647,310676.19701492536,308332.29552238807,191074.7462686568,left,-0.3391408068145711,1.2418809540534317,116182.68231349812,-5.0,-8.0,-0.3276178447294313,1.252363981314023,True,-5.0,-8.0,0.3276178447294313,1.252363981314023,0.3276178447294313,0.0,57040.83409006612,-209157.60994977845,-45019.91498316097,-5.0,-8.0,80.67367227042708,414.7167513273816,-111.72904128723518,0.1278781513181476,0.4246496393474968,-0.1876244450017861,-7.961,3.182,0.2519213059060413,0.9174153561230008,-0.30803363449516746,0.09008049373132952,51.630390721366794,False
720575940626328535,312127.3411764706,311897.9017301038,193759.08650519032,left,-0.3413530480557064,1.2018994413498088,115456.51846833929,-6.0,-8.0,-0.3295808913485235,1.2136655605183249,True,-6.0,-8.0,0.3295808913485235,1.2136655605183249,0.3295808913485235,0.0,53854.681197219295,-207429.82669126513,-48001.230844750564,-6.0,-8.0,91.93510525174861,407.8355270950436,-122.00247337559345,0.16093828815952935,0.40240430879264494,-0.20598446291187622,-8.573,2.121,0.297042703253915,0.8953561834482162,-0.33181762642248364,0.11918411667608593,46.8693876508602,False
720575940626373784,296711.5555555556,226450.36923076925,183330.2564102564,left,-0.1709486637996489,1.9525210173511007,117672.83881797164,10.0,-1.0,-0.1643492231702602,1.940294263601146,True,10.0,-1.0,0.1643492231702602,1.940294263601146,0.1643492231702602,0.0,77344.23432020437,-229173.66930701767,33381.4083116917,10.0,-1.0,-28.751696903035654,416.79147002173136,80.17192647913727,-0.1974566621063093,0.3972082339758205,0.1963576909039365,5.511,11.667,-0.13119867769265633,0.9049423017308286,0.40480407299063653,0.28999277882677504,65.08657512709016,False
720575940626412688,278136.7887788779,232395.0858085809,201041.65016501653,left,0.046049082930259,1.8615721245737125,118022.1443784695,7.0,2.0,0.0450012081997152,1.8518085528139487,True,7.0,2.0,-0.0450012081997152,1.8518085528139487,-0.0450012081997152,0.0,58582.446907855185,-247142.5146131369,29002.936410079437,7.0,2.0,51.20884018632695,405.14401191488736,82.70680876021156,0.0506079715829663,0.4279251335884897,0.21805351274701362,5.511,5.303,0.25848762332057135,0.8619173711475413,0.43621393135042574,0.15649488520032084,56.72633629712088,False
720575940626425219,756011.3107049608,198353.56657963447,181902.5587467363,right,-0.1633671680010624,2.244841685778288,127743.17186448892,13.0,10.0,-0.1633671680010641,2.244841685778288,False,13.0,10.0,0.1633671680010641,2.244841685778288,0.1633671680010641,0.0,91531.11895653818,226783.79714258795,93790.47065593669,13.0,10.0,44.27962321970615,-333.28816992381866,171.04244373794896,-0.007633633995024518,-0.22311211117416463,0.43192481291729123,14.085,3.182,0.22661148895865146,-0.6027163587434993,0.7651014468519325,0.3087881800935822,27.588671453174342,False
720575940626436733,765941.272296764,231209.818468824,167871.06550907652,right,-0.0652906800073684,1.9681158706420216,129403.92206338375,9.0,5.0,-0.0652906800073691,1.9681158706420216,False,9.0,5.0,0.0652906800073691,1.9681158706420216,0.0652906800073691,0.0,100384.54038651256,239017.35161052886,59923.41731552574,9.0,5.0,54.846306167437234,-384.861918682938,113.23858173258895,0.04132362717537494,-0.38037223840731144,0.295300666909249,8.573,4.243,0.26492352794217516,-0.7939222153745853,0.5472687093899871,0.19081733825374161,48.45190701119418,False
720575940626495518,303668.4148148148,326598.0562962963,224744.9481481482,left,-0.1051012552890934,0.9718882951596256,112288.08924459208,-12.0,-5.0,-0.1017647603042634,0.9914220301312868,True,-12.0,-5.0,0.1017647603042634,0.9914220301312868,0.1017647603042634,0.0,20790.01076996397,-214577.56063150888,-58170.25588527768,-12.0,-5.0,190.36808171687423,329.68385385819937,-160.0834320421572,0.3958867886043606,0.14449494941152444,-0.249503876805258,-10.41,-7.425,0.6676046350374203,0.6522467446826716,-0.35899614946042374,0.4153401076980376,9.56974458363178,False
720575940626525982,741123.4225563909,320391.04360902257,156493.14285714278,right,0.2435497752952853,1.2890047792398611,127359.77350172483,-3.0,-7.0,0.2435497752952859,1.289004779239862,False,-3.0,-7.0,-0.2435497752952859,1.289004779239862,-0.2435497752952859,0.0,97105.40643593996,220769.90695240602,-31482.007857703742,-3.0,-7.0,73.89609561130814,-421.38596240182153,-96.35231532171044,0.08399826053038058,-0.45191807256410094,-0.13725873074792821,-6.124,4.243,0.2485645621512522,-0.9347306132388299,-0.2539573568863825,0.08055406775611017,63.035666065997304,False
720575940626571909,286316.2314588427,232727.2469437653,191371.7359413204,left,-0.0648481848532589,1.87944067163171,117923.38326739515,8.0,0.0,-0.062093665964701,1.869245660414703,True,8.0,0.0,0.062093665964701,1.869245660414703,0.062093665964701,0.0,68226.05583167958,-239024.63879310642,27729.455447089935,8.0,0.0,12.544260440298826,417.93697717469587,73.04760477999173,-0.08315453518568605,0.43295251505407295,0.20102089550467092,4.899,8.485,0.145605088332104,0.9069306196245451,0.3953176057795035,0.3194638761789606,67.47860750643129,False
720575940626584522,341432.76603773586,296469.8113207547,159853.88679245283,left,-0.6779497061389951,1.4208407649803685,124230.25447956152,0.0,-12.0,-0.6576454268622519,1.4250513354215872,True,0.0,-12.0,0.6576454268622519,1.4250513354215872,0.6576454268622519,0.0,90295.31477472298,-179565.70646075788,-36082.02383300378,0.0,-12.0,-40.99531504298576,417.59406332232675,-92.21708806865614,-0.27943357908755795,0.35446963620624783,-0.17292280828267617,-7.348,12.728,-0.3686714920806901,0.8651068991559164,-0.3401049602105693,0.2487050001963746,72.80162507866719,False
720575940626607110,758477.4028436019,316334.67569397425,165962.65402843605,right,0.0837066474200006,1.3123779729766616,129910.69375960287,-4.0,-4.0,0.0837066474200013,1.312377972976662,False,-4.0,-4.0,-0.0837066474200013,1.312377972976662,-0.0837066474200013,0.0,88710.91182699456,237839.3870837553,-24740.220068085233,-4.0,-4.0,127.28352247670149,-402.29517950083886,-80.06094581454622,0.25840466779648713,-0.3944191190039503,-0.0968366789606854,-4.899,0.0,0.49449971992573494,-0.860976487084047,-0.11911975353308898,0.10130329366015572,49.31829759008889,False
720575940626639106,334806.60338983056,263257.31525423727,160448.99435028253,left,-0.6049000419482616,1.6865784361371496,117307.83840109324,7.0,-9.0,-0.5854770532909885,1.683626697910159,True,7.0,-9.0,0.5854770532909885,1.683626697910159,0.5854770532909885,0.0,94824.16628026022,-188619.19246119293,-3757.8227649025594,7.0,-9.0,-88.71193709689443,415.74944204138853,-13.355068278212341,-0.40298405951343613,0.28305420403470566,-0.003261038631993548,-1.225,16.971,-0.6346097580928626,0.7720626095248585,-0.03449321537613298,0.2718389283533866,57.780358772936054,False
720575940626644496,765796.9901823282,256019.9298737728,159441.7110799439,right,0.0158961522858022,1.7815520358805936,130367.30860952882,6.0,1.0,0.0158961522858021,1.781552035880594,False,6.0,1.0,-0.0158961522858021,1.781552035880594,-0.0158961522858021,0.0,104792.44277497163,240647.764141567,34144.96482397952,6.0,1.0,54.376278963067755,-414.43112715280853,56.86450601443543,0.04471390223677866,-0.4584479388196657,0.1368599166009088,4.287,5.303,0.24265029833746854,-0.9030467540985532,0.3544395472133503,0.1729272132303213,65.59833678446579,False
720575940626666312,760146.7011494255,350032.3333333334,206744.78927203064,right,-0.1525034721087055,0.9591484134246936,128729.38342249305,-14.0,-3.0,-0.1525034721087043,0.9591484134246938,False,-14.0,-3.0,0.1525034721087043,0.9591484134246938,0.1525034721087043,0.0,43162.75190867769,242257.58799169664,-51336.19478292921,-14.0,-3.0,222.08867973928588,-277.3351864265372,-167.95673342629942,0.4195012383676228,-0.017467997361299607,-0.24854772072440393,-10.41,-11.667,0.8595028156993088,-0.4005185662749874,-0.31755281115743367,0.41507348774812863,0.5270157694120219,True
720575940626684689,740858.68,338823.25846153847,169164.06153846154,right,0.200639168267753,1.118069514119536,127771.58958200958,-8.0,-7.0,0.2006391682677538,1.1180695141195365,False,-8.0,-7.0,-0.2006391682677538,1.1180695141195365,-0.2006391682677538,0.0,81683.96853626423,221948.62292354018,-47642.41301923677,-8.0,-7.0,131.97557179319958,-380.7786907446976,-146.13926383634677,0.2579185865815693,-0.3226559282040118,-0.2489538798248416,-9.186,-1.061,0.4519717573649852,-0.8198530425021117,-0.35151460744105306,0.23874561979958972,34.17232251452813,False
720575940626697609,762647.0748502994,236570.8473053892,159478.41317365272,right,0.0109353776095266,1.932171619780628,131159.52852741018,9.0,3.0,0.0109353776095261,1.9321716197806285,False,9.0,3.0,-0.0109353776095261,1.9321716197806285,-0.0109353776095261,0.0,107765.62750498837,236072.3638113296,53076.84298684794,9.0,3.0,31.272283319089116,-400.77281135101833,96.51088604007113,-0.03331491536745139,-0.4137379046778294,0.2571974541864267,7.348,6.364,0.19322019035479782,-0.859564928745883,0.47308993997900745,0.26797228195587686,57.71817834428326,False
720575940626710053,302800.4910265614,254548.82699210336,176524.16367552042,left,-0.2885258320826632,1.7268085425129718,116957.91681345733,7.0,-5.0,-0.278631068443209,1.7218445163937253,True,7.0,-5.0,0.278631068443209,1.7218445163937253,0.278631068443209,0.0,79744.23597454095,-221073.9546867393,5069.644375500689,7.0,-5.0,-38.83037303245087,433.72805494515063,23.47806887862753,-0.23094707646287874,0.41874751236211744,0.08043820440568618,1.225,12.728,-0.16855935218052062,0.9733162548000165,0.15570232154516112,0.3283228303871394,75.52739072318377,False
720575940626711242,309322.8612670409,293511.7209302325,180092.38171611872,left,-0.3632603412611579,1.3967399788464614,118466.57657488371,-1.0,-8.0,-0.3513951358680154,1.4022733308454385,True,-1.0,-8.0,0.3513951358680154,1.4022733308454385,0.3513951358680154,0.0,70196.24522323527,-211672.4958434526,-32264.375523299525,-1.0,-8.0,29.691049132268876,433.58658635109924,-72.96080310153953,-0.03125570273045464,0.4687377245581337,-0.10828611213969232,-5.511,7.425,0.08224914955603617,0.9755643669646825,-0.20373817341408368,0.14872925612110116,71.20624007518931,False
720575940626742921,254908.47721179624,274364.1018766756,246028.471849866,left,0.3927137466260476,1.4251968331591176,121686.18743572882,-5.0,5.0,0.3802982956818797,1.4285494899597715,True,-5.0,5.0,-0.3802982956818797,1.4285494899597715,-0.3802982956818797,0.0,7126.224606499193,-266915.9073094227,-6858.4219166454795,-5.0,5.0,223.45671014281206,304.5517175973521,-4.7608268554672,0.4749836086760664,0.10499996908840602,0.027295966161959662,0.0,-10.607,0.8353730345049157,0.5065921580426658,0.21334544436599487,0.3610463360881567,6.378880842593018,False
720575940626768650,300784.2320261438,237328.0816993464,179040.1307189543,left,-0.2390801898097543,1.8689396921322432,116753.5187259273,9.0,-3.0,-0.2303895399523195,1.8593732240172536,True,9.0,-3.0,0.2303895399523195,1.8593732240172536,0.2303895399523195,0.0,79938.82971995977,-224338.1609355904,22281.749121801382,9.0,-3.0,-39.75467849383077,424.97414325524585,55.76519139866278,-0.23269366230766256,0.39887370327417204,0.1447675986093119,3.674,12.728,-0.187103449991265,0.9296970749655752,0.31726274253656056,0.31390251610482733,68.49936410078298,False
720575940626772666,693169.755888651,361286.0385438972,151878.11563169165,right,0.6591877663744066,0.9933046387165032,136887.0258423647,-11.0,-16.0,0.6591877663744073,0.9933046387165037,False,-11.0,-16.0,-0.6591877663744073,0.9933046387165037,-0.6591877663744073,0.0,94342.2600422038,175933.5235598006,-75926.54610678292,-11.0,-16.0,29.402387100135762,-354.86708576013655,-223.81834454164763,-0.04879880502181161,-0.14986763518266913,-0.4616287744492731,-16.534,5.303,-0.05888296944312482,-0.6888589677144027,-0.7224999090027677,0.4480857474978836,33.86719121036909,False
720575940626774026,741840.3824362607,316472.2974504249,153595.2407932011,right,0.2485321486648768,1.3265437695252602,128291.60506841028,-2.0,-7.0,0.2485321486648774,1.3265437695252609,False,-2.0,-7.0,-0.2485321486648774,1.3265437695252609,-0.2485321486648774,0.0,100597.49787614592,221176.82740494068,-28031.18876426907,-2.0,-7.0,61.60346291451749,-426.90702679361135,-86.05658342094947,0.04528612387479747,-0.46389818226049906,-0.11894706279917754,-5.511,5.303,0.19271624917833843,-0.9572229791176661,-0.21583469496754434,0.10375795083795082,68.09111174080655,False
720575940626776597,257134.6382978724,279808.91063829785,248891.829787234,left,0.4001523566875265,1.372988489954537,120220.04506275544,-6.0,5.0,0.3871412364775335,1.3778830123269863,True,-6.0,5.0,-0.3871412364775335,1.3778830123269863,-0.3871412364775335,0.0,3481.1016829390546,-264275.46540030296,-11606.231907155496,-6.0,5.0,231.37611502024004,294.737731993205,-13.3754773781238,0.4833910339224011,0.0667894459738864,-0.0076008325767518,-0.612,-11.667,0.8844724622939963,0.4366645015545061,0.16441586458049023,0.3674670739046887,2.723458984986097,True
720575940626810442,770931.2695346796,199514.5706760316,199531.4486391572,right,-0.3765821466444001,2.1890863126761406,129905.7969000291,10.0,13.0,-0.3765821466444018,2.18908631267614,False,10.0,13.0,0.3765821466444018,2.18908631267614,0.3765821466444018,0.0,74213.78511349276,241864.39394547843,96513.77920779357,10.0,13.0,105.54935102848465,-296.33188694486984,166.08659255964412,0.17630432746709798,-0.13429284804535674,0.4306153292218533,14.085,-3.182,0.4757001687222898,-0.4625769654395022,0.7481523244115243,0.25894481285069915,10.901219944183714,False
720575940626812222,752549.7955555556,283035.6414814815,146100.88888888885,right,0.1863645446358819,1.5952575343107367,131774.76055747565,4.0,-4.0,0.1863645446358822,1.5952575343107371,False,4.0,-4.0,-0.1863645446358822,1.5952575343107371,-0.1863645446358822,0.0,113463.65574725224,229341.5851679776,4475.20313821024,4.0,-4.0,21.333677217868367,-436.54815231125934,-4.746784510462338,-0.05721099105438328,-0.47828341057065704,0.021046644028409646,0.0,8.485,0.13588856827746487,-0.9812772302554864,0.13648917317363296,0.27199624743470296,84.12566420178969,False
720575940626850678,751256.7257264352,346198.9085754784,185689.01488306164,right,0.0440012025619048,1.0318559170946533,129029.05253437004,-11.0,-5.0,0.0440012025619059,1.0318559170946533,False,-11.0,-5.0,-0.0440012025619059,1.0318559170946533,-0.0440012025619059,0.0,64394.4936836014,232970.78808673445,-51538.51196663469,-11.0,-5.0,183.43980299338818,-335.984842807382,-157.5270976160564,0.38402245424065434,-0.17455000933667833,-0.25090862165096994,-9.798,-6.364,0.6749695990608645,-0.6457452478611786,-0.35697214906533115,0.347432243447021,15.0074083257152,False
720575940626852201,733353.0019120459,192344.5200764819,164374.45506692163,right,0.1168627400201224,2.3355087533190875,128417.57926200522,17.0,8.0,0.1168627400201206,2.3355087533190884,False,17.0,8.0,-0.1168627400201206,2.3355087533190884,-0.1168627400201206,63.0,109372.73461253781,203629.21087643885,95301.72889644995,17.0,8.0,-31.566535052460214,-333.677463157749,169.79744232496145,-0.18902042484121265,-0.14711202657232864,0.4184483881098155,15.309,9.546,-0.313814266738806,-0.4991521027216557,0.8076928774848365,0.21812655614769372,26.65075118487401,False
720575940626861712,787536.5714285715,260907.61904761905,200198.09523809524,right,-0.3398026995446603,1.6889313044407654,126090.51010694436,0.0,7.0,-0.3398026995446603,1.688931304440765,False,0.0,7.0,0.3398026995446603,1.688931304440765,0.3398026995446603,0.0,64177.11417019386,262956.2471924253,37355.63674188753,0.0,7.0,186.80781027302265,-326.7376549050766,52.2757601853157,0.4124390733755757,-0.20068320715608481,0.13941951322951573,4.287,-7.425,0.7616491612714714,-0.5495884362516865,0.3432828365544802,0.17238715660084797,17.651548087740384,False
720575940626881082,284140.60852959903,306754.3857415659,224627.95671546785,left,0.054337832180156,1.1746385303364533,114033.90984310368,-8.0,-2.0,0.0517354700025839,1.187417062658135,True,-8.0,-2.0,-0.0517354700025839,1.187417062658135,-0.0517354700025839,0.0,23679.514781518603,-235516.0074416761,-40049.75980658505,-8.0,-2.0,191.09332516547732,352.85205161840446,-93.07028987966115,0.4245989861762163,0.20899201395499584,-0.12146514191007415,-6.124,-6.364,0.7132723653686921,0.6868740844252579,-0.13945079758221143,0.3228395122303828,21.195749307992774,False
720575940626888720,742280.6365979381,265726.2010309278,139104.51030927835,right,0.2667041982755184,1.7366144509479209,130464.76833615112,8.0,-4.0,0.2667041982755186,1.736614450947921,False,8.0,-4.0,-0.2667041982755186,1.736614450947921,-0.2667041982755186,0.0,122914.01359200153,217778.01632827474,19673.764910067115,8.0,-4.0,-36.24008152645341,-430.97657433977366,27.078209453903572,-0.24396812952751282,-0.4137384819150823,0.07793246959569107,2.449,12.728,-0.16905790453589864,-0.9602284618676106,0.22221774441590833,0.35739689439938366,79.57199752712683,False
720575940626897930,286765.8756302521,195192.4100840336,218408.63865546216,left,0.2233444703345374,2.1873590818656883,113829.94832727492,11.0,9.0,0.2151865082594383,2.1676511199505786,True,11.0,9.0,-0.2151865082594383,2.1676511199505786,-0.2151865082594383,0.0,47458.42457781371,-241166.57174601004,69011.14487073444,11.0,9.0,64.72414669786838,338.4275460602767,158.81709296795643,0.08036650361911053,0.22891993563508325,0.4204935008916976,12.247,2.121,0.3474125106868936,0.6052957348318362,0.7161854653737513,0.27186823751648237,26.27562274737835,False
720575940626900086,773551.5561323815,329223.33290071384,192627.87800129788,right,-0.1424372153143837,1.17615249076344,132230.06452111507,-9.0,-1.0,-0.1424372153143828,1.17615249076344,False,-9.0,-1.0,0.1424372153143828,1.17615249076344,0.1424372153143828,0.0,60625.4175430969,253998.11505803026,-32121.43084761773,-9.0,-1.0,210.24876424001567,-329.0486249211727,-103.61485300092546,0.43213298352558027,-0.17829817755962715,-0.1326787461608557,-6.124,-8.485,0.7682294783463629,-0.6183557930732755,-0.16570932916524597,0.30011351863389396,17.29359720805836,False
720575940626903634,289694.54545454547,194882.91909924927,211497.24770642203,left,0.1454244509159573,2.199491800336644,115237.60974443804,12.0,8.0,0.1404422005282128,2.1795211552338576,True,12.0,8.0,-0.1404422005282128,2.1795211552338576,-0.1404422005282128,0.0,54384.22725874224,-238314.23121901444,68430.08790040821,12.0,8.0,39.126072772257466,348.1891891926513,159.9397550626974,-0.0019476547136133226,0.2544142166684493,0.4124181674786877,12.247,4.243,0.22624238709334196,0.6375885664930933,0.7364069541765538,0.2817200189071006,34.249827694698595,False
720575940626917635,768769.1800878479,253066.5710102489,162833.17715959006,right,-0.022436605914057,1.799030378723734,130562.97313595552,6.0,2.0,-0.0224366059140572,1.7990303787237345,False,6.0,2.0,0.0224366059140572,1.7990303787237345,0.0224366059140572,0.0,101963.65925628031,243416.2949831532,37804.405268116454,6.0,2.0,67.81920632228059,-407.06947980124977,65.93664390678579,0.08186907144938305,-0.4423373232409773,0.16464754005823112,4.899,4.243,0.28625573733981186,-0.8642710201454505,0.41363420624602953,0.14741287632241887,59.93753908841179,False
720575940626941477,328888.47586206894,305526.8103448276,173830.68965517243,left,-0.5484591948281188,1.3117452126313944,119805.41340572613,-3.0,-11.0,-0.530822123220654,1.3193734114396725,True,-3.0,-11.0,0.530822123220654,1.3193734114396725,0.530822123220654,0.0,74839.63732877761,-191315.66448482152,-43684.65408288149,-3.0,-11.0,9.62808544327164,422.9812199287269,-114.56658306468536,-0.10813972524750749,0.4231788383670541,-0.2069119980653418,-8.573,8.485,-0.07404203855131934,0.9341010947722943,-0.3492462186944424,0.17928299997833044,67.30475498916348,False
720575940626941700,274629.20973782777,236174.66292134832,202665.84269662923,left,0.0679981245140575,1.822893686689666,119383.38494853316,6.0,2.0,0.0662165500599916,1.814432620694037,True,6.0,2.0,-0.0662165500599916,1.814432620694037,-0.0662165500599916,0.0,56319.1473350393,-250351.03671535972,25286.86641295141,6.0,2.0,65.52452241116232,404.3875227444846,74.6548112963123,0.09116420086532999,0.42795767789119254,0.19829656898113984,4.899,4.243,0.3336409043210983,0.8497372952385822,0.40820371880277895,0.14983920614784144,55.018326606664985,False
720575940626967482,320664.6125523012,327099.5481171548,201102.0251046025,left,-0.3932082053617993,1.0449646297071846,115845.79438182453,-10.0,-9.0,-0.3788947689628945,1.0611412803222104,True,-10.0,-9.0,0.3788947689628945,1.0611412803222104,0.3788947689628945,0.0,44363.03199919025,-197746.5618475145,-61193.53087786048,-10.0,-9.0,121.39888219127411,375.45493257254793,-169.86977002933713,0.24825796577612474,0.2885434769591065,-0.30373531299035883,-11.635,-1.061,0.39751592471074293,0.8177274067727007,-0.416296742497653,0.32757312790475507,26.280991339780456,False
720575940626971560,770834.2300366301,277550.9362637363,163994.10989010995,right,-0.012459011353518,1.611015701293232,131075.0918844801,2.0,0.0,-0.0124590113535178,1.6110157012932322,False,2.0,0.0,0.0124590113535178,1.6110157012932322,0.0124590113535178,0.0,96994.35909396867,247289.03909766107,14026.174743488873,2.0,0.0,99.0086220959864,-411.2808756372595,12.365366569836738,0.18912306248273347,-0.43826523304875487,0.04451015668647412,1.225,2.121,0.41131225231211604,-0.8923883019716627,0.18564845704197722,0.09683958446242828,56.81743626851074,False
720575940626977226,302578.7324981577,265534.3492999263,175513.78039793664,left,-0.3050794745864788,1.636023841190593,118835.3423909688,5.0,-6.0,-0.2949722422904945,1.6340336591044216,True,5.0,-6.0,0.2949722422904945,1.6340336591044216,0.2949722422904945,0.0,79005.6205243581,-220491.56717601945,-5924.309580757497,5.0,-6.0,-21.52519716096291,437.8934459963631,-2.1064210697359087,-0.1806991178598705,0.44970068443154626,0.04129051170888886,-0.612,11.667,-0.08107302583317791,0.9942026315669512,0.07062784059846533,0.30013043512762516,83.4277349128582,False
720575940626978874,285241.3053221288,290571.1456582633,206352.9691876751,left,-0.0536084080757477,1.3615751159481664,115198.48557771611,-3.0,-3.0,-0.0519669059467365,1.3683264227572685,True,-3.0,-3.0,0.0519669059467365,1.3683264227572685,0.0519669059467365,0.0,44294.563186954554,-235732.06687859583,-26932.707556741392,-3.0,-3.0,125.8187308452253,406.80887300973103,-50.18336167759884,0.2625604132027161,0.40092479895940364,-0.04492471624493695,-3.674,0.0,0.4947175585230713,0.8685263268858002,-0.0302746890195713,0.0884570295716845,51.4514603501303,False
720575940627009598,724737.4657342657,209801.9020979021,143073.1188811189,right,0.3292782204282924,2.185673119666654,131287.4845995025,16.0,3.0,0.3292782204282918,2.185673119666656,False,16.0,3.0,-0.3292782204282918,2.185673119666656,-0.3292782204282918,0.0,127494.84942062039,196184.68174037136,74114.40922646927,16.0,3.0,-67.0384164357942,-362.7378211078288,124.59179608116075,-0.31645688967967905,-0.19613948381463345,0.31064743120799937,11.635,13.789,-0.5195479667006354,-0.589640034251077,0.6183805788554685,0.22959896164137644,42.15434206621521,False
720575940627035153,300690.6871794872,274867.33772893774,179829.0402930403,left,-0.2824081787732433,1.5509257942801655,118134.99396354191,3.0,-6.0,-0.2730801200428904,1.5515936770780838,True,3.0,-6.0,0.2730801200428904,1.5515936770780838,0.2730801200428904,0.0,73239.15595009665,-221657.73349827676,-14565.999145091866,3.0,-6.0,5.218527151328823,439.9510257398177,-20.73005066039934,-0.1007336465287101,0.47508593038051994,0.009964610859516873,-1.837,9.546,0.019694796754865445,0.9992309744616966,0.03390537799690264,0.2289509565556406,87.43963910372565,False
720575940627053329,763665.9857256146,346284.61221252976,211571.165741475,right,-0.2138828989187437,0.9781421356084332,127358.60882012863,-14.0,-2.0,-0.2138828989187425,0.9781421356084334,False,-14.0,-2.0,0.2138828989187425,0.9781421356084334,0.2138828989187425,0.0,39052.44257545493,245522.5667015331,-46627.696236485426,-14.0,-2.0,229.56016745790402,-267.45750788592545,-157.29540027157915,0.42615370824929705,0.003742291904292261,-0.23676636986694835,-9.798,-12.728,0.8884852636203121,-0.3485627473936455,-0.29849279297654446,0.40543824448793037,2.3881100445531525,True
720575940627060951,312107.13799621933,341607.28922495275,236928.77126654063,left,-0.1017163366238138,0.7864004468067063,114360.98140919067,-16.0,-6.0,-0.0985228231137241,0.8107309291831065,True,-16.0,-6.0,0.0985228231137241,0.8107309291831065,0.0985228231137241,0.0,6547.390429392211,-204974.91917274627,-70412.46608883563,-16.0,-6.0,204.31708009058266,282.5138180248476,-202.04287005454262,0.36287625742797397,0.005869257133847217,-0.33384037039674647,-13.472,-10.607,0.7705421484626417,0.44421924963831105,-0.45709304927263145,0.4911936243469643,0.6664834012996728,True
720575940627077834,727451.105226481,269427.53170731704,130714.62020905924,right,0.4010888847166977,1.7204442891321434,130556.7791314781,9.0,-6.0,0.4010888847166979,1.7204442891321443,False,9.0,-6.0,-0.4010888847166979,1.7204442891321443,-0.4010888847166979,0.0,130344.43200183626,203206.9736626432,13634.004711358946,9.0,-6.0,-74.47036144972236,-421.3180057068834,13.404483288208471,-0.3632585577487523,-0.3215476081256628,0.03986221403985939,1.837,15.91,-0.4295025863626822,-0.9002860524770865,0.07079937869071697,0.4000594775009356,67.9781980828455,False
720575940627080945,784188.7436123347,212512.45814977976,215084.72246696035,right,-0.5207888228110014,2.0483268425905883,129737.18928916496,6.0,14.0,-0.5207888228110022,2.0483268425905874,False,6.0,14.0,0.5207888228110022,2.0483268425905874,0.5207888228110022,0.0,57049.14245355208,256146.38733253928,87132.42900054535,6.0,14.0,158.75621177647525,-266.9720152843744,141.29618188010875,0.3314521213269102,-0.03605317153418627,0.34915091676760646,12.247,-8.485,0.6398899521463164,-0.36355739078378524,0.6770279704330324,0.2973419666771437,1.4795954977506702,True
720575940627082329,762769.3054975644,322157.611691023,175374.80862908837,right,0.0124754324217492,1.2514651408024124,129572.29855198978,-6.0,-3.0,0.0124754324217498,1.251465140802413,False,-6.0,-3.0,-0.0124754324217498,1.251465140802413,-0.0124754324217498,0.0,78577.92760086968,242610.86714182817,-28673.574231126462,-6.0,-3.0,160.15819630881245,-378.7199526093611,-92.88600223158308,0.3367815470340422,-0.32495314740733805,-0.11672807472767635,-5.511,-3.182,0.5974529471835741,-0.793921854497349,-0.11286303581399716,0.20354084105137782,37.38059444532377,False
720575940627088330,746137.6282352943,328984.25098039216,166266.5725490196,right,0.1704790500936104,1.2041317756159906,127426.2135589216,-6.0,-6.0,0.1704790500936111,1.2041317756159913,False,-6.0,-6.0,-0.1704790500936111,1.2041317756159913,-0.1704790500936111,0.0,86192.04640956222,226468.39186380856,-38034.20154447347,-6.0,-6.0,123.04885925817248,-395.85714255726094,-117.84629351420432,0.2388512525383913,-0.3809535895188452,-0.17743654156590924,-7.348,0.0,0.4478316013183386,-0.8478568630371652,-0.28387602340005813,0.11246769031424968,44.81346147228398,False
720575940627090106,252168.8126984128,243429.8031746032,248820.82539682544,left,0.4792651614039741,1.6673690113375477,121543.00004549292,-1.0,9.0,0.4648272079255677,1.6635908201331608,True,-1.0,9.0,-0.4648272079255677,1.6635908201331608,-0.4648272079255677,0.0,9197.096032020576,-271911.0918480167,23849.776648729498,-1.0,9.0,209.82408298395495,286.8273556319982,62.32690551964161,0.45654824320608367,0.0643647558736882,0.1498433248707533,4.899,-10.607,0.7801683949361343,0.45774386710102616,0.42638929122830255,0.38375826676271013,1.1603943279789766,True
720575940627105354,349839.34426229505,347254.21639344265,194245.11475409835,left,-0.7073726023419389,0.9213143125365124,125804.12949593582,-14.0,-15.0,-0.682200201979244,0.9369305309200752,True,-14.0,-15.0,0.682200201979244,0.9369305309200752,0.682200201979244,0.0,48485.30658104575,-167210.61024371962,-80033.78977084436,-14.0,-15.0,70.97987260654101,337.7239768889143,-240.52754810718,0.09050525461689825,0.09915358105788039,-0.47488016800360383,-17.759,1.061,0.09648938271702837,0.7053254612960849,-0.7022861188079628,0.5822777308993036,16.213407581800354,False
720575940627113162,790231.3758241759,272303.0153846154,193006.3736263736,right,-0.2823452264648602,1.608916110122995,131430.6783924052,-1.0,5.0,-0.28234522646486,1.6089161101229947,False,-1.0,5.0,0.28234522646486,1.6089161101229947,0.28234522646486,3.0,69529.85615953704,266436.7573512032,25187.14914570414,-1.0,5.0,182.9163688135524,-343.3922425904909,26.62302886207531,0.40834867485349075,-0.24524943731214846,0.08303954384176754,2.449,-6.364,0.7164699350725032,-0.6518427307439646,0.2485395069469929,0.20825856645211785,21.72098705753739,False
720575940627116318,776805.574636724,194171.3870541612,216757.14663143991,right,-0.5536226695896337,2.196414393632331,132056.07214752177,9.0,16.0,-0.5536226695896349,2.19641439363233,False,9.0,16.0,0.5536226695896349,2.19641439363233,0.5536226695896349,40.0,58155.699755248286,247441.82970990404,104928.75680082978,9.0,16.0,133.2439378907445,-252.45609280986875,169.9209848424998,0.23019914350461407,0.004153909314496049,0.42637447132261647,15.309,-7.425,0.5556868359082745,-0.2728538653938763,0.7853425421673469,0.3088690571916063,1.4524610147931998,True
720575940627147080,771176.6862302483,334826.1550037623,201438.4951091045,right,-0.1862679697161687,1.1073544913587832,129720.99819038232,-11.0,-1.0,-0.1862679697161673,1.1073544913587834,False,-11.0,-1.0,0.1862679697161673,1.1073544913587834,0.1862679697161673,0.0,50999.893817032294,252100.93196535105,-36411.953624932954,-11.0,-1.0,224.51131023022106,-301.48070335511676,-120.88910690043275,0.4505874203623748,-0.09782130985129431,-0.15760407190692427,-7.348,-10.607,0.8434065005018744,-0.48166400150409966,-0.23804466926659076,0.30584457444567986,8.11419790842561,False
720575940627160143,767834.4852686308,207334.6620450607,191503.2928942808,right,-0.2840455347443903,2.1463007544864974,126990.04818607015,10.0,11.0,-0.284045534744392,2.1463007544864974,False,10.0,11.0,0.284045534744392,2.1463007544864974,0.284045534744392,0.0,80850.84706703504,239300.0314425816,87317.65828356794,10.0,11.0,91.62336086321883,-321.67857062978294,157.5355925779054,0.16004329739801396,-0.20668444165831468,0.4079633564405386,12.86,-1.061,0.44800162699976304,-0.5493580467199645,0.7053369965552572,0.21861111572263445,19.959267510651863,False
720575940627167253,794356.559375,288928.0,204750.9375,right,-0.3536059985087633,1.4686308462352569,132531.7174406304,-5.0,5.0,-0.3536059985087628,1.4686308462352566,False,-5.0,5.0,0.3536059985087628,1.4686308462352566,0.3536059985087628,0.0,55387.76845071756,271853.97196618153,10974.57814595971,-5.0,5.0,221.39352552130654,-305.22006886569864,-10.616883891595517,0.4726306197294071,-0.11371751696601046,0.006515243176583328,0.0,-10.607,0.8234354888196934,-0.5249578679253882,0.21534445118345488,0.386605659590378,5.385974554947115,False
720575940627176566,790403.6707663198,300735.38315988646,208096.68874172185,right,-0.3504608756910162,1.3719822501765908,130329.96165323812,-7.0,4.0,-0.3504608756910156,1.3719822501765906,False,-7.0,4.0,0.3504608756910156,1.3719822501765906,0.3504608756910156,0.0,50150.842902730095,268804.73950029595,-405.68850216029114,-7.0,4.0,232.02927818178566,-296.88283472890805,-37.98582107318726,0.47798168682042624,-0.08875064998257347,-0.015792594224535664,-1.837,-11.667,0.889697569893766,-0.44349843039799364,0.10838531431722392,0.3121110188060222,2.532964032542355,True
720575940627177491,704146.0667302193,344266.0400381316,148206.2535748332,right,0.5682251664376875,1.1175676425450445,130914.60844529612,-7.0,-13.0,0.5682251664376883,1.117567642545045,False,-7.0,-13.0,-0.5682251664376883,1.117567642545045,-0.5682251664376883,0.0,100850.71031060365,185600.3229095192,-58960.83406078743,-7.0,-13.0,31.655055086820635,-393.28406551847075,-176.9229007345365,-0.07482614761008939,-0.31841999868915166,-0.3605779857266105,-12.247,6.364,0.016225293786174207,-0.845383824574917,-0.53391284774637,0.33047334753504354,52.21675357672282,False
720575940627189622,789779.7418111752,315054.03853564546,225054.7591522158,right,-0.4550555042687417,1.2341948039241073,130114.15843776365,-10.0,5.0,-0.4550555042687407,1.2341948039241069,False,-10.0,5.0,0.4550555042687407,1.2341948039241069,0.4550555042687407,0.0,31138.683812276802,269350.081583265,-11861.243481729249,-10.0,5.0,250.89688635477378,-242.19064500035307,-57.96038694867987,0.4788349105075146,0.007241026585316304,-0.05691482224700658,-3.062,-15.91,0.9951366387704685,-0.09610680639379837,0.021599813457503194,0.17869169505752763,1.3552972994199488,True
720575940627192382,276146.242181235,219254.91900561348,209675.63753007216,left,0.1439994075306569,1.9595594426333445,117497.6514376727,8.0,5.0,0.1395821770902773,1.9467255089477828,True,8.0,5.0,-0.1395821770902773,1.9467255089477828,-0.1395821770902773,0.0,52093.63037892822,-250039.88954434765,43168.82768980661,8.0,5.0,70.18027885480662,379.75555975899596,112.29573900639842,0.10826090957047727,0.3615710439502942,0.3018325138482383,7.961,3.182,0.3640823896850926,0.7479429378446416,0.5550003380625268,0.15654658815342812,42.79914316094954,False
720575940627209828,267209.4056338028,246472.03098591548,220986.5352112676,left,0.2158547454978348,1.704319034553952,115731.48346871296,2.0,4.0,0.2089467060758657,1.6993060342005255,True,2.0,4.0,-0.2089467060758657,1.6993060342005255,-0.2089467060758657,0.0,36472.19782501934,-256870.52226793615,17519.50138408448,2.0,4.0,138.71587957938806,372.5551770269851,53.62267286834565,0.32109663354630125,0.32652229376848724,0.14191052653703826,3.674,-2.121,0.5555485002422559,0.7426992381160755,0.37384984362760054,0.15147471740766583,34.593738439013165,False
720575940627213412,277296.1944652206,306325.47793567687,237962.39341810023,left,0.1948140549665095,1.1504762679645135,114613.4629344961,-9.0,0.0,0.1869626849184442,1.163465423573296,True,-9.0,0.0,-0.1869626849184442,1.163465423573296,-0.1869626849184442,0.0,10457.353320815979,-242285.5479586726,-38004.04832571205,-9.0,0.0,218.66604066693213,322.7279635954892,-84.46718968295512,0.46261958934526265,0.12164948045176498,-0.09114647589765314,-5.511,-9.546,0.8213069481733791,0.559061638887583,-0.1136000915776921,0.344653503326792,11.490897286256253,False
720575940627215972,309032.3523093448,345029.5553168636,240857.35767991404,left,-0.0489171310522187,0.7627416973747702,117637.21475524202,-17.0,-5.0,-0.0483457525844835,0.7870141016458989,True,-17.0,-6.0,0.0483457525844835,0.7870141016458989,0.0483457525844835,0.0,2073.113479040021,-207763.0286484584,-73380.17475957552,-17.0,-6.0,207.89555684561165,265.69843466591743,-208.20508087698389,0.3521274312150879,-0.037545297535358825,-0.3420191005514131,-14.085,-11.667,0.8070278753128892,0.33702577207220474,-0.4848913666246268,0.47700748557826195,2.0515998397803688,True
720575940627216484,737278.7101449275,298505.18550724635,140082.78260869562,right,0.3205570052149279,1.4877783356649543,130854.03405715426,3.0,-7.0,0.3205570052149285,1.487778335664955,False,3.0,-7.0,-0.3205570052149285,1.487778335664955,-0.3205570052149285,0.0,116688.7589160214,215213.71034363465,-12808.671071062618,3.0,-7.0,-5.679408772905821,-438.83312677037014,-41.14910182952769,-0.1539375742582215,-0.45873271847062574,-0.025401958048649708,-2.449,10.607,-0.029416544327120403,-0.9970408085916214,-0.07102318581151089,0.29428915978056486,92.75782035608476,False
720575940627231290,766164.5916955017,216606.34948096887,178698.9965397924,right,-0.1614647445865697,2.079507553807148,128112.57421946882,10.0,8.0,-0.1614647445865707,2.079507553807148,False,10.0,8.0,0.1614647445865707,2.079507553807148,0.1614647445865707,0.0,92000.55386704083,238234.27940702997,76037.1020711756,10.0,8.0,68.54387402200825,-356.0768852494078,140.78545338630414,0.07846265673920429,-0.3076951231557767,0.36506910473867504,11.023,2.121,0.3572271406567313,-0.664383779654343,0.6564929270833201,0.22059906149794162,35.90511593881371,False
720575940627273274,794456.2165898618,226388.3502304148,224566.4976958525,right,-0.5901708162669833,1.9126997136076025,131899.2408758823,3.0,14.0,-0.5901708162669834,1.9126997136076007,False,3.0,14.0,0.5901708162669834,1.9126997136076007,0.5901708162669834,26.0,45686.25378348492,267471.39980828046,75709.01894203493,3.0,14.0,189.9542976574402,-247.7382688591768,116.82521526749508,0.40120867496304413,0.0062531324406433254,0.27128955675380056,10.41,-11.667,0.739604645259028,-0.27979779829781937,0.6121259353915338,0.31150991316753046,2.3230950304234996,True
720575940627295930,331309.3333333334,330370.7857733664,194788.4863523573,left,-0.5183943911833002,1.0384747689815614,117857.85790831385,-10.0,-11.0,-0.4997681443809785,1.0538765717321803,True,-10.0,-11.0,0.4997681443809785,1.0538765717321803,0.4997681443809785,0.0,50274.191270920426,-186931.3383788386,-64651.99661753415,-10.0,-11.0,92.03855228009903,379.23018184985136,-184.07310551694277,0.14778039554239522,0.29718788597891677,-0.3566053723235514,-12.86,1.061,0.2690360869510367,0.829617474489057,-0.48923862269906004,0.33063598512920955,29.0766566337872,False
720575940627323153,306934.37283237,325127.28323699423,216313.87283237,left,-0.1880575955537274,1.0133955117249205,113163.14996192258,-11.0,-6.0,-0.1813712576000704,1.0314928985497618,True,-11.0,-6.0,0.1813712576000704,1.0314928985497618,0.1813712576000704,0.0,29405.470401689334,-211484.49942773455,-57824.548106159185,-11.0,-6.0,170.68888624047125,349.6671428825497,-157.72759748713761,0.3598913737148732,0.19491648638082812,-0.2717033150842558,-10.41,-5.303,0.5928349094109245,0.7317774127013194,-0.3362269894638201,0.4260441819275381,13.802545313753598,False
720575940627323279,266986.7466266867,227825.6701649175,226904.8275862069,left,0.3002556277418426,1.85220832473328,115595.9615973196,4.0,7.0,0.2905142632595877,1.8425706511602835,True,4.0,7.0,-0.2905142632595877,1.8425706511602835,-0.2905142632595877,0.0,33564.977900848186,-258428.80968283658,36803.75263168619,4.0,7.0,138.88243728386996,345.64546954932416,92.78774293758616,0.31606434750367884,0.25225866999313346,0.2578861737240202,6.736,-3.182,0.5997473077817754,0.6367468587038235,0.4846200622542626,0.13648987953156863,23.034853610478237,False
720575940627344783,790556.7065446868,288754.5277973258,196669.35960591136,right,-0.2870249865347117,1.4809591794375074,131940.6902119786,-4.0,4.0,-0.2870249865347112,1.4809591794375072,False,-4.0,4.0,0.2870249865347112,1.4809591794375072,0.2870249865347112,0.0,63325.19660073642,267998.59283314226,9591.045891483776,-4.0,4.0,206.27441439400224,-329.5051051574893,-8.778734643030349,0.44247241707557217,-0.19731060168276118,0.006907764073872427,0.0,-8.485,0.7976196014626772,-0.5666214104839652,0.2067441620546561,0.2762318080857807,15.10894690846341,False
720575940627346856,286561.0826855124,240067.35265017668,190658.65724381627,left,-0.0825336477575906,1.8192377093646648,117381.49962947708,7.0,-1.0,-0.0792833935209267,1.8109217146244672,True,7.0,-1.0,0.0792833935209267,1.8109217146244672,0.0792833935209267,0.0,67777.18162662984,-238243.81661230957,20405.903453463794,7.0,-1.0,15.27753333985687,424.3324937724685,56.68162995645569,-0.07180429906710345,0.44848134557058716,0.1697321232929481,3.674,8.485,0.13994322500514292,0.9234455313884024,0.35730133547742493,0.2891336765733564,70.57299723807074,False
720575940627357289,292763.974137931,278927.974137931,188170.5172413793,left,-0.1920090555851613,1.5005153038738015,117924.23531572908,1.0,-5.0,-0.1856407388905396,1.5027331529201768,True,1.0,-5.0,0.1856407388905396,1.5027331529201768,0.1856407388905396,0.0,64219.09573990206,-229208.34279234774,-17810.779332044724,1.0,-5.0,49.32517329359086,436.126758076691,-28.790700782382633,0.04161015821660537,0.4790999552471949,-0.009383872481181093,-2.449,6.364,0.19007397568683562,0.9815581313868623,0.020384270282043142,0.11198531680070435,75.36263716403786,False
720575940627360168,277037.72661870497,277109.7928057554,207993.03597122303,left,0.0235476187551953,1.4743345065080118,116759.33897970588,-1.0,-1.0,0.0227389367708988,1.4771685225412878,True,-1.0,-1.0,-0.0227389367708988,1.4771685225412878,-0.0227389367708988,0.0,44648.7402897438,-244895.11514499938,-14005.617850821198,-1.0,-1.0,123.82867079311374,403.4935759684362,-12.563232939773366,0.2831457884318718,0.39267992815188923,0.029895142861206713,-1.225,0.0,0.4876908530209242,0.860237384454922,0.1488263224899349,0.13938666579854353,47.619257599311354,False
720575940627395345,779882.4593886464,233212.9327510917,187013.9388646288,right,-0.256823908364562,1.9223652410877623,129309.36924511124,6.0,8.0,-0.2568239083645628,1.9223652410877623,False,6.0,8.0,0.2568239083645628,1.9223652410877623,0.2568239083645628,0.0,81421.84619991525,253193.928552866,61987.311704537045,6.0,8.0,122.87741857641515,-347.4384598817203,109.57557338891402,0.25380536670966863,-0.289945851785816,0.2810859802597949,8.573,-2.121,0.535466707005852,-0.6351585881837476,0.5566407939998089,0.04269271948834438,30.394289315380146,False
720575940627409180,335574.3606557377,292080.7903364969,162062.53666954272,left,-0.6246786226778172,1.4492347365441174,122247.79854761632,1.0,-11.0,-0.6055584612794868,1.4528412937265196,True,1.0,-11.0,0.6055584612794868,1.4528412937265196,0.6055584612794868,0.0,88700.24131807896,-185717.1926182937,-31830.258103191685,1.0,-11.0,-42.07537862050064,424.9059590871048,-77.59396974450232,-0.2676764258869237,0.38113618045132475,-0.13385591120985466,-6.124,12.728,-0.3295374420784816,0.8811431541407465,-0.3391044325562086,0.2507877450141301,76.09938694290793,False
720575940627419906,259493.80050293377,277572.0100586756,254436.47946353728,left,0.4453862438106002,1.374045055603241,116512.96621392258,-6.0,6.0,0.4305542551664035,1.3788434814697776,True,-6.0,6.0,-0.4305542551664035,1.3788434814697776,-0.4305542551664035,0.0,-1597.6803097597299,-262051.27632231486,-8354.852667227959,-6.0,6.0,235.62411896713857,280.7049933438475,-5.028884875083119,0.48584203501657675,0.028684071120992253,0.003662570484651472,0.0,-12.728,0.9117843040480677,0.3599340819010062,0.19772920769997798,0.36848403564475085,1.4241679156176452,True
720575940627428124,273809.93998377945,240326.598540146,206035.94484995943,left,0.0884998547654549,1.7842447838563087,117746.0058803475,5.0,2.0,0.0859581939622591,1.776866913330214,True,5.0,2.0,-0.0859581939622591,1.776866913330214,-0.0859581939622591,0.0,52322.21376289195,-250839.68217202008,21673.95782374706,5.0,2.0,79.01307008142453,402.601268840283,65.7558212235507,0.13612521542430384,0.4246887214558378,0.17627921608208807,4.287,3.182,0.37213489474547606,0.8344112980963305,0.4065383201150541,0.10927590635009646,53.32690676065694,False
720575940627469903,311041.68340943684,245718.9923896499,172248.7671232877,left,-0.3582621597800319,1.812666802846261,115931.85576722807,9.0,-5.0,-0.3457646176285714,1.805153670208246,True,9.0,-5.0,0.3457646176285714,1.805153670208246,0.3457646176285714,0.0,85507.46570527685,-213534.71044706125,13678.199773611039,9.0,-5.0,-65.97078449245483,422.73569080322943,36.5241013882848,-0.31175994282813485,0.3621908298939621,0.09190388662343384,2.449,14.849,-0.3473459727369676,0.9023027835582409,0.2553438113729409,0.34138276184406147,67.4733087340376,False
720575940627476040,711568.7827586207,345362.8344827586,154851.0,right,0.4901525290911135,1.0889631563800646,128703.64817749576,-8.0,-12.0,0.4901525290911143,1.088963156380065,False,-8.0,-12.0,-0.4901525290911143,1.088963156380065,-0.4901525290911143,0.0,94252.15336755672,193127.26391132054,-58454.34440483481,-8.0,-12.0,59.11276363405285,-388.91339134359566,-180.88982160114912,0.031756148457534134,-0.3299068695872701,-0.3585317653150078,-12.247,4.243,0.12840521649483294,-0.8402084046092202,-0.5268414725521748,0.27311126585605666,44.37527549351525,False
720575940627484657,275228.22201665124,254969.98704902868,203877.92784458835,left,0.0415061331689697,1.6665800393716683,117494.340889572,3.0,0.0,0.0403949426990485,1.6630398237986248,True,3.0,0.0,-0.0403949426990485,1.6630398237986248,-0.0403949426990485,0.0,52169.72921706431,-248359.53722398294,7013.704829943546,3.0,0.0,84.53369882521528,413.6422388941265,31.73957245517974,0.14974705568984864,0.44759914562224606,0.09438010178342791,1.837,3.182,0.35394136066878706,0.8939732337452655,0.2748406275552442,0.09662793597918712,59.84104106725566,False
720575940627539653,765524.4162895927,241144.76923076925,161482.8355957768,right,-0.0112207642750552,1.893504647626861,130874.84262583578,8.0,3.0,-0.0112207642750556,1.8935046476268624,False,8.0,3.0,0.0112207642750556,1.8935046476268624,0.0112207642750556,0.0,105117.70459002464,239292.32024110216,49097.15083658846,8.0,3.0,46.167925225237504,-401.1688121388647,88.84130775529049,0.0060914804931482235,-0.42899694745088185,0.22752902839326683,6.736,5.303,0.23516767363817856,-0.8604547080687239,0.4520109076537581,0.2248816174995435,59.067291365752496,False
720575940627582972,308967.2703677,296533.6842105263,183157.14491708725,left,-0.3501938941757855,1.3634812482598084,117482.8784365342,-2.0,-8.0,-0.3386302726897901,1.370095992446022,True,-2.0,-8.0,0.3386302726897901,1.370095992446022,0.3386302726897901,0.0,66687.3769190444,-211784.07946355632,-34779.70308700138,-2.0,-8.0,42.14495505925319,430.4269383481019,-81.79607779172838,-0.0064301789644067185,0.46497238931744134,-0.128181800187086,-6.124,6.364,0.12302508080054005,0.9713763657457659,-0.20320626359580682,0.15033579832726568,67.51940098175074,False
720575940627594005,269907.7058823529,217063.8823529412,225566.33986928107,left,0.3021452356998288,1.9490968769505728,116078.777395777,6.0,8.0,0.292196321806724,1.9366216512816807,True,6.0,8.0,-0.292196321806724,1.9366216512816807,-0.292196321806724,0.0,36636.46516256461,-256318.35676894075,47398.63742346034,6.0,8.0,120.77548668066304,341.2697586146759,115.32710964992857,0.26322811955812225,0.2459089848124726,0.314285366659316,8.573,-2.121,0.5114406814312984,0.6132113651355126,0.6019968862425539,0.11995645556711663,21.948745821874876,False
720575940627611517,733853.9797297297,228020.10472972973,139431.55405405405,right,0.2918074273699919,2.0314240797577563,131642.21064213823,13.0,0.0,0.2918074273699915,2.031424079757757,False,13.0,0.0,-0.2918074273699915,2.031424079757757,-0.2918074273699915,0.0,128383.34547049411,206595.81126447895,56251.215621876836,13.0,0.0,-62.09432228077851,-396.14169183210555,92.29501077404262,-0.30613490831228396,-0.2912152600552284,0.23033010982493748,7.961,13.789,-0.40866023099134585,-0.7586077582702035,0.5074555002149022,0.27680661687232844,56.25225242488673,False
720575940627630674,267735.69310344825,200649.8827586207,238817.13793103443,left,0.4594287775370251,2.0559464337593427,119334.77472842448,7.0,12.0,0.4441603901001969,2.041487805808271,True,7.0,12.0,-0.4441603901001969,2.041487805808271,-0.4441603901001969,0.0,26102.271871320692,-259607.7746354126,65507.50743983335,7.0,12.0,136.55680563110917,293.479334445796,144.70462434720537,0.28051036171374355,0.10124720943563663,0.37929988699890993,11.635,-5.303,0.5534558936251798,0.4684332344708404,0.6886631096949658,0.27865410476487584,4.324190743356117,False
720575940627661370,257528.01041666663,212017.4270833333,251410.20833333337,left,0.5578814273140875,1.919658737826236,121717.62219323554,4.0,13.0,0.5407301548122191,1.909327635295501,True,4.0,13.0,-0.5407301548122191,1.909327635295501,-0.5407301548122191,12.0,11690.931281438396,-268866.2385840713,55577.886113751236,4.0,13.0,177.1973236122914,265.5257111867255,125.7059100676065,0.3715731852812442,0.040450346871493986,0.30814377714946745,10.41,-9.546,0.679383964375597,0.4110018626472109,0.6078773707334572,0.3418673897531089,2.1317963333929795,True
720575940627669239,777925.4662020906,325238.6118466899,196914.64808362367,right,-0.1955346764611131,1.2012272069845225,132125.4108233502,-9.0,0.0,-0.1955346764611122,1.2012272069845225,False,-9.0,0.0,0.1955346764611122,1.2012272069845225,0.1955346764611122,0.0,57100.775182618185,258094.34488270432,-27203.78035483388,-9.0,0.0,218.23908251578408,-318.7480785708862,-92.1256232373148,0.450040134469402,-0.14652581840203882,-0.10749310872458297,-5.511,-9.546,0.8286977724258946,-0.5541082959416533,-0.07889232120426716,0.307235426440645,12.280609736252655,False
720575940627695749,261839.16697936208,228290.20637898688,232547.6547842401,left,0.3597532933563098,1.830019548618428,118225.9450582152,3.0,8.0,0.3483902426036397,1.8213306372870293,True,3.0,8.0,-0.3483902426036397,1.8213306372870293,-0.3483902426036397,0.0,27826.88575851189,-263490.87963522685,36871.688408433736,3.0,8.0,159.36184491395377,329.21261101159655,91.00848861676324,0.36493183625100994,0.21462921929194428,0.23689548902796603,6.736,-5.303,0.5866209092572278,0.6236703136842386,0.5166345407067038,0.24778134913639482,18.259958720693913,False
720575940627723416,767534.3018335684,338494.874471086,196922.96191819463,right,-0.1321103422831042,1.087194690979912,130653.77989603192,-11.0,-2.0,-0.132110342283103,1.0871946909799122,False,-11.0,-2.0,0.132110342283103,1.0871946909799122,0.132110342283103,0.0,54813.51982599182,248709.40977590205,-41002.19768419262,-11.0,-2.0,213.4269836660373,-311.957942640608,-130.86772356305386,0.4319374972288034,-0.12697804852618383,-0.17923143909290443,-7.961,-9.546,0.7909846621416223,-0.5457008436378296,-0.27668367047887893,0.31631685874468446,10.448191337943387,False
720575940627725072,253724.05529953915,286809.3917050691,266322.44239631336,left,0.5324102078024338,1.2868611359176292,123451.73858458358,-8.0,7.0,0.5154424291692083,1.293319246874459,True,-8.0,7.0,-0.5154424291692083,1.293319246874459,-0.5154424291692083,0.0,-14894.347324736384,-267045.7360799285,-15980.422302013294,-8.0,7.0,248.09448482384352,240.27090547672128,-18.87852812635139,0.4819595907397228,-0.04020840433768587,-0.015349771888185797,-0.612,-15.91,0.9858779837611663,0.10974475038623602,0.12649383739012904,0.2502990977584672,1.9637735324254924,True
720575940627733447,767626.1109989908,192128.24217961656,203259.8183652876,right,-0.4125806647011635,2.251339983678754,130097.2259124453,11.0,14.0,-0.4125806647011657,2.2513399836787538,False,11.0,14.0,0.4125806647011657,2.2513399836787538,0.4125806647011657,9.0,71637.26329550215,238048.091407054,104141.36287985832,11.0,14.0,98.96153750373558,-285.29663363801063,177.32926709752846,0.15023840083716716,-0.09349962970984808,0.450602748244388,15.309,-3.182,0.4704669657793517,-0.42663382996460125,0.7724276077666477,0.3258471010036382,8.909530082613664,False
720575940627757208,795381.3222530009,281247.47183748847,205883.2871652816,right,-0.374412918401749,1.5239630172431518,132061.0529742201,-4.0,6.0,-0.3744129184017485,1.5239630172431513,False,-4.0,6.0,0.3744129184017485,1.5239630172431513,0.3744129184017485,0.0,55499.436539694136,272316.9307519981,18790.975460340836,-4.0,6.0,220.27585083747925,-302.81596235489116,6.071026006591824,0.4675993449294554,-0.11529944580601596,0.04573813893317105,1.225,-10.607,0.8369567107286401,-0.5141162496644365,0.18758450415018413,0.3199721769959345,4.266444743539566,False
720575940627763582,743826.3495495494,198313.8378378378,169533.40540540544,right,0.00956673555748,2.271484417606417,127305.8802954568,15.0,8.0,0.0095667355574784,2.271484417606418,False,15.0,8.0,-0.0095667355574784,2.271484417606418,-0.0095667355574784,0.0,103528.29649875087,214547.98497662946,90993.42886626368,15.0,8.0,-3.896356600076718,-346.6487065725266,166.38760640404428,-0.1502326500677955,-0.21854413218291577,0.4090807445293491,14.085,7.425,-0.05624797519012011,-0.622136952104255,0.7808852528466903,0.312841751519642,33.92680441300094,False
720575940627764350,717135.9530201342,338399.7013422819,151345.40268456374,right,0.4524768616682025,1.155022281235166,129108.3079979198,-6.0,-11.0,0.4524768616682033,1.1550222812351667,False,-6.0,-11.0,-0.4524768616682033,1.1550222812351667,-0.4524768616682033,0.0,98912.4106319934,198142.5595691002,-51753.849491397355,-6.0,-11.0,51.06495720867,-403.71138660289887,-155.98895240181935,0.012704606198095261,-0.38029495840277217,-0.2968794674730812,-10.41,5.303,0.10939629651010517,-0.8911516445159098,-0.4403194258563468,0.21977717539429284,53.182869442268554,False
720575940627768862,287118.7848463188,302114.5475339528,213598.71336669047,left,-0.0345492648540196,1.243296709855498,114604.03557476772,-6.0,-3.0,-0.033741146021398,1.253968992388632,True,-6.0,-3.0,0.033741146021398,1.253968992388632,0.033741146021398,0.0,35354.664532464376,-232960.74857345875,-37016.0538184849,-6.0,-3.0,158.05175746546206,381.02566525530494,-81.13875045255236,0.35619877000351363,0.3108681715769409,-0.10146579452330377,-5.511,-3.182,0.5798686018948421,0.8065360698647542,-0.11511721219538644,0.24624029013270227,35.31007798012522,False
720575940627779205,279106.1100917431,174706.89908256882,245555.2293577981,left,0.572027371922577,2.278487657570705,121887.03083438764,11.0,16.0,0.5509451404444975,2.2601517810196827,True,11.0,16.0,-0.5509451404444975,2.2601517810196827,-0.5509451404444975,0.0,23746.838736407204,-250137.54258397227,92939.11877088438,11.0,16.0,108.10831283013725,249.84293526133996,184.88223515933535,0.1867745870136153,-0.000566761818642344,0.4439234662988716,16.534,-5.303,0.4254574926047716,0.23430108471000688,0.8741218014042293,0.24377938364351778,2.332622806759456,True
720575940627804286,266382.66299862444,293159.9312242091,239869.8211829436,left,0.2770202780017265,1.274143036059799,117809.52158271012,-7.0,2.0,0.2672077773493463,1.2826711561698307,True,-7.0,2.0,-0.2672077773493463,1.2826711561698307,-0.2672077773493463,0.0,10451.667631647008,-254127.53578178477,-25520.364493103876,-7.0,2.0,219.40879904705716,321.64599961131046,-47.736385040799156,0.46954572491485685,0.12954209458386998,-0.02082223859643083,-3.062,-9.546,0.8470131664997411,0.5284802337758634,0.05724804175070711,0.30535187256732976,10.43478906809589,False
720575940627855366,260571.57021677663,224979.4156456173,236801.5834118756,left,0.4042341400755084,1.8480566579483224,118751.7503399791,3.0,9.0,0.391507680476186,1.838956876140644,True,3.0,9.0,-0.391507680476186,1.838956876140644,-0.391507680476186,0.0,24125.879641692452,-264971.1845843551,40715.55320607572,3.0,9.0,165.80306036184652,316.06553026357926,97.0640946207058,0.3759927989638544,0.17246637327295045,0.24961909104401092,7.348,-6.364,0.6202025307733731,0.5275740399830575,0.5805294593371284,0.2417456817751387,13.030888273232314,False
720575940627861233,269122.6337579618,231005.5286624204,216230.1910828025,left,0.2013753555219295,1.8423359092232567,117672.73695504863,5.0,5.0,0.1950856591485195,1.8331038228191343,True,5.0,5.0,-0.1950856591485195,1.8331038228191343,-0.1950856591485195,0.0,43641.72493128929,-256134.49143184177,32132.922787948613,5.0,5.0,109.54178297888558,372.77519507086276,87.33481873912964,0.22489978437759486,0.34709581225006536,0.23458008835850308,6.124,0.0,0.4948875311428622,0.73002880197589,0.4713218431231141,0.031060816044965217,38.04392809033543,False
720575940627864305,772857.1531531531,228112.26306306303,178664.61261261255,right,-0.1756961263390928,1.9772073842653703,129264.79110178762,8.0,7.0,-0.1756961263390934,1.977207384265371,False,8.0,7.0,0.1756961263390934,1.977207384265371,0.1756961263390934,0.0,90341.91496812072,245756.80682104378,65181.77587681786,8.0,7.0,87.05523359632423,-364.5167604718031,120.35015114563197,0.1400576386034191,-0.32636409042235776,0.3214936590422244,9.186,1.061,0.41132988102860824,-0.6957795982062339,0.588811073004714,0.14550919342485127,36.51290421162995,False
720575940627864326,310229.48433734936,323814.6923694779,209257.2208835341,left,-0.2572228960072739,1.0486886526661183,114100.36610325832,-10.0,-7.0,-0.247945697256222,1.0654651062518334,True,-10.0,-7.0,0.247945697256222,1.0654651062518334,0.247945697256222,0.0,36639.51765439896,-208341.6574226758,-57414.5532043045,-10.0,-7.0,148.07140911399011,366.5220925622902,-155.08859354164377,0.3172331887138728,0.2602924720038579,-0.26425212418794947,-10.41,-3.182,0.5141191300525064,0.7817115775886203,-0.3529993336792077,0.34175203939177023,22.101477491130172,False
720575940627878165,328777.77129700687,315349.7099002302,182953.6454336148,left,-0.5257036999402107,1.2022895820990318,117721.07314964235,-6.0,-11.0,-0.5079969903535679,1.213201321580483,True,-6.0,-11.0,0.5079969903535679,1.213201321580483,0.5079969903535679,0.0,64281.474298339774,-190641.6112429991,-51918.77692393468,-6.0,-11.0,45.88479625710095,409.467030040977,-144.105401294077,0.01344979450794367,0.40210672705210626,-0.2665925205394648,-10.41,5.303,0.09267299969895171,0.898896780280429,-0.4282479346456633,0.15484228807495018,51.92206188787999,False
720575940627882490,760639.6914523974,275294.0236275191,153784.43363446838,right,0.0947112314117968,1.6428206603883255,130539.24332940402,4.0,-2.0,0.094711231411797,1.6428206603883262,False,4.0,-2.0,-0.094711231411797,1.6428206603883262,-0.094711231411797,2.0,107245.2051215909,236888.87395252238,13897.794411036784,4.0,-2.0,46.18973581062586,-428.75612243889105,13.575426369926651,0.024021469254575316,-0.47778465869159675,0.050315547053041476,1.225,6.364,0.207842121517002,-0.9574916727449532,0.20002837085619463,0.188212836752771,75.669031571323,False
720575940627894600,307933.8767631774,317399.720861173,202821.9153674833,left,-0.2679843241085228,1.1295258828514363,115052.33086567683,-8.0,-7.0,-0.2586111074108557,1.1437191295675484,True,-8.0,-7.0,0.2586111074108557,1.1437191295675484,0.2586111074108557,0.0,43963.01848697899,-211146.40220812234,-52282.830986999405,-8.0,-7.0,128.08317285082583,387.1399585351157,-133.5859789548288,0.2772949590026639,0.3296637425946593,-0.22049720938108208,-9.186,-1.061,0.4273590359031959,0.83033700447474,-0.3576376845800882,0.23084340708737883,32.85738082520045,False
720575940627900913,262488.60317460314,204275.3721340388,240861.62257495595,left,0.478185943645995,2.0078721063074445,122001.14657828066,6.0,12.0,0.4629882437620962,1.99501695488487,True,6.0,12.0,-0.4629882437620962,1.99501695488487,-0.4629882437620962,1.0,23416.691072120244,-264559.63194418675,61884.96574146823,6.0,12.0,148.514873751291,289.9054245425341,136.85344133243862,0.30270704927862124,0.09656264880598733,0.36366668689881587,11.023,-6.364,0.5763500956753747,0.4766672371943352,0.663783784225335,0.29618718824335905,2.5336576152501307,True
720575940627906590,322426.76497695857,352391.7235023041,234840.9216589862,left,-0.2366926464911448,0.7048969934760899,119156.666442266,-18.0,-8.0,-0.2267627858905391,0.7299983764419793,True,-18.0,-8.0,0.2267627858905391,0.7299983764419793,0.2267627858905391,0.0,7095.863411425769,-193901.9998721653,-80622.63137832422,-18.0,-8.0,190.88480408427694,265.51640926430474,-232.5528457800885,0.30318384100312196,-0.040290718728883616,-0.38451427817736167,-15.922,-10.607,0.7012485241650932,0.3941814339588703,-0.5940298851727981,0.5250500642907355,1.9900872952007644,True
720575940627915819,285017.68329718,253105.68908170643,192012.17642805493,left,-0.0852339732541197,1.7066904415752435,117206.29817827084,5.0,-2.0,-0.0820839839724117,1.7019997576275672,True,5.0,-2.0,0.0820839839724117,1.7019997576275672,0.0820839839724117,0.0,64356.92990383989,-238812.496300296,7670.488488846946,5.0,-2.0,31.207006246003157,429.4273407066249,32.36323679014642,-0.013686955915935588,0.471677658448057,0.0964697963292027,1.837,7.425,0.1914039086432494,0.9551974223974721,0.2257485946829172,0.22306359929460567,73.24826184040354,False
720575940627920792,800428.9,261244.35,230355.0,right,-0.5898099080665146,1.6389937233176628,130596.99199875492,-3.0,12.0,-0.5898099080665142,1.638993723317662,False,-3.0,12.0,0.5898099080665142,1.638993723317662,0.5898099080665142,0.0,34583.69574688476,276036.4023253968,42731.83951586353,-3.0,12.0,232.67942439492037,-226.38164400106479,52.8686972699865,0.4648579653702861,0.057951297605921166,0.12734241490356202,5.511,-15.91,0.9144798002873119,-0.1850370863756959,0.35984437126634555,0.32396005796680494,2.238869535600721,True
720575940627928698,723388.3614457832,221124.5879518072,137151.9518072289,right,0.3744418552495234,2.095411626983739,131201.54079218188,15.0,1.0,0.374441855249523,2.0954116269837404,False,15.0,1.0,-0.374441855249523,2.0954116269837404,-0.374441855249523,2.0,131531.1158450907,195635.37921735377,61928.7481063969,15.0,1.0,-73.43539682743541,-376.4257412200603,104.98817510292844,-0.35249569737802733,-0.21660111954853517,0.2587788494245915,9.798,14.849,-0.601767922292703,-0.5648081249873489,0.5646832294727714,0.1744280012902032,49.31508212150713,False
720575940627930520,287111.8132118451,323102.1776765376,248522.77904328017,left,0.2093052363472571,0.95705729846847,113868.90583369722,-13.0,-1.0,0.1994648346322095,0.97583619176338,True,-13.0,-1.0,-0.1994648346322095,0.97583619176338,-0.1994648346322095,0.0,-2436.0742397241966,-231190.1189639007,-52145.36195951803,-13.0,-1.0,233.94253420048688,277.6031622252069,-132.60382533304076,0.44585121245297943,0.02055358850238014,-0.1966382086330144,-8.573,-12.728,0.9088769976473996,0.3585473683152373,-0.21304081257277077,0.37130674136633973,1.6280703443715545,True
720575940627963978,744714.7846808512,355070.42382978724,189100.9021276596,right,0.0754295035535395,0.9464480477814048,129281.20014901047,-13.0,-6.0,0.0754295035535401,0.946448047781405,False,-13.0,-6.0,-0.0754295035535401,0.946448047781405,-0.0754295035535401,0.0,59508.13627257243,227123.52435533484,-60203.08167483844,-13.0,-6.0,185.970982310354,-318.20452926823333,-184.6877743102685,0.36457279245823726,-0.11431856252512745,-0.3056622460610501,-11.635,-7.425,0.6663491485156311,-0.5943106145762616,-0.4503040147216985,0.4111773566321153,6.717488694534895,False
720575940627967101,800968.0162271805,264942.1622718053,222461.6227180528,right,-0.5269357267531821,1.621748071160353,132349.40000533123,-3.0,10.0,-0.5269357267531821,1.6217480711603518,False,-3.0,10.0,0.5269357267531821,1.6217480711603518,0.5269357267531821,0.0,41803.7519391199,276794.82786820526,37877.41410227791,-3.0,10.0,228.6784923534906,-257.03069237176516,43.76947244280618,0.47163186178809047,0.003233174097902859,0.11564859330365185,4.287,-13.789,0.9029091985826625,-0.28162774369149257,0.3247164811001332,0.3098920304112605,0.8646758540149163,True
720575940627970122,777345.0327983252,321680.1200279135,193648.87648290303,right,-0.1754253324432836,1.232540241226559,131447.35782821782,-8.0,0.0,-0.1754253324432827,1.232540241226559,False,-8.0,0.0,0.1754253324432827,1.232540241226559,0.1754253324432827,0.0,60875.691025876506,257231.58218082192,-24259.178173700268,-8.0,0.0,211.01707895954394,-330.78105021842333,-81.71386440044563,0.4408764509085687,-0.1823172588865827,-0.09725959044269833,-4.899,-8.485,0.8151841517369,-0.572927381081665,-0.0850236129783701,0.24702317231557772,16.271675928962644,False
720575940627984650,754677.525,173419.70833333334,198017.3333333333,right,-0.3511989940401316,2.4178967290923423,135071.41046215346,15.0,15.0,-0.3511989940401341,2.417896729092342,False,15.0,15.0,0.3511989940401341,2.417896729092342,0.3511989940401341,0.0,79527.87060339698,223720.80471002893,120803.47377778764,15.0,15.0,50.93281233840975,-270.83600712955746,202.55365396168955,0.018348543836247115,-0.025752484406607278,0.482692575163282,18.371,0.0,0.19085447033770714,-0.28300250007895905,0.9399383788851119,0.28295783279059894,6.290892458494692,False
720575940628010395,286131.31400966184,294455.2270531401,209003.0917874396,left,-0.0474145213812211,1.3207856035780468,114507.35885077305,-4.0,-3.0,-0.0460385151197597,1.328924167899156,True,-4.0,-3.0,0.0460385151197597,1.328924167899156,0.0460385151197597,0.0,41081.78028268945,-234540.61630784054,-30273.339994948834,-4.0,-3.0,138.35676857186235,399.1513162163299,-60.616171684691906,0.29445124663220384,0.37433884696979897,-0.06088068908497739,-4.287,-1.061,0.5301126601530963,0.8455771359589035,-0.06308624801766204,0.12385216183313229,46.903592728870734,False
720575940628083581,291561.8718914846,305072.18688771664,209580.28636021103,left,-0.0935510820895699,1.226499902227433,114888.31206455622,-6.0,-4.0,-0.0906322443102811,1.2377553213180454,True,-6.0,-4.0,0.0906322443102811,1.2377553213180454,0.0906322443102811,0.0,38936.54779396099,-228338.16565971854,-40246.88159954398,-6.0,-4.0,147.2577188871509,389.18769476312576,-88.99703279484714,0.33025498720620733,0.33296747474501076,-0.12248954430881671,-6.124,-2.121,0.5803144208501034,0.8070121843133817,-0.10939153222783589,0.212920037902831,37.50075212108295,False
720575940628087913,779340.228198859,221618.68948655247,193157.26161369195,right,-0.3172816705761791,2.007096443318317,129614.57572504097,7.0,10.0,-0.31728167057618,2.0070964433183174,False,7.0,10.0,0.31728167057618,2.0070964433183174,0.31728167057618,0.0,77174.68636494773,251838.52122089517,74339.85841524924,7.0,10.0,124.27797188711851,-326.3444421198705,129.71316998308086,0.2515214849204015,-0.221588626811684,0.34069934844270483,10.41,-3.182,0.5454848899339212,-0.5510473402311402,0.6315006442419231,0.12102033694976531,19.92108857848165,False
720575940628095560,253501.4350515464,264531.6948453608,251432.65979381447,left,0.456906297340454,1.4927243622378952,120473.6931640228,-4.0,7.0,0.4426914314028303,1.493928161029631,True,-4.0,7.0,-0.4426914314028303,1.493928161029631,-0.4426914314028303,0.0,3315.31288359549,-269008.67831780313,3579.897121897304,-4.0,7.0,225.05477628003183,287.1649169414341,20.545961817500732,0.4768233961956728,0.053407512896642736,0.0747572337181937,1.837,-11.667,0.8724902198420396,0.4127935372458379,0.2614618746357846,0.3411088058644213,2.5625721066190255,True
720575940628104762,280779.112830432,300158.9245647969,225876.36363636365,left,0.093655837803879,1.228999971863253,113061.507687444,-7.0,-1.0,0.0897477813150539,1.2399995358980282,True,-7.0,-1.0,-0.0897477813150539,1.2399995358980282,-0.0897477813150539,0.0,23425.793481356326,-239346.4798715996,-33598.29580409958,-7.0,-1.0,191.95628675069744,355.7708559567972,-72.80357349995927,0.4245872828387517,0.22150401516022125,-0.0861861569514761,-4.899,-6.364,0.7079313932868182,0.7007171017882711,-0.08847986019671489,0.30984246682092403,23.41689848971225,False
720575940628107881,772746.1203113941,316450.8506723284,181876.82944090583,right,-0.0845427068194619,1.29053737271369,131178.18372612173,-6.0,-1.0,-0.0845427068194611,1.2905373727136902,False,-6.0,-1.0,0.0845427068194611,1.2905373727136902,0.0845427068194611,0.0,73239.4658225231,252182.19392466397,-21306.70520496925,-6.0,-1.0,184.49915303207436,-362.9950524146861,-72.0866900655506,0.39500810553720705,-0.2742963804639509,-0.08449819150939517,-4.287,-5.303,0.6584397747871767,-0.7491184996383868,-0.07265353726931989,0.2612148043417319,27.927160620647992,False
720575940628157595,772999.947368421,325085.6177285319,188998.69806094185,right,-0.120983257551288,1.2126364870374828,131498.9975106152,-8.0,-1.0,-0.1209832575512874,1.2126364870374828,False,-8.0,-1.0,0.1209832575512874,1.2126364870374828,0.1209832575512874,0.0,64850.98884979155,253118.98945237696,-28662.010171321064,-8.0,-1.0,203.87277558193327,-340.90876523009143,-92.15331851131228,0.422308273820611,-0.20763985876632518,-0.11473338681184392,-5.511,-7.425,0.7303819156773509,-0.6606998372240094,-0.1732569835350096,0.2800156396318943,20.201421987694662,False
720575940628167848,265184.38066465256,308803.6918429003,266266.28398791543,left,0.4715382600302018,1.0926683777680823,121553.13497983852,-11.0,4.0,0.454414118790372,1.1048156203739277,True,-11.0,4.0,-0.454414118790372,1.1048156203739277,-0.454414118790372,0.0,-18098.614726423177,-253995.155158675,-36825.240790798445,-11.0,4.0,250.73314412047716,241.0431577687317,-70.56322858065745,0.4755242705706534,-0.030996466370543773,-0.07789927301265391,-4.287,-15.91,0.9939192034257339,0.10547157571140299,-0.031628527921932076,0.21416492915922716,0.8624781292463015,True
720575940628177738,756520.7881619937,295580.523364486,153190.3738317757,right,0.1406086367159107,1.4911947103269834,131102.3520313561,1.0,-4.0,0.1406086367159111,1.4911947103269838,False,1.0,-4.0,-0.1406086367159111,1.4911947103269838,-0.1406086367159111,0.0,104558.17190630364,234273.50135436072,-6468.845508585704,1.0,-4.0,63.387883150774535,-431.7187026336928,-30.215478893301274,0.07625417352646459,-0.47577729823186343,-0.016463979685440843,-1.837,5.303,0.24798574589500572,-0.9647001642479909,0.08863781886304123,0.15388653140022154,71.59814788709264,False
720575940628191228,289411.2818371608,179700.62212943632,231236.8267223382,left,0.3847427163149371,2.3123815139941213,115186.5279298904,12.0,13.0,0.3691382886497692,2.29063346978523,True,12.0,13.0,-0.3691382886497692,2.29063346978523,-0.3691382886497692,0.0,37283.62209850916,-239586.56099561197,86490.64822880103,12.0,13.0,78.70418080010315,290.9548458892441,183.06749374311013,0.11096235992583525,0.09573929423632302,0.45899668172809865,15.309,-1.061,0.3799539832210924,0.4415944708086432,0.812791051861215,0.31907295604134484,10.479953454262231,False
720575940628195431,255313.22406639007,236278.34439834024,254500.78838174275,left,0.5357810175236019,1.7178385015347228,118140.0351425948,0.0,11.0,0.5192607898982462,1.7125339517020914,True,0.0,11.0,-0.5192607898982462,1.7125339517020914,-0.5192607898982462,0.0,4773.89788403928,-269265.3683534895,32018.505455825816,0.0,11.0,208.82142544801164,266.7819500483931,84.16617477732599,0.44678233449456295,0.03342693881130014,0.18789015020640368,6.736,-11.667,0.8031160257376966,0.3559982092670026,0.47777601886446236,0.3244413200602935,1.1601801396078808,True
720575940628196908,776737.8566149297,282562.1019955654,172829.59349593494,right,-0.086867611838633,1.5608386929618587,130799.58942394536,0.0,1.0,-0.0868676118386328,1.5608386929618587,False,0.0,1.0,0.0868676118386328,1.5608386929618587,0.0868676118386328,0.0,87588.02358354513,253604.15728502846,10916.432975818436,0.0,1.0,135.53782694003476,-392.33391972504353,3.665722050533371,0.29627039589625437,-0.3802640219544178,0.025798329420277682,0.612,-1.061,0.5868389959177125,-0.7956913450638611,0.14998425337599566,0.10057545614729158,42.441587816788406,False
720575940628202796,330778.2316145393,282808.0405748098,161036.14539306847,left,-0.5840674552031614,1.5250263310596353,121830.95901820045,3.0,-10.0,-0.5660673707974369,1.5266150818030555,True,3.0,-10.0,0.5660673707974369,1.5266150818030555,0.5660673707974369,0.0,91088.5555085122,-191190.77515626032,-23206.101883423944,3.0,-10.0,-51.15969925920532,427.7784517670082,-54.2049913100475,-0.2918064963199688,0.37253269737248773,-0.08267847985399919,-4.287,13.789,-0.3538015392374285,0.9095282477120479,-0.21813490653051898,0.2915824629537214,73.74155588035765,False
720575940628271626,281498.92558139534,317372.0372093024,249344.74418604653,left,0.2538516369243971,1.0169041281798048,114470.8333954344,-12.0,0.0,0.2428319726116857,1.0336009504474255,True,-12.0,0.0,-0.2428319726116857,1.0336009504474255,-0.2428319726116857,0.0,-2446.1160401959423,-237204.79110517362,-46775.23512512541,-12.0,0.0,236.09922457667227,278.77676302094403,-113.93728406964183,0.4611416665144655,0.027688825000154994,-0.1544568736927185,-7.348,-12.728,0.917151908293881,0.36388968147683737,-0.16253207937997433,0.3467533095957751,1.0745275013883377,True
720575940628273468,779180.3434753212,291674.00676132523,178218.14739688975,right,-0.1200873686648543,1.484863720904774,131196.96207619322,-2.0,1.0,-0.1200873686648539,1.484863720904774,False,-2.0,1.0,0.1200873686648539,1.484863720904774,0.1200873686648539,0.0,80875.43113569554,256747.39156434414,2973.496203983712,-2.0,1.0,158.5565949531897,-378.63950791495057,-15.3612552271081,0.3614104796700516,-0.3301724332200306,-0.004579331601563648,-0.612,-3.182,0.6309090200020537,-0.7593561545162899,0.15916041932051034,0.2175245472630699,33.308932600261855,False
720575940628290618,778955.9694915254,254599.7966101695,175247.18644067796,right,-0.1448752020992524,1.7686022964184405,130861.52144151468,4.0,4.0,-0.1448752020992524,1.7686022964184405,False,4.0,4.0,0.1448752020992524,1.7686022964184405,0.1448752020992524,0.0,89650.39104867999,253769.86096829746,38994.44012686169,4.0,4.0,115.3059020524356,-384.6986044317694,65.711211775689,0.22887553452988763,-0.38825855197781045,0.1618706043072452,4.899,0.0,0.49306590792163973,-0.7704055453727342,0.4041797942801559,0.07898108947557317,47.47549464451343,False
720575940628293648,289581.07547169813,312816.62533692725,223402.61455525603,left,0.0032634321783901,1.1193194751301452,113679.41848599246,-9.0,-3.0,0.0024291175619853,1.134013162713409,True,-9.0,-3.0,-0.0024291175619853,1.134013162713409,-0.0024291175619853,0.0,24032.322443872108,-229651.44387972963,-45823.26081121879,-9.0,-3.0,188.41594828632762,351.8999336408193,-111.6134308878685,0.4130943312674904,0.21194784775972406,-0.14751746269291072,-7.348,-6.364,0.678769954031846,0.7005834786249281,-0.2201230087505639,0.32697143408411045,20.753454178011093,False
720575940628314643,771741.9094540613,303076.5965379494,172786.17842876163,right,-0.0398149787714954,1.406282843348155,130962.53784066362,-3.0,-1.0,-0.0398149787714948,1.406282843348155,False,-3.0,-1.0,0.0398149787714948,1.406282843348155,0.0398149787714948,0.0,84305.43745277949,250134.58521643557,-9650.34988360552,-3.0,-1.0,151.58228139406228,-389.19103579129535,-42.35205223097036,0.33724504007895334,-0.35047707474861783,-0.02548445523517062,-2.449,-2.121,0.5872861049937546,-0.8092634123987946,0.01370256304211561,0.15329868324281398,37.415868805811485,False
720575940628339528,329163.19902319903,252804.89865689864,163527.96092796093,left,-0.5423569394660693,1.770776759078864,115618.38891500131,9.0,-8.0,-0.5242253869251874,1.7651572193908036,True,9.0,-8.0,0.5242253869251874,1.7651572193908036,0.5242253869251874,4.0,93329.77196983034,-194997.7189048832,6618.219197628001,9.0,-8.0,-96.9124561622635,408.1911321118503,7.858649784447793,-0.4317136263460534,0.22174913729408177,0.023443677715749244,0.612,18.031,-0.672376862755597,0.7393538832227433,0.03556950652442466,0.3582031856524784,49.858680886574184,False
720575940628350407,258011.43720930227,218816.1953488372,254361.6279069768,left,0.5683965230992741,1.8635395138168231,118857.84463895344,3.0,13.0,0.5507371101467405,1.854442837880223,True,3.0,13.0,-0.5507371101467405,1.854442837880223,-0.5507371101467405,0.0,7713.703663143794,-267863.313240424,49385.66275546619,3.0,13.0,187.1427488193216,259.5393123064404,118.41500673955323,0.3936895599687733,0.020866493751863203,0.2817087681587228,9.798,-10.607,0.7366326657938669,0.35984313368333315,0.572612639422481,0.32731209601610567,2.3230950304234996,True
720575940628359223,763735.7529493409,244321.0215128383,157650.10409437888,right,0.0243897273933891,1.8724295593311029,131615.66830280167,8.0,2.0,0.0243897273933888,1.872429559331103,False,8.0,2.0,-0.0243897273933888,1.872429559331103,-0.0243897273933888,0.0,108368.52355703736,237717.60289151015,45233.1933861858,8.0,2.0,36.31148937764288,-408.0231927022836,81.38994198075153,-0.01983898315909478,-0.4364504432548877,0.2106411003614224,6.124,6.364,0.1985213289017337,-0.8760193577135795,0.43952174790580895,0.24124826158610985,62.51001169518047,False
720575940628390543,271237.3163879599,286092.9337792642,228518.28762541804,left,0.1834874892650634,1.3522986168985258,114718.22386070348,-5.0,1.0,0.1769079504797303,1.3588723924024018,True,-5.0,1.0,-0.1769079504797303,1.3588723924024018,-0.1769079504797303,0.0,22861.830590751473,-249882.07415598963,-20012.975144470154,-5.0,1.0,192.07873348948686,354.52591643288224,-36.798389773966704,0.42539963697272576,0.23552771294977182,-0.014867947140537493,-2.449,-6.364,0.731917389059966,0.6682687541889665,0.13309322960379744,0.28557183621843585,23.604561468343096,False
720575940628423592,778281.9754601227,333139.28834355826,224138.2822085889,right,-0.3919531444643742,1.078948629900336,128257.60785716158,-13.0,2.0,-0.3919531444643728,1.078948629900336,False,-13.0,2.0,0.3919531444643728,1.078948629900336,0.3919531444643728,0.0,28982.966762338732,259211.63703684902,-30641.010462340626,-13.0,2.0,248.08951613428317,-237.5930010720806,-110.60831258591524,0.4573779751609664,0.019220169488804624,-0.15644022396752721,-6.736,-15.91,0.9809834368962274,-0.11268307505780184,-0.15803170925729934,0.22815968337274148,1.0745275013883377,True
720575940628437776,797351.6457142858,299101.1314285714,226371.77142857143,right,-0.5023070915290927,1.3606468030867385,132056.60224749643,-8.0,7.0,-0.5023070915290919,1.3606468030867378,False,-8.0,7.0,0.5023070915290919,1.3606468030867378,0.5023070915290919,0.0,32491.37562470095,275733.33540686965,4600.463316321246,-8.0,7.0,248.42604937826275,-239.25490507191205,-25.210905824952075,0.4827678808398378,0.021554975477982786,-0.007074715005676587,-0.612,-15.91,0.9860896238203876,-0.12509644804970899,0.10944465486771354,0.21100307297012416,1.5300410492600067,True
720575940628439356,725800.0713754647,289910.06394052046,130253.9182156134,right,0.4264113917167092,1.5664750210072018,132272.17750693133,6.0,-8.0,0.4264113917167097,1.5664750210072027,False,6.0,-8.0,-0.4264113917167097,1.5664750210072027,-0.4264113917167097,0.0,127539.67150645693,203068.03102825762,-6727.387659893397,6.0,-8.0,-59.915415533858976,-430.8663764084511,-23.394118718429976,-0.32490578482383325,-0.37079379849671457,0.006005391540747572,-1.225,14.849,-0.3413719492812031,-0.9396376896609845,-0.023371016505901763,0.3727327597771516,75.87777509811868,False
720575940628444688,750242.4741907263,197611.28608923883,175488.71391076117,right,-0.0792266251063249,2.262957166683402,127949.91339928216,14.0,9.0,-0.0792266251063267,2.2629571666834023,False,14.0,9.0,0.0792266251063267,2.2629571666834023,0.0792266251063267,0.0,97875.85949074585,220933.86024282992,93090.20895001199,14.0,9.0,20.510193183779883,-341.0935721896241,170.01723846206565,-0.08457571609285593,-0.22306288057602056,0.42527920737681535,14.085,5.303,0.10717490145163432,-0.6254214162697658,0.7728917081777712,0.343467407729412,30.79248449436444,False
720575940628462700,325261.41846153844,272894.23076923075,163204.46153846153,left,-0.5280287533790478,1.600370452587532,119573.9831299892,5.0,-9.0,-0.5112788647129531,1.5997874698781012,True,5.0,-9.0,0.5112788647129531,1.5997874698781012,0.5112788647129531,0.0,90410.64269599404,-197409.32607754314,-13495.772033685194,5.0,-9.0,-64.71442261987508,429.05565864817044,-29.54731393750735,-0.31034977141865755,0.3749847363251103,-0.021617584531214235,-2.449,14.849,-0.3720331550763026,0.9130763676462327,-0.16698167076039677,0.3267224837138779,73.07711584225095,False
720575940628469224,290220.68170426064,211815.7025898079,195584.3274853801,left,-0.0229685062703332,2.059942295264725,117316.06568026986,11.0,3.0,-0.0213730216550901,2.044174307411953,True,11.0,3.0,0.0213730216550901,2.044174307411953,0.0213730216550901,0.0,67435.08503312508,-236645.42390242335,49270.046158659155,11.0,3.0,2.53723715021497,393.34608495630056,119.46263549087911,-0.1139709168997189,0.3597273010810338,0.3098524809340581,8.573,8.485,0.07413084655365554,0.8066416035462562,0.5863735507486357,0.320428559182923,52.97098714787728,False
720575940628471292,312389.53261767136,282886.90999174234,173083.93063583813,left,-0.4042820201200111,1.4991287285393196,119063.0886544649,2.0,-8.0,-0.3912279004121477,1.5014838493069198,True,2.0,-8.0,0.3912279004121477,1.5014838493069198,0.3912279004121477,0.0,78846.87088396504,-209443.9274976305,-22693.0837608441,2.0,-8.0,-7.896558960462581,438.0665635930686,-46.06355569062476,-0.15059588606100127,0.45602014372348876,-0.03744098293570988,-3.674,10.607,-0.07792843594752608,0.9888232129304706,-0.12710551695592812,0.24412222273196238,86.40752544590151,False
720575940628534790,312636.47139588103,172285.88558352404,205712.35697940504,left,-0.0064986501956235,2.459138368302205,117386.05973636548,17.0,9.0,-0.004902338524006,2.433316584899861,True,17.0,9.0,0.004902338524006,2.433316584899861,0.004902338524006,0.0,64075.74565005113,-217139.86907390246,91411.46534717218,17.0,9.0,-22.15835472524424,318.82406746132426,181.85753451865708,-0.1481251790338586,0.1246487157539628,0.4413363026726037,15.922,8.485,-0.21960858561649,0.4170988903158311,0.8819300339714183,0.18452442943969807,20.555013751206033,False
720575940628534827,794662.8474576272,218811.06214689268,229076.6101694915,right,-0.6372081753530909,1.9602015123672647,133878.03919400985,4.0,16.0,-0.6372081753530914,1.960201512367264,False,4.0,16.0,0.6372081753530914,1.960201512367264,0.6372081753530914,5.0,42431.830246082915,267148.3062428942,83900.68809601592,4.0,16.0,185.5001427849607,-226.99143567953644,130.11591711770188,0.37793317751851313,0.07406392360727339,0.29869846997639377,12.247,-12.728,0.7355864125380076,-0.17992325022532882,0.6531004928170073,0.338294163711135,1.8454751881851774,True
720575940628544828,797056.096049574,288434.10379550734,218490.06971340047,right,-0.4586730805934129,1.4515951285566064,131154.17195737243,-6.0,7.0,-0.4586730805934123,1.451595128556606,False,-6.0,7.0,0.4586730805934123,1.451595128556606,0.4586730805934123,0.0,41949.73553391476,274600.0538574688,13833.509986481493,-6.0,7.0,239.4078568735599,-266.0803164670294,-5.343207719466924,0.48445182482061655,-0.021279263372411372,0.02562237583503749,0.612,-13.789,0.9343962946676605,-0.30522103088377767,0.18369454759897158,0.3002468400381868,1.1533323066190504,True
720575940628562075,291000.0545868082,221134.57771038663,190555.29946929496,left,-0.0793537845598622,1.985013848968052,117458.3059706227,10.0,1.0,-0.0758717179375851,1.9715658494997903,True,10.0,1.0,0.0758717179375851,1.9715658494997903,0.0758717179375851,0.0,70945.15758842742,-235214.0043922052,39351.860476194764,10.0,1.0,-4.889736905792941,408.56252277057416,97.34151974279874,-0.1406462604601202,0.390846061105947,0.2521250712664217,6.736,9.546,0.06256560749966592,0.8684260928177396,0.4918553304290933,0.3607690986519957,59.990242202755084,False
720575940628573994,278914.8861911988,246984.94385432472,199111.2594840668,left,0.00397317342397,1.7432629614836062,117290.93897969845,5.0,0.0,0.0042013316058948,1.7372591148649104,True,5.0,0.0,-0.0042013316058948,1.7372591148649104,-0.0042013316058948,0.0,58202.027653695804,-245303.24749695548,14385.543372142996,5.0,0.0,55.673110923544165,417.9769089562774,49.59464362391724,0.0656748469472184,0.45884922936008915,0.1287054497858113,3.062,5.303,0.2862286965344343,0.9017304026762917,0.3239682301853868,0.16845506550106715,63.95186921760047,False
720575940628576335,799475.3883892068,252498.7375306623,220739.5584627964,right,-0.5295009097477816,1.7174223582348522,132008.806720676,-1.0,11.0,-0.5295009097477815,1.7174223582348511,False,-1.0,11.0,0.5295009097477815,1.7174223582348511,0.5295009097477815,3.0,45438.89801785127,274377.2644881475,49750.63450535739,-1.0,11.0,216.66513392080938,-259.51192344816184,68.3278474542165,0.4580956858489899,-0.012668990638471885,0.16057002889245073,6.124,-12.728,0.8126382259687058,-0.3474856949472741,0.4678384395295504,0.3752999464598273,1.7371607105383875,True
720575940628589032,764403.2529290145,263283.10406616126,158639.88973121985,right,0.0356379626237787,1.7280881770496257,129510.00852388953,5.0,0.0,0.0356379626237787,1.728088177049626,False,5.0,0.0,-0.0356379626237787,1.728088177049626,-0.0356379626237787,0.0,104413.53772897745,239788.23819349825,26765.482019186333,5.0,0.0,57.18566600926099,-419.68877411354276,39.906763424743566,0.06373437166948821,-0.4649283554522335,0.10301438642083978,3.062,5.303,0.24626729715705806,-0.9293440607149158,0.27508550518860175,0.13448709891956906,67.65594688227782,False
720575940628590235,795881.4588235297,249624.0094117647,212441.81960784312,right,-0.4661152750799304,1.7525282173578516,130911.98672129316,0.0,10.0,-0.4661152750799304,1.752528217357851,False,0.0,10.0,0.4661152750799304,1.752528217357851,0.4661152750799304,0.0,54019.41434432745,270526.60336523067,51007.61902123786,0.0,10.0,203.75511722336523,-282.75977429175737,72.35126454658479,0.4397648000183748,-0.08281867678404417,0.17732370816941764,6.124,-10.607,0.8303204040165723,-0.4090006079419654,0.3785320717942656,0.2520289483161624,4.271433822726025,False
720575940628618920,769604.4644945696,203974.6365914787,195022.72347535504,right,-0.3258409215064128,2.1636701261265947,128428.77798576112,10.0,12.0,-0.3258409215064142,2.1636701261265943,False,10.0,12.0,0.3258409215064142,2.1636701261265943,0.3258409215064142,0.0,77937.99466268826,240840.50167607234,91311.55756299329,10.0,12.0,99.45973998271445,-309.0449674851861,161.8173167210798,0.16692250964287744,-0.164490864430026,0.4253796980635215,13.472,-2.121,0.45542062788260657,-0.4990383100508762,0.7372603453330295,0.24017181015537964,14.671631230647467,False
720575940628621815,304771.7604278075,340385.3689839572,241193.7540106952,left,-0.0031550567417958,0.8042788500229116,116222.35165881074,-16.0,-5.0,-0.0046373802365036,0.8277037683849079,True,-16.0,-5.0,0.0046373802365036,0.8277037683849079,0.0046373802365036,0.0,2395.8314946656574,-212352.22195926213,-69059.3611549863,-16.0,-5.0,213.0076932102207,274.0235286885735,-191.75700831368096,0.3832832456105551,-0.022779310480146985,-0.30772510196522546,-12.86,-11.667,0.834330415666139,0.37738584085524995,-0.40183663921591817,0.4870302245207899,1.4413916254093775,True
720575940628637672,746241.9930313589,344774.7707317073,178162.0069686411,right,0.1207672827130137,1.0570101029679049,129032.5296804895,-10.0,-6.0,0.1207672827130145,1.057010102967905,False,-10.0,-6.0,-0.1207672827130145,1.057010102967905,-0.1207672827130145,0.0,71959.50402570872,227815.27522032187,-51689.72821225923,-10.0,-6.0,163.89436337276143,-355.0491409911387,-157.51440393498908,0.3427917791631516,-0.22271936909794252,-0.2666592885148125,-9.798,-4.243,0.5733773959149947,-0.7539040025331882,-0.32072903956171167,0.3976970016487577,20.289345071264695,False
720575940628664136,305938.0712510356,225219.58574979287,177811.56586578296,left,-0.2662992298174642,1.9793323962485887,116666.72879324952,11.0,-2.0,-0.256225251140587,1.9665134327105425,True,11.0,-2.0,0.256225251140587,1.9665134327105425,0.256225251140587,0.0,83154.71119827594,-220099.55401219823,34380.48550959124,11.0,-2.0,-55.152187622908734,411.95168144911,75.50954123047441,-0.27546286776995227,0.3504797031691958,0.17606638804957783,5.511,13.789,-0.34240319206741227,0.8472058901590522,0.40620466976864616,0.26331082770424685,60.576715742910906,False
720575940628683516,780441.2,199148.8809523809,220168.71428571423,right,-0.5807209702416283,2.1479858083151413,131590.0675794089,8.0,16.0,-0.5807209702416295,2.1479858083151404,False,8.0,16.0,0.5807209702416295,2.1479858083151404,0.5807209702416295,22.0,54068.61598804979,251457.00874121118,100829.23307543746,8.0,16.0,144.64108192021334,-248.87895184724562,162.16326077607212,0.2621357825231061,0.01806068076492411,0.40679492624468244,14.697,-8.485,0.6216145539404693,-0.25835722376820625,0.7394909676636873,0.3238484700065058,1.9144944090925982,True
720575940628729617,724862.4104234528,369891.0358306189,182290.9446254072,right,0.2850450630942308,0.8438905633072339,133715.66434541348,-15.0,-10.0,0.2850450630942316,0.8438905633072341,False,-15.0,-10.0,-0.2850450630942316,0.8438905633072341,-0.2850450630942316,0.0,63534.11627806258,208373.8682034872,-77302.34201265319,-15.0,-10.0,150.14160366769295,-310.28394480424396,-234.99697917916833,0.2695676203887739,-0.04615600121916603,-0.41330860294803345,-15.309,-5.303,0.4783290184918963,-0.5943598735491354,-0.6464810057404895,0.5458988715795202,2.2273429543138588,True
720575940628748816,783740.791970803,324630.2737226277,220980.32846715327,right,-0.3946532352667527,1.1606112877551042,129448.4530422969,-11.0,3.0,-0.3946532352667519,1.160611287755104,False,-11.0,3.0,0.3946532352667519,1.160611287755104,0.3946532352667519,0.0,33541.76761198402,264007.1542816413,-22370.881774242313,-11.0,3.0,248.8711895284498,-253.81753366712164,-83.99826770163646,0.4723374268096384,-0.004153764081032673,-0.10887169908751909,-4.899,-14.849,0.9718148434295976,-0.2271413575694853,-0.06310874560152487,0.27261428521028797,1.8839392934869816,True
720575940628750084,300614.24254473165,308386.4811133201,201783.4592445328,left,-0.2077078967594542,1.2143506588168425,115023.28426804367,-6.0,-6.0,-0.2006731379410796,1.2259803489347951,True,-6.0,-6.0,0.2006731379410796,1.2259803489347951,0.2006731379410796,0.0,46276.46503967939,-219117.50349917597,-44097.26831733689,-6.0,-6.0,121.32599586635152,400.91341306298057,-105.88932275548021,0.2622338320887658,0.37482513732134487,-0.16181424232899033,-7.348,0.0,0.42514652805602254,0.8782316935607347,-0.21899662578988163,0.19416853481749557,41.1682855373709,False
720575940628820712,336888.0053763441,349835.747311828,214138.01075268816,left,-0.5129422235249952,0.8031674084855205,120007.33530635556,-16.0,-11.0,-0.4917969225760242,0.8240837351195839,True,-16.0,-11.0,0.4917969225760242,0.8240837351195839,0.4917969225760242,0.0,28202.16378398878,-179805.14853152115,-80350.83176070267,-16.0,-11.0,144.04703953213615,310.4435865329296,-240.9566054839077,0.24836424653392136,0.039346252297497594,-0.428938244136742,-16.534,-5.303,0.43422302801445145,0.5968844029365761,-0.6746698240421073,0.5620566445438921,0.3067354574630512,True
720575940628857604,782597.197740113,260252.24858757065,185693.5593220339,right,-0.221552748805496,1.713525684504055,128040.54952333611,2.0,5.0,-0.2215527488054961,1.7135256845040543,False,2.0,5.0,0.2215527488054961,1.7135256845040543,0.2215527488054961,0.0,78511.35509099727,257886.68287010552,35346.27370333996,2.0,5.0,149.35200172477073,-362.6455456660905,54.806971003383595,0.34032893861800523,-0.3081136906691118,0.13589046764251925,4.287,-3.182,0.6181812679420174,-0.6874284498488099,0.3811745614597881,0.14149018032184063,33.09256650180334,False
720575940628863994,780415.0305676855,278916.40465793305,177115.83697234353,right,-0.13359095915921,1.582083641306926,131020.45867321058,0.0,2.0,-0.1335909591592098,1.582083641306926,False,0.0,2.0,0.1335909591592098,1.582083641306926,0.1335909591592098,0.0,83997.78290428252,257030.56308262836,15450.141796490754,0.0,2.0,145.44090537655336,-382.82869801946225,12.470748472317604,0.3167650445831104,-0.3582131749935777,0.04787908093388585,1.225,-2.121,0.5839460079105501,-0.7888080262228733,0.1918044775590673,0.12671749535365706,38.758534105911444,False
720575940628877161,798170.5460992908,257204.58865248223,210507.3758865248,right,-0.4461069586029486,1.6958645283680989,132866.37663200032,-1.0,9.0,-0.4461069586029482,1.6958645283680984,False,-1.0,9.0,0.4461069586029482,1.6958645283680984,0.4461069586029482,0.0,54775.65640916348,273355.7507220609,43400.30688984018,-1.0,9.0,207.900064154438,-290.3682459927418,55.31653262337202,0.4492406433684799,-0.09773976435271846,0.15018192377212403,4.899,-10.607,0.8034861897752507,-0.43324000422835385,0.40830508394663156,0.281480887989629,4.562051629505802,False
720575940628892432,787310.0423183072,222127.80864765408,208207.02851885924,right,-0.4561142234972031,1.975271458089934,130771.92043340077,5.0,12.0,-0.4561142234972039,1.975271458089933,False,5.0,12.0,0.4561142234972039,1.975271458089933,0.4561142234972039,0.0,62380.26011403348,259923.00821734534,76797.22392105254,5.0,12.0,160.46469973739346,-290.4775194055999,123.87028767803389,0.3494882060016915,-0.11191441328647395,0.312486204153367,10.41,-7.425,0.6295662211400799,-0.4871547354352307,0.6052492353918596,0.27653756163273446,7.620038138389929,False
720575940628909434,265332.60441426147,224848.0679117148,230155.7555178268,left,0.3379679429633823,1.8688785875874936,116512.55594176945,4.0,8.0,0.3270549326991225,1.858873466573588,True,4.0,8.0,-0.3270549326991225,1.858873466573588,-0.3270549326991225,0.0,30794.69706779941,-260276.62438009292,40132.71027702162,4.0,8.0,146.0121928133603,334.18811478261205,98.59190599538768,0.3234195636039482,0.23247184010022026,0.2714024024251831,7.348,-4.243,0.5946676534010147,0.6136434636232984,0.5194343861845617,0.15821841942214798,20.186952084715305,False
720575940628951036,804201.1320754717,274522.4528301887,229094.5283018868,right,-0.5660222779402531,1.5417466955933248,134608.1789176423,-5.0,10.0,-0.5660222779402528,1.541746695593324,False,-5.0,10.0,0.5660222779402528,1.541746695593324,0.5660222779402528,25.0,33803.096739486326,280769.25015067356,29727.32663938687,-5.0,10.0,241.4300853417417,-233.44054055272397,23.07760922192878,0.47702979009517643,0.03191740056190187,0.07507606262519145,3.062,-15.91,0.9532717476569804,-0.1756599069863102,0.24579782789228843,0.26083002274819655,2.406696912440535,True
720575940628959431,289060.83922134107,267695.59048305696,188545.118961788,left,-0.1513959877968376,1.5923072712463804,117973.17551040558,3.0,-4.0,-0.1462557084105352,1.5914823688758988,True,3.0,-4.0,0.1462557084105352,1.5914823688758988,0.1462557084105352,0.0,65553.02859591438,-233727.23855180168,-6956.278814723679,3.0,-4.0,34.65062354518394,435.62003784215716,-2.169392890381605,0.011655176009868604,0.48028791830252116,0.03036199153620954,-0.612,7.425,0.14605743737244237,0.9782386774804128,0.147364564497603,0.14957503901194996,77.30832354270079,False
720575940628994603,308220.42990654206,164236.5140186916,217691.49532710284,left,0.1851787325906961,2.507683276160045,119214.37606141352,17.0,12.0,0.1768794645102632,2.481592845900101,True,17.0,12.0,-0.1768794645102632,2.481592845900101,-0.1768794645102632,0.0,53437.40347232972,-222058.62869407432,100920.6735206354,17.0,12.0,3.766948621961124,289.6673845452352,197.64497063198357,-0.08058277477951256,0.05640666624346594,0.47277619125844805,17.759,5.303,-0.09038542687655274,0.30107162500492934,0.9493083541322255,0.2020536828405356,11.722024524148432,False
720575940628997163,351908.5333333333,339733.175,183467.0,left,-0.7433315140042132,1.022006239527856,126917.9445243042,-12.0,-16.0,-0.7188063047770716,1.0350325693638127,True,-12.0,-16.0,0.7188063047770716,1.0350325693638127,0.7188063047770716,0.0,60350.29020687689,-165772.68067013106,-74188.28835469083,-12.0,-16.0,37.10421686281703,354.49892603077313,-224.60217150927622,-0.008093187621183861,0.16289369694770695,-0.46202746873748374,-17.146,4.243,-0.04342127884862166,0.6965038483063735,-0.7162380762271457,0.4331009257738228,29.86426256330787,False
720575940629006065,290973.893158388,329751.26148078725,253485.8106841612,left,0.2240082865654031,0.8780943687425442,114656.18886300092,-14.0,-1.0,0.212816707519753,0.898835851487145,True,-14.0,-1.0,-0.212816707519753,0.898835851487145,-0.212816707519753,0.0,-8314.41019421101,-226815.62094083757,-57628.66328902878,-14.0,-1.0,237.29691932185898,259.78341652294733,-140.14984088351582,0.4414771963313673,-0.006817771639712082,-0.20482109825409522,-9.186,-13.789,0.9368534237722133,0.2506432426560113,-0.24389265523414544,0.3211132318527618,1.6849974426518801,True
720575940629040714,795959.3858477972,264484.8971962617,201109.5327102804,right,-0.3648414988796934,1.6546375071414856,133462.25958535113,-1.0,7.0,-0.3648414988796934,1.6546375071414852,False,-1.0,7.0,0.3648414988796934,1.6546375071414852,0.3648414988796934,0.0,62866.2490472968,271625.761954143,34582.085519157874,-1.0,7.0,196.5972006922528,-317.8968256194782,41.823270234474414,0.43383275254939835,-0.17854479670602713,0.11451457639253744,3.674,-8.485,0.7519829820127348,-0.5511337517970826,0.36162574907396555,0.2650404050094382,15.022700394678692,False
720575940629042639,770713.8035714286,249952.3125,166279.82142857142,right,-0.0564448162092114,1.8188142431659329,130179.38074957748,6.0,3.0,-0.0564448162092116,1.8188142431659329,False,6.0,3.0,0.0564448162092116,1.8188142431659329,0.0564448162092116,0.0,99087.09267373837,245148.57662372408,41557.28260322851,6.0,3.0,74.69173979626855,-398.94383795403184,74.1213467177009,0.12168537924400065,-0.4239023413360753,0.19279516796396487,5.511,3.182,0.33989008577334395,-0.8329452913965015,0.4366656285229995,0.10572376601177011,54.001429408585025,False
720575940629067205,305513.80209895055,284943.78110944526,179412.4437781109,left,-0.3295721587671227,1.4688286446238767,118214.82712939712,1.0,-7.0,-0.3187868281739019,1.472127661867609,True,1.0,-7.0,0.3187868281739019,1.472127661867609,0.3187868281739019,0.0,72149.3042864635,-216107.4590465142,-24208.476951369834,1.0,-7.0,18.279122308746093,438.46567820817387,-46.19008461284044,-0.05889579616621625,0.47693532098742897,-0.04017000071047152,-3.674,8.485,0.045699117258480575,0.9945420903244985,-0.09379563558488711,0.1684481294588598,79.7427834085793,False
720575940629070339,747547.2052401747,360585.327510917,211676.2445414847,right,-0.1060087614370032,0.8308030543993106,126366.5992788104,-17.0,-5.0,-0.1060087614370021,0.830803054399311,False,-17.0,-5.0,0.1060087614370021,0.830803054399311,0.1060087614370021,0.0,36400.87235688267,230503.40257215037,-61850.3920610817,-17.0,-5.0,213.48545399001878,-250.4714396407823,-204.98923745638916,0.36321298049086925,0.06676816174236572,-0.32367520390586463,-13.472,-12.728,0.8156715219677008,-0.2542154126963534,-0.5196676747677474,0.42445139844195084,2.516992899191493,True
720575940629077191,762774.279792746,334725.9541080681,185306.43967431533,right,-0.0342207854193249,1.1361400633770726,130322.32728713406,-9.0,-3.0,-0.0342207854193242,1.1361400633770729,False,-9.0,-3.0,0.0342207854193242,1.1361400633770729,0.0342207854193242,0.0,66790.55044522489,243608.07825223598,-39474.678844363276,-9.0,-3.0,189.37300523070837,-345.64735741444537,-120.69020376119278,0.4009612102800938,-0.2195660588390192,-0.16470694904402858,-7.348,-6.364,0.6730435401847091,-0.717257165885703,-0.1804287975940734,0.3462722589445621,22.02753549540935,False
720575940629090048,752873.3464447806,332241.38577912253,171892.40544629353,right,0.1008143891037069,1.1754953783907354,129667.31125010089,-7.0,-5.0,0.1008143891037077,1.1754953783907356,False,-7.0,-5.0,-0.1008143891037077,1.1754953783907356,-0.1008143891037077,0.0,80246.36638316607,233462.84352222554,-39865.96509486342,-7.0,-5.0,146.80922286069418,-381.935481020579,-118.72978795919379,0.30879650407428894,-0.3318895494951418,-0.1806765169676013,-7.348,-2.121,0.5311919296975615,-0.7995634751875152,-0.2802380826551679,0.18105357332069238,36.746432021125145,False
720575940629098878,715117.8176050753,322520.23473433784,137450.53132434576,right,0.4997275719674227,1.3101772509197471,131760.93680254478,-1.0,-11.0,0.4997275719674235,1.310177250919748,False,-1.0,-11.0,-0.4997275719674235,1.310177250919748,-0.4997275719674235,0.0,115098.28916691383,194867.44603925457,-38465.179586446175,-1.0,-11.0,-13.029859583513549,-423.2481967351261,-108.33612278566672,-0.20270243990818762,-0.40057644235287376,-0.1897316043272334,-7.348,10.607,-0.18494043775393185,-0.9293749504584675,-0.3194671124602737,0.264911333792362,79.05910161660377,False
720575940629104377,753630.4414768264,237593.06834249804,150579.10447761195,right,0.1144791340478187,1.9371379525579269,131295.39856378688,10.0,1.0,0.1144791340478183,1.937137952557928,False,10.0,1.0,-0.1144791340478183,1.937137952557928,-0.1144791340478183,0.0,116227.08055311051,227097.32719425528,50011.74289967931,10.0,1.0,-4.665953010224729,-411.10723003716225,87.24900331993044,-0.1519301403660813,-0.4060070732462189,0.2163453720181046,6.736,9.546,0.034324239211833044,-0.8835799107937733,0.4670207574018489,0.35331601821778064,64.93649013621024,False
720575940629129679,756871.0671814672,242256.0648648649,152623.07335907337,right,0.0889545878929552,1.897965162563423,130903.7576922558,9.0,1.0,0.088954587892955,1.8979651625634235,False,9.0,1.0,-0.088954587892955,1.8979651625634235,-0.088954587892955,0.0,113532.66964138029,230686.40010712552,45976.6833241071,9.0,1.0,11.833815278083366,-413.09046884481353,79.81971411941248,-0.09797406037936347,-0.42286739360038395,0.21334171423996096,6.124,8.485,0.12449365807370767,-0.8910494944561635,0.43649985971228245,0.3290028619102256,64.71600065685972,False
720575940629170220,770055.744,242156.128,168764.768,right,-0.0780789531117219,1.878240111429876,129375.12819089464,7.0,4.0,-0.0780789531117224,1.8782401114298763,False,7.0,4.0,0.0780789531117224,1.8782401114298763,0.0780789531117224,0.0,97850.96354821036,243933.70034275425,49581.28129636164,7.0,4.0,72.40167473550974,-392.131592156768,90.21400657404172,0.10129866329202228,-0.40669813085990714,0.23458319348348375,6.736,3.182,0.334911510966315,-0.8316825204390079,0.44287522511253546,0.1330550797853127,50.88642735971719,False
720575940629180422,789140.7204502814,267288.1651031895,189857.1857410881,right,-0.2639389252517114,1.65078546043253,131702.76454298806,0.0,5.0,-0.2639389252517109,1.65078546043253,False,0.0,5.0,0.2639389252517109,1.65078546043253,0.2639389252517109,0.0,73410.02739292756,264958.5334775199,29547.741101550615,0.0,5.0,172.58538889997962,-349.800972565112,37.14729855472056,0.3839232737892824,-0.2697557400089008,0.10235477643033239,3.062,-5.303,0.6581201032861059,-0.6909169897227683,0.299184964466989,0.2103153692422097,26.166041822140823,False
720575940629187587,300125.6273199703,324799.3793615442,229253.719376392,left,-0.0407495313005852,0.9743333107565374,111497.8452329466,-12.0,-4.0,-0.0401253071454065,0.9938819114104156,True,-12.0,-4.0,0.0401253071454065,0.9938819114104156,0.0401253071454065,0.0,16557.619356151677,-218213.6159808234,-55938.314050264045,-12.0,-4.0,201.15832368728664,322.299893494471,-151.92396761912917,0.41141284551830376,0.11987631112017588,-0.23374125714403518,-9.798,-8.485,0.7630361283297993,0.578694304977779,-0.28790409557655744,0.3947223139230064,7.510021392595052,False
720575940629208684,340382.8265746333,317249.3805004314,174948.40379637622,left,-0.6481382435351182,1.21442704068178,121363.09123869,-6.0,-13.0,-0.6273033987260769,1.2241262303188898,True,-6.0,-13.0,0.6273033987260769,1.2241262303188898,0.6273033987260769,0.0,72096.6084094384,-178980.97116296043,-54225.96174660297,-6.0,-13.0,14.798689869214353,404.33900269888477,-154.84232145087134,-0.09986653595721724,0.35559362208122197,-0.31205253844042735,-11.635,7.425,-0.08733806216582762,0.8715294281506769,-0.48250235104553857,0.24403997700339794,56.7305284534374,False
720575940629221199,351689.8876404494,311335.37078651687,162134.55056179778,left,-0.7622058450933277,1.3026194720185036,126577.11556474867,-4.0,-14.0,-0.7396777976961584,1.3093127743466284,True,-4.0,-14.0,0.7396777976961584,1.3093127743466284,0.7396777976961584,0.0,85886.01746523942,-168225.3999438346,-49622.71710811253,-4.0,-14.0,-22.805753592301734,402.552195300219,-139.70564239579994,-0.22880000148572652,0.31150459829839017,-0.29380494757433423,-11.023,10.607,-0.30694165207372337,0.8148903281425426,-0.4916712065211798,0.26517547941609637,65.01573329657833,False
720575940629246586,775777.9100957996,331514.08990420046,206011.0537951364,right,-0.2436072570174791,1.1292255123488986,130075.47296351916,-11.0,0.0,-0.2436072570174785,1.1292255123488983,False,-11.0,0.0,0.2436072570174785,1.1292255123488983,0.2436072570174785,0.0,47091.154572123836,256475.3401051296,-32095.051939254725,-11.0,0.0,231.1945779244505,-291.0395726171204,-111.63320931810921,0.45796803978166417,-0.07259448637323036,-0.14141663798661444,-6.736,-11.667,0.8928505242605299,-0.41992699032006603,-0.1627245037737962,0.30503036981206866,4.588192126800758,False
720575940629262922,740431.4461538462,346651.4276923077,174841.90769230772,right,0.1812915930802256,1.0449722409365216,128784.74677269222,-10.0,-7.0,0.1812915930802265,1.044972240936522,False,-10.0,-7.0,-0.1812915930802265,1.044972240936522,-0.1812915930802265,0.0,74836.01336117124,222137.24109000055,-54481.318802971866,-10.0,-7.0,151.42289364331876,-360.40847618783437,-165.7755466669206,0.30855881255048806,-0.24384044618542408,-0.2852035988355175,-10.41,-3.182,0.5149377174810837,-0.7665087928469005,-0.38380127358277377,0.35652878150875167,22.475762840802822,False
720575940629277289,701203.3741496599,369880.1836734695,167143.40136054423,right,0.5581763665370619,0.8778724759001421,134665.99078722266,-14.0,-14.0,0.5581763665370627,0.8778724759001425,False,-14.0,-14.0,-0.5581763665370627,0.8778724759001425,-0.5581763665370627,0.0,78061.38658560211,184679.32919775997,-81392.01447540769,-14.0,-14.0,86.26467285364633,-327.5698710131389,-246.8866436348969,0.11806159078494524,-0.07222426641285926,-0.4716161131273013,-17.146,0.0,0.20349059029125338,-0.6220220481157569,-0.7560953321644014,0.5240832260008672,15.742251204904852,False
720575940629287034,796180.5507031828,290075.1532198372,213129.71132494448,right,-0.4158128598745455,1.4476333081768291,131931.7211299529,-6.0,6.0,-0.4158128598745448,1.447633308176829,False,-6.0,6.0,0.4158128598745448,1.447633308176829,0.4158128598745448,0.0,46967.476702914304,273812.6774003143,11304.601764537329,-6.0,6.0,235.7163120905069,-281.61992590196917,-12.536423772828993,0.48340703997432644,-0.049917387687200915,0.014017490871145656,0.0,-12.728,0.9106476787557359,-0.37305988598645856,0.17761510815400988,0.3211325434697302,1.1978869851292437,True
720575940629289271,317079.1873350923,338798.1741424802,228037.0800351803,left,-0.2127394648193604,0.8311824511697207,112662.2295607047,-15.0,-7.0,-0.2043246183889727,0.8544934906995035,True,-15.0,-7.0,0.2043246183889727,0.8544934906995035,0.2043246183889727,0.0,15859.657927089353,-200282.18277724105,-68699.43535290407,-15.0,-7.0,187.43171117443438,304.5028321980167,-202.3661885407763,0.3449148721822934,0.06198404939252043,-0.34485531737189234,-13.472,-8.485,0.6885626938095472,0.5463987527544307,-0.4767911698869248,0.48138985428429615,1.5570673797159122,True
720575940629330882,268555.5846994536,223666.2982045277,223765.12099921936,left,0.2778929508046784,1.8935681349340223,116302.82249151162,5.0,7.0,0.2688977107794754,1.8827179243304704,True,5.0,7.0,-0.2688977107794754,1.8827179243304704,-0.2688977107794754,0.0,37349.2313068304,-257191.68625134253,40514.32364304995,5.0,7.0,127.59151796594047,349.9051735597295,101.25755710615611,0.2779995271830861,0.27346249625735836,0.2733515060879252,7.348,-2.121,0.5340494473385344,0.6484981387442089,0.5424401827323477,0.09481156884024693,26.59396466199578,False
720575940629349826,722609.0199203187,327289.9314741036,146925.64143426297,right,0.4184737172406739,1.2519298180132776,128893.80835599056,-3.0,-10.0,0.4184737172406746,1.251929818013278,False,-3.0,-10.0,-0.4184737172406746,1.251929818013278,-0.4184737172406746,0.0,105127.36114699373,202752.18143692648,-41121.75121969233,-3.0,-10.0,30.37450741740502,-421.1811415748135,-120.09325942708736,-0.06216932394106501,-0.4301419478466228,-0.2087415293325111,-7.961,7.425,0.05351691383780023,-0.9344484800468716,-0.35205394199095236,0.20437745937263088,68.17891692716069,False
720575940629377551,704191.2244467861,306153.87144362484,126287.41833508952,right,0.598543312482208,1.4513997440568849,132555.65754855407,4.0,-11.0,0.5985433124822087,1.4513997440568855,False,4.0,-11.0,-0.5985433124822087,1.4513997440568855,-0.5985433124822087,0.0,128501.91289392221,182690.38964861806,-24903.264321067603,4.0,-11.0,-71.51876792372924,-415.38129738073616,-62.321886677928426,-0.37165290554738795,-0.2990084641912417,-0.09923550502478017,-4.287,15.91,-0.5570271951014384,-0.7560639006502407,-0.34363946521167704,0.28769731180198016,66.67081059682015,False
720575940629387051,757932.2878787878,353476.5681818182,217085.9090909091,right,-0.2219014849833787,0.8941354670036281,126531.53386793548,-16.0,-2.0,-0.2219014849833774,0.8941354670036283,False,-16.0,-2.0,0.2219014849833774,0.8941354670036283,0.2219014849833774,0.0,32369.40170849542,240371.2930643069,-53246.85483543018,-16.0,-2.0,233.36008588414265,-238.36112990310056,-168.1255557989663,0.40248381040190784,0.06495156235546015,-0.2645548777332715,-11.023,-14.849,0.93146793405645,-0.13863558059656966,-0.3363742909576489,0.35979694023964576,1.7947093473803637,True
720575940629418110,742803.5025906736,201564.13471502592,164622.00345423145,right,0.0567907745426605,2.242985868020768,128157.2059232297,15.0,7.0,0.0567907745426591,2.2429858680207686,False,15.0,7.0,-0.0567907745426591,2.2429858680207686,-0.0567907745426591,0.0,107846.35464805398,213735.34685854163,86940.46600862441,15.0,7.0,-14.983097311498266,-354.5633234703237,158.8555866899441,-0.1726228988719266,-0.22241514659707867,0.3974076231570738,13.472,8.485,-0.11450871294338981,-0.6505348608956572,0.7507943456230317,0.3165936218048066,35.63711373720978,False
720575940629426450,738744.132231405,301971.20360631106,142771.81066867016,right,0.3029899981165574,1.4572781223337357,130284.47017632716,2.0,-7.0,0.3029899981165579,1.4572781223337363,False,2.0,-7.0,-0.3029899981165579,1.4572781223337363,-0.3029899981165579,0.0,113513.93982521357,216948.4185347733,-15690.150984952237,2.0,-7.0,7.70694615629617,-438.11664976171016,-49.433500188995964,-0.112757197114698,-0.4677648199120762,-0.03693906281544429,-3.062,9.546,0.016734888023095525,-0.9966234104615975,-0.08038483216844186,0.252576557089613,88.4667324119747,False
720575940629485041,716611.1740306583,362256.2993688007,172260.16230838594,right,0.3965356975367495,0.9146517386804196,130295.27744998618,-13.0,-11.0,0.3965356975367503,0.91465173868042,False,-13.0,-11.0,-0.3965356975367503,0.91465173868042,-0.3965356975367503,0.0,74491.61000149364,199516.23248581597,-71967.14590223109,-13.0,-11.0,122.62555320383268,-338.17325958591084,-224.733994299523,0.21367277837150891,-0.14588751515895246,-0.419688522869111,-14.697,-2.121,0.36206571744493343,-0.6968978479422978,-0.6190652677904647,0.4732243093966135,13.7261134828772,False
720575940629488400,294087.5620915033,223235.2810457516,186978.30065359475,left,-0.1258903294231485,1.9742441034881,117392.7175681993,10.0,0.0,-0.1207890229968992,1.961213072730854,True,10.0,0.0,0.1207890229968992,1.961213072730854,0.1207890229968992,0.0,74201.69161780273,-232003.57533644338,36937.58853299459,10.0,0.0,-17.94790987952285,413.7435171542509,88.52629461623174,-0.16017995761419804,0.3962658884308803,0.2268907048108533,6.124,10.607,-0.02439986810341235,0.8892709400682637,0.4567295059295413,0.31613831502779777,62.47638490855291,False
720575940629500265,730428.3198680957,282856.3099752679,132613.98186314918,right,0.3827617399432421,1.615939210956018,131127.3300323389,7.0,-7.0,0.3827617399432426,1.615939210956019,False,7.0,-7.0,-0.3827617399432426,1.615939210956019,-0.3827617399432426,0.0,126405.84887557165,207178.885022973,925.1514748057634,7.0,-7.0,-62.428847339863516,-428.82642990439103,-7.822840777923285,-0.3246470601546332,-0.35920195360937257,0.023660912295135384,0.0,14.849,-0.3370017385069467,-0.9347357457600655,0.1126894575444827,0.3927951176359552,74.58835697402452,False
720575940629500777,729203.130699088,321940.79027355625,147640.547112462,right,0.3643368712256561,1.2931443766780166,128732.6095212696,-2.0,-9.0,0.3643368712256568,1.2931443766780173,False,-2.0,-9.0,-0.3643368712256568,1.2931443766780173,-0.3643368712256568,0.0,105384.79062536095,208938.39462675308,-35267.59072407236,-2.0,-9.0,30.8493640288023,-426.7758670991124,-102.5309676853695,-0.03827045282410002,-0.4512064656829924,-0.1667837042848803,-6.736,7.425,0.07763733138116097,-0.955303223888806,-0.285251109031439,0.1695759435468636,71.18919409538653,False
720575940629504105,735540.4840579712,326292.4869565217,155675.4492753623,right,0.2904908450985288,1.243249909765379,127628.6640081515,-4.0,-8.0,0.2904908450985295,1.2432499097653795,False,-4.0,-8.0,-0.2904908450985295,1.2432499097653795,-0.2904908450985295,0.0,96880.75323365572,215632.1466254547,-37823.759068219035,-4.0,-8.0,71.71932601215114,-416.7368169322652,-114.56497097848958,0.07970640484596285,-0.4350253822413216,-0.18709180955157528,-7.348,4.243,0.22553718696949668,-0.9266914426295952,-0.3006259261124463,0.10912228231637791,58.93746345101704,False
720575940629519515,325558.3497757848,239393.3004484305,165741.21076233184,left,-0.4937019683286872,1.883130992879566,115411.14974580715,11.0,-6.0,-0.4764820144384533,1.87405127787548,True,10.0,-6.0,0.4764820144384533,1.87405127787548,0.4764820144384533,157.0,93193.76171942524,-199567.2209969346,19917.29928889126,10.0,-6.0,-90.15589081509559,411.26177377205136,30.14052647335284,-0.3846286382762202,0.2789071290192124,0.056260475475430116,2.449,16.971,-0.5802431131657573,0.7979099545063265,0.1632716574406662,0.3148734111071635,58.708933487442806,False
720575940629523697,312410.4776978417,287525.4158273381,174951.3381294964,left,-0.4014599387593837,1.4572158333214709,118900.63912072474,1.0,-8.0,-0.3884708838415383,1.4608550760303238,True,1.0,-8.0,0.3884708838415383,1.4608550760303238,0.3884708838415383,0.0,76272.13199673616,-209068.66502381727,-26963.12867500478,1.0,-8.0,5.677655466284229,437.70996449647964,-54.976960059460154,-0.1180929982854695,0.4638755255101677,-0.05374027322119537,-4.287,9.546,-0.023140590337412302,0.9902409870012047,-0.13743107633179708,0.2256577062641839,82.53419382245673,False
720575940629545803,704145.9755826859,349441.79800221976,155136.33740288566,right,0.553647878417761,1.0540413362278651,128936.07934132474,-9.0,-13.0,0.5536478784177618,1.0540413362278658,False,-9.0,-13.0,-0.5536478784177618,1.0540413362278658,-0.5536478784177618,0.0,93192.37742332568,186027.5331609342,-62958.578570343656,-9.0,-13.0,56.910763510020615,-379.09856664523267,-194.84414155258813,0.011628046573296542,-0.2731602417921404,-0.40137457267418464,-13.472,4.243,0.07801027851219086,-0.8206491971654295,-0.5660824071088825,0.3728102204731709,39.83287568994237,False
720575940629588891,779864.1752988048,324634.50730411685,215871.55378486056,right,-0.3433116469145478,1.161436700355772,127308.5424971299,-11.0,2.0,-0.3433116469145468,1.1614367003557715,False,-11.0,2.0,0.3433116469145468,1.1614367003557715,0.3433116469145468,0.0,38514.66201787907,260107.88385846696,-23463.47725933171,-11.0,2.0,244.01128150111916,-267.05610601045294,-94.51886366011045,0.4725060341619895,-0.01929078472519459,-0.10819165930184317,-5.511,-13.789,0.945761113183327,-0.31482439369090265,-0.08013437419353672,0.31251256105264813,3.0397066162958493,True
720575940629591543,323170.3147540984,277680.12459016393,164881.73770491796,left,-0.5103738492587546,1.558185693081242,119909.42684136586,4.0,-9.0,-0.494214116770726,1.558811579166064,True,4.0,-9.0,0.494214116770726,1.558811579166064,0.494214116770726,0.0,87962.00202315833,-199130.69578555677,-18092.70523993763,4.0,-9.0,-49.642417089603605,431.87015923227295,-35.86891056471634,-0.2760104575048919,0.39782382686144524,-0.040468248969184044,-3.062,13.789,-0.2802408264984119,0.9439094510592942,-0.17464257030984445,0.3283464286766654,77.5930594426173,False
720575940629624169,316396.6462745097,328122.4188235294,208090.7294117647,left,-0.320999464034078,1.0107207042272557,114461.54075316738,-11.0,-8.0,-0.3090950166239727,1.028363749684947,True,-11.0,-8.0,0.3090950166239727,1.028363749684947,0.3090950166239727,0.0,37224.073005559476,-201881.40207692684,-61398.83379494532,-11.0,-8.0,144.52613421670247,360.68021963624903,-172.24792080307682,0.30813710821524387,0.2295707187930672,-0.3063030473510818,-11.635,-3.182,0.4785710808838429,0.783131802695041,-0.397082233484811,0.4190689758095188,18.002503277787316,False
720575940629635884,291974.6865671642,315555.36770692,227046.78426051565,left,0.0121403883623263,1.0767849517863817,112043.99134696167,-10.0,-3.0,0.0108317408455608,1.0930051314083171,True,-10.0,-3.0,-0.0108317408455608,1.0930051314083171,-0.0108317408455608,0.0,20046.012349112883,-227038.4479899053,-47770.474460114536,-10.0,-3.0,196.453803023851,339.45939743739217,-122.57168510913293,0.42307349991230503,0.18000537938306785,-0.16572401921017793,-7.961,-7.425,0.7291816638380331,0.6476743398222645,-0.22093449404335125,0.3341633939806638,16.384028342483138,False
720575940629645927,295537.0391566265,266604.7680722892,182313.8253012048,left,-0.2250889424796784,1.613894592490034,117993.21382624024,4.0,-5.0,-0.2175213896134973,1.612468846999616,True,4.0,-5.0,0.2175213896134973,1.612468846999616,0.2175213896134973,0.0,71995.02390922366,-227390.25511810536,-6405.445661756608,4.0,-5.0,5.075730943609748,438.5747096287844,-1.9859830811137125,-0.08411966623960206,0.47190548814265393,0.036671071229667056,-0.612,9.546,0.03987121138435126,0.9937033116162461,0.10470919246011898,0.21748710657095763,84.14469663189246,False
720575940629671696,277388.34253361635,267776.2887473461,204281.95329087053,left,0.0122141272373387,1.559695878647137,116748.78602887737,1.0,-1.0,0.0119146981237791,1.559708383310306,True,1.0,-1.0,-0.0119146981237791,1.559708383310306,-0.0119146981237791,0.0,49790.827331226756,-245258.22162941683,-5377.961232287312,1.0,-1.0,101.09815878931191,413.1534121435928,4.306177991192906,0.20379304217997582,0.4326563087248904,0.037473050709627746,0.0,2.121,0.41134331857007067,0.8884753769800663,0.2034899967268431,0.12689500733404932,56.7251351200043,False
720575940629676367,306599.296222664,208072.77932405565,182061.82902584496,left,-0.2213231245519859,2.1245104241499915,117875.95389852294,13.0,1.0,-0.2121578071196053,2.107537853784424,True,13.0,1.0,0.2121578071196053,2.107537853784424,0.2121578071196053,0.0,81673.9943115283,-220676.7641063114,51986.99657803246,13.0,1.0,-50.700429756180554,391.1877688930745,110.82093004474702,-0.24706554150809776,0.30483616231747407,0.27795897776879724,8.573,12.728,-0.3363287526278223,0.743440256318096,0.5780826545066864,0.20891289014536718,49.758129811239996,False
720575940629678124,784654.4178364988,233763.2469033856,193551.70933113128,right,-0.3201066288760314,1.9051850485413528,130317.3087396133,5.0,9.0,-0.3201066288760319,1.9051850485413528,False,5.0,9.0,0.3201066288760319,1.9051850485413528,0.3201066288760319,0.0,74966.90284065809,258036.38143779704,62824.70769982357,5.0,9.0,141.36517299815006,-330.8325696758091,107.32643824853365,0.30864339002317925,-0.2370499562808427,0.2831315163307446,8.573,-4.243,0.5756142527409749,-0.6127349324985536,0.5415017401056454,0.1448695360050793,23.703278796342122,False
720575940629703724,744622.6026936027,357686.1784511784,193398.0471380472,right,0.0504757845357547,0.913049605884522,129136.7360776459,-14.0,-6.0,0.0504757845357554,0.9130496058845224,False,-14.0,-6.0,-0.0504757845357554,0.9130496058845224,-0.0504757845357554,0.0,54851.34506819193,227252.77563886362,-62104.05899793099,-14.0,-6.0,191.79649856067738,-303.02729404741973,-193.78301314693397,0.3640822009014713,-0.06802670841554347,-0.31874729106335137,-12.247,-8.485,0.6813600006529376,-0.5712914781793815,-0.45757468949871605,0.4828696800508148,1.907753999114382,True
720575940629714999,717549.8466960352,347625.1700440529,159467.45374449342,right,0.4274737527508297,1.0623139558802142,128840.66017155597,-9.0,-11.0,0.4274737527508305,1.0623139558802146,False,-9.0,-11.0,-0.4274737527508305,1.0623139558802146,-0.4274737527508305,0.0,89446.19908289096,199289.12618372007,-59520.73548697438,-9.0,-11.0,86.77536557986176,-380.96579773995603,-183.1570238063967,0.11189509161307194,-0.31272702375006617,-0.35398255258953315,-12.247,2.121,0.23671023039365538,-0.8332509173795252,-0.4996610606332679,0.29854158282945004,37.93220423131655,False
720575940629721130,311941.9309352518,315501.41007194243,196219.9424460432,left,-0.3319855404824285,1.1653692129078863,115916.33416591537,-7.0,-8.0,-0.3204716753453552,1.178231078522681,True,-7.0,-8.0,0.3204716753453552,1.178231078522681,0.3204716753453552,0.0,50853.46144173985,-207332.78044070516,-51172.77988164914,-7.0,-8.0,103.1404172656949,400.2659407618162,-132.01956882738475,0.1958261642256131,0.37599270759043096,-0.22506091453983235,-9.186,1.061,0.333594605584281,0.875218305343725,-0.3502963846749296,0.1676496204317113,41.56337654214819,False
720575940629763663,787586.5185185185,237721.18196457328,196328.6634460548,right,-0.3438717499733498,1.868426615797293,130815.07089783036,4.0,9.0,-0.3438717499733502,1.8684266157972929,False,4.0,9.0,0.3438717499733502,1.8684266157972929,0.3438717499733502,0.0,71654.36311279613,261270.59962470335,59578.039902636694,4.0,9.0,154.48639714825802,-326.6055194425404,99.72064381163835,0.3349129447591252,-0.22863786523468388,0.2576476894264118,7.961,-5.303,0.6044609059915504,-0.5911338162297304,0.5340297973311505,0.14800933414412493,22.4816160764363,False
720575940629786779,254003.83955739965,256055.31396957123,256466.05809128628,left,0.5134181654484844,1.5508369586833488,118528.45186344117,-3.0,9.0,0.4974724672329229,1.5502380823777548,True,-3.0,9.0,-0.4974724672329229,1.5502380823777548,-0.4974724672329229,0.0,-308.6218812187825,-269099.6760231793,12761.147456025654,-3.0,9.0,226.22984212061598,267.8074541955924,43.378926376559065,0.47485768633265946,0.017501197015682767,0.1037199591702774,3.674,-12.728,0.8819266022657517,0.35653433929596456,0.3083646106782955,0.3492074600446622,1.2699674045708182,True
720575940629800347,324359.38568935427,219883.53228621293,168551.48342059337,left,-0.4534203467143792,2.048894655481422,116801.30154883844,13.0,-3.0,-0.4364893093749277,2.0351237734669057,True,13.0,-3.0,0.4364893093749277,2.0351237734669057,0.4364893093749277,13.0,93473.55918738592,-202183.25551380138,39488.81629246778,13.0,-3.0,-91.73595666549033,390.86468727791265,71.4096402870172,-0.39447814387990116,0.2318857630226329,0.1479624584013723,6.124,16.971,-0.6321765980506028,0.6447611139731423,0.4296927446272272,0.27784353350730084,51.13950878548679,False
720575940629822763,306719.5630769231,272003.55384615384,173571.23076923075,left,-0.3501289861192408,1.5869762894751125,119105.1827479073,4.0,-7.0,-0.3386985382358777,1.5865871632291355,True,4.0,-7.0,0.3386985382358777,1.5865871632291355,0.3386985382358777,0.0,79978.75621889887,-215897.77682836293,-12305.585437883803,4.0,-7.0,-21.35354056908831,438.74779228968305,-19.215210263751374,-0.1848549216456572,0.45116326457157013,0.003663379557011438,-1.837,11.667,-0.10753952563628537,0.9941893508781741,-0.004773366354865028,0.28138290857977455,86.75858024956001,False
720575940629829175,271841.04011065006,273045.36652835406,219785.11756569849,left,0.1389531567280561,1.4822919374634067,114405.1119589189,-2.0,1.0,0.1342044040591514,1.4846803978709668,True,-2.0,1.0,-0.1342044040591514,1.4846803978709668,-0.1342044040591514,0.0,33552.563726220156,-250299.7171527663,-8506.213995224916,-2.0,1.0,158.95051814305543,378.3988685076071,-5.392924844757769,0.36664336640238404,0.3140375140636399,0.014827839768658061,-0.612,-3.182,0.592082581254282,0.7821981893069493,0.1939180487221256,0.2690752303930695,34.39046961027339,False
720575940629829275,752434.1505376344,322760.0030721966,166382.76497695854,right,0.1238075121341642,1.2571629250343608,128322.58452625237,-5.0,-5.0,0.1238075121341648,1.2571629250343612,False,-5.0,-5.0,-0.1238075121341648,1.2571629250343612,-0.1238075121341648,0.0,87173.17526974912,232289.35567028399,-31434.601380049484,-5.0,-5.0,125.75530945573011,-399.7691797003456,-99.09346804997116,0.2466915889618299,-0.3918429918637172,-0.13699104351908703,-6.124,0.0,0.48389084405809196,-0.8517082864818416,-0.2011035697716795,0.09579094446619851,48.01433946089497,False
720575940629855964,733571.9937057436,312037.94177812745,143352.91896144766,right,0.3428189941874084,1.379698562485307,130338.73327016136,0.0,-8.0,0.342818994187409,1.379698562485308,False,0.0,-8.0,-0.342818994187409,1.379698562485308,-0.342818994187409,0.0,111258.91245406221,212536.72342814977,-25882.291046687227,0.0,-8.0,20.961999720599565,-434.2342084781882,-74.66928376346098,-0.07236958775916673,-0.4657339064384354,-0.09592853835115914,-4.899,8.485,0.05439075805081052,-0.9806203660380742,-0.18821621383401466,0.20589263001046534,80.12999098908877,False
720575940629856025,307150.41887905606,313533.03834808257,199609.4100294985,left,-0.2747749122017759,1.173247378234706,115239.2564412871,-7.0,-7.0,-0.2652749193095762,1.1860620834038846,True,-7.0,-7.0,0.2652749193095762,1.1860620834038846,0.2652749193095762,0.0,47730.24811439066,-212234.01080755354,-49040.868783548074,-7.0,-7.0,117.47114492497289,397.56061458206926,-124.33340022553115,0.23950056291823668,0.37239328607403877,-0.19317111205565612,-8.573,0.0,0.4013926912401069,0.8545398026969564,-0.3296143701747103,0.1445065017535349,40.3101105339377,False
720575940629857783,303129.88120740023,183227.6962025317,204121.44109055505,left,0.022833967744099,2.336194656635875,116694.30399528342,15.0,8.0,0.0229035253912057,2.312949125640503,True,15.0,8.0,-0.0229035253912057,2.312949125640503,-0.0229035253912057,0.0,63748.458329151996,-225823.86951892782,79702.04566557733,15.0,8.0,-2.508166890196368,339.40904722650646,172.68284766016015,-0.11842207580210852,0.1980612323325036,0.4266939615430654,14.085,7.425,-0.033556057536171545,0.5773751107238344,0.815789171611924,0.27838471057099745,29.472452142678303,False
720575940629866434,790588.7481662591,260867.7897310513,190820.8312958436,right,-0.2834109393736398,1.6965949268986962,132712.88948827583,1.0,6.0,-0.2834109393736405,1.696594926898696,False,1.0,6.0,0.2834109393736405,1.696594926898696,0.2834109393736405,0.0,73497.2565278491,265935.4219337066,36126.85175290676,1.0,6.0,169.40695695976086,-345.04850553962825,52.62624187303677,0.3802863240342904,-0.2582460281132949,0.13996537847418572,4.287,-5.303,0.6422212904114941,-0.6766468588901653,0.3601400317880091,0.21577655366713697,25.463815792170337,False
720575940629875728,324621.83555207524,325058.0328895849,195357.36883320287,left,-0.4515616502560727,1.0808987260025589,116449.12414891324,-9.0,-10.0,-0.4354387738402251,1.0957029414657486,True,-9.0,-10.0,0.4354387738402251,1.0957029414657486,0.4354387738402251,0.0,50428.68225410268,-193988.5533809531,-59810.153372909284,-9.0,-10.0,96.19841378293478,387.04242300879656,-167.7476985094805,0.17913578163137003,0.3208758468597537,-0.31831906407151517,-11.635,1.061,0.3030461133769553,0.8476817875210253,-0.435429259779681,0.297062116226726,31.27148397707882,False
720575940629959900,280409.83889340924,217282.54190398697,202813.7998372661,left,0.0748290472563144,1.9889247273626016,118432.35423845754,9.0,4.0,0.0728647042971691,1.9753150426749708,True,9.0,4.0,-0.0728647042971691,1.9753150426749708,-0.0728647042971691,0.0,59256.966568894786,-245978.59855936823,44328.946236480915,9.0,4.0,43.84312201362022,389.1394191496305,112.85450369183474,0.02088082440489031,0.3842536596830079,0.29550597024968617,7.961,5.303,0.24932217299397147,0.8005163767520116,0.5449880591401941,0.21659671212060155,50.70728622115071,False
720575940629975195,293292.4259927798,179308.76534296028,225821.2635379061,left,0.312255134307891,2.3360828925201087,114727.00837878046,13.0,12.0,0.2993681652019181,2.313241403169452,True,13.0,12.0,-0.2993681652019181,2.313241403169452,-0.2993681652019181,0.0,42762.855738016835,-235780.59510570692,86296.28086799811,13.0,12.0,58.0929186280921,302.3479822838167,185.40571492051876,0.04825194341959553,0.11658156339726117,0.4711505464022114,15.309,1.061,0.2972942808406334,0.4818820070202043,0.8242607851218148,0.34583109817012764,17.06753933928414,False
720575940630000399,780498.872870249,295925.0825688073,181171.19266055047,right,-0.1391021083841604,1.449017890962662,131612.0533175315,-3.0,1.0,-0.1391021083841601,1.4490178909626623,False,-3.0,1.0,0.1391021083841601,1.4490178909626623,0.1391021083841601,0.0,77313.4868084794,258395.24518755646,-649.7306260333917,-3.0,1.0,170.27873851931855,-370.9234923508317,-25.51414578319439,0.3823490006874441,-0.3011876862229304,-0.0015469940766802285,-1.225,-4.243,0.6377360480242283,-0.7568070609439095,0.1433031945068955,0.25035517672429974,29.132291096846377,False
720575940630002908,280687.74077766703,314484.29910269193,246102.5324027917,left,0.2340336633191007,1.05145430786404,114110.06349429344,-11.0,0.0,0.2240302480034781,1.0673070649260137,True,-11.0,0.0,-0.2240302480034781,1.0673070649260137,-0.2240302480034781,0.0,1195.5828754607155,-238248.04863510057,-44503.97289024312,-11.0,0.0,231.98298590544653,292.8577542966001,-105.53508372367897,0.46434123710556413,0.0668010174384079,-0.12933054322174442,-6.736,-11.667,0.8884765837547969,0.42604847451514594,-0.17056393957317792,0.312356588595345,6.538666465673793,False
720575940630011961,729209.5953757225,328638.612716763,152682.0520231214,right,0.3499054335948084,1.2295810714099067,127921.67208504592,-4.0,-9.0,0.349905433594809,1.2295810714099074,False,-4.0,-9.0,-0.349905433594809,1.2295810714099074,-0.349905433594809,0.0,99351.22127018515,209471.97154210717,-41063.1903952587,-4.0,-9.0,55.92933834704669,-417.1344359666857,-122.09864516383966,0.03671046557141062,-0.4362205900399608,-0.1976606419193981,-7.961,5.303,0.16088577367069673,-0.927633679941352,-0.3370630855920695,0.11431961308852447,61.94351397723074,False
720575940630012923,779115.6571428571,286707.4142857143,175436.4571428571,right,-0.1084867728861006,1.526313879375692,131816.55963878683,-1.0,1.0,-0.1084867728861002,1.526313879375692,False,-1.0,1.0,0.1084867728861002,1.526313879375692,0.1084867728861002,0.0,84403.79960094302,256298.2970341133,7418.488429640251,-1.0,1.0,146.92484393179956,-385.8744624542247,-6.4855281394215805,0.3267417451915008,-0.35868502823509796,0.007429014262806735,0.0,-2.121,0.5834522691497309,-0.7958976693940251,0.16164884619813769,0.18111603828558645,38.28247106951122,False
720575940630019995,271912.53776853776,290797.738045738,231347.5537075537,left,0.1939076939824585,1.3051446606633457,114690.81746816575,-6.0,1.0,0.1868036768162053,1.313220214253127,True,-6.0,1.0,-0.1868036768162053,1.313220214253127,-0.1868036768162053,0.0,19338.862828502424,-248843.1144156115,-24148.808127820692,-6.0,1.0,202.26317259623792,345.31459039261625,-45.9110361384031,0.44089352881300065,0.20479073763597577,-0.03343552988002419,-3.062,-7.425,0.7384287184724433,0.6710478312312943,0.06646680325486844,0.3313870267384785,20.019643960046874,False
720575940630033980,297612.2623539982,184588.29829290204,211522.5516621744,left,0.1263635006509259,2.3112706715706297,115263.73894451192,14.0,9.0,0.1218350817801801,2.288418325850181,True,14.0,9.0,-0.1218350817801801,2.288418325850181,-0.1218350817801801,0.0,56126.35802340919,-231177.3114185495,79139.87103999914,14.0,9.0,21.784078915632627,333.5754639675357,176.05996373446632,-0.05893113177095208,0.1912177475647693,0.44339936278662007,14.085,5.303,0.11890591024489258,0.5613173155015941,0.8190141975734715,0.3085958174633747,27.89568156795287,False
720575940630034243,728089.2160493827,249209.700617284,132514.32098765433,right,0.3770658611598004,1.8744801566610605,130388.19237297206,11.0,-4.0,0.3770658611598004,1.8744801566610607,False,11.0,-4.0,-0.3770658611598004,1.8744801566610607,-0.3770658611598004,0.0,131767.0219321798,202364.10378246987,33874.375522069626,11.0,-4.0,-79.19977584064861,-410.81522013881164,44.657556265706134,-0.37277345013765034,-0.30054053714308576,0.09159772455258834,4.287,15.91,-0.5003230075225583,-0.796548623378957,0.3393923669393148,0.355770201472407,64.39142546509296,False
720575940630036162,261111.4660033168,255599.22056384743,232834.29519071308,left,0.3102857539664833,1.6025820940433677,116936.22625463198,-1.0,5.0,0.3003475787144085,1.6007579749037832,True,-1.0,5.0,-0.3003475787144085,1.6007579749037832,-0.3003475787144085,0.0,23224.659768659578,-262200.6535688587,9972.825982337228,-1.0,5.0,183.13973089192342,341.5273672370783,35.713285309379145,0.41300042397093945,0.23045889309862141,0.10062170277185416,2.449,-6.364,0.7210933425736752,0.606596145377143,0.3347618671675681,0.2255065212530252,21.57232022804523,False
720575940630050920,735110.5833333333,340155.1611111111,165844.69444444447,right,0.2592303221261429,1.1115179742529744,127629.77693377728,-8.0,-8.0,0.2592303221261436,1.1115179742529748,False,-8.0,-8.0,-0.2592303221261436,1.1115179742529748,-0.2592303221261436,0.0,84646.78495206407,216292.69668510553,-49892.96742510689,-8.0,-8.0,116.72692478845585,-384.66385645448366,-153.1967839038342,0.21867775663990563,-0.3403634973714752,-0.2671936133378234,-9.798,0.0,0.3926372601719873,-0.8355499110562631,-0.38430759562947264,0.2219542110085771,36.947377039584985,False
720575940630055272,789780.70342772,280205.001490313,191259.7615499255,right,-0.2590465123905615,1.5524478710889666,132334.8109235257,-2.0,4.0,-0.2590465123905612,1.5524478710889664,False,-2.0,4.0,0.2590465123905612,1.5524478710889664,0.2590465123905612,0.0,70000.17828717004,266558.6049495877,17096.469691654194,-2.0,4.0,185.74253259838736,-345.9007177261572,9.56097037708045,0.411483919635533,-0.25031472322205106,0.049249295495915835,1.225,-6.364,0.7338089917161096,-0.6370669241774195,0.23594511606665877,0.21466975113340642,21.647077526253796,False
720575940630130391,316823.4398340249,198489.29460580912,179568.71369294607,left,-0.3052058242502873,2.223258478674595,118401.14427858611,15.0,2.0,-0.2921444818698571,2.20422015799964,True,15.0,2.0,0.2921444818698571,2.20422015799964,0.2921444818698571,1.0,85832.4059827259,-211203.86915214662,61762.66993355838,15.0,2.0,-66.13802483172216,370.21945394698776,122.67885357571431,-0.2791952590186108,0.23691097778725237,0.29493325518541724,10.41,13.789,-0.4624557004021926,0.5880930116220765,0.6635369883034358,0.16036175346276446,41.29149346129312,False
720575940630142265,716300.5580524345,358255.4606741573,168308.7265917603,right,0.4121808363261041,0.9558481467523596,129690.43675815022,-12.0,-11.0,0.4121808363261049,0.9558481467523602,False,-12.0,-11.0,-0.4121808363261049,0.9558481467523602,-0.4121808363261049,0.0,79018.14947639128,198885.41291723345,-68676.31867747504,-12.0,-11.0,114.88847176615813,-350.1491002473281,-213.6627483435555,0.19260397006020216,-0.1819563818462219,-0.41203173532904913,-14.085,-1.061,0.306138555671405,-0.7659503022563451,-0.5653311588837465,0.49415963938945845,18.58200272205091,False
720575940630146668,756552.4810289389,279451.1742765273,150673.0546623794,right,0.137726594454171,1.615974779262842,130433.49787330112,4.0,-3.0,0.1377265944541713,1.6159747792628427,False,4.0,-3.0,-0.1377265944541713,1.6159747792628427,-0.1377265944541713,0.0,109587.37836438413,233099.00559041963,9017.323944902302,4.0,-3.0,33.81683461562089,-432.8603576591083,4.998857887813767,-0.019918008255106274,-0.4814402401048285,0.03482024606577089,0.612,7.425,0.18509229886916875,-0.9699744752712064,0.15776678427880292,0.24406031882938656,80.21737675233516,False
720575940630171207,741829.3518367347,222877.1232653061,146874.8081632653,right,0.1952654889290266,2.0639742743950538,131338.17195216077,13.0,2.0,0.1952654889290261,2.063974274395055,False,13.0,2.0,-0.1952654889290261,2.063974274395055,-0.1952654889290261,0.0,121990.31383141021,214218.95974289905,63068.51743861653,13.0,2.0,-38.08752277379029,-392.7354765675892,111.33683373292259,-0.2459429513916877,-0.3010887119127231,0.2885818678667854,9.186,11.667,-0.23962239363523366,-0.7720994776427271,0.5885945167025847,0.30885371677069334,51.18772241011011,False
720575940630193255,772380.0739161336,307365.59772565746,176372.42359630417,right,-0.0594952695013167,1.3679221708621918,130685.59256657274,-4.0,-1.0,-0.0594952695013163,1.367922170862192,False,-4.0,-1.0,0.0594952695013163,1.367922170862192,0.0594952695013163,0.0,80099.97540214738,251110.90385788452,-13259.342862483103,-4.0,-1.0,161.00541253936507,-381.2577552125417,-52.41338535687457,0.3537972435540952,-0.3285528673760771,-0.04783675822155244,-3.062,-3.182,0.6070260155442264,-0.7943277085588113,-0.02372567950994722,0.1853534927458095,34.86354360474498,False
720575940630201206,746280.7862759114,317795.7083631165,158385.44674767688,right,0.1984145641663865,1.3080033618809734,127875.99762078232,-3.0,-6.0,0.1984145641663871,1.308003361880974,False,-3.0,-6.0,-0.1984145641663871,1.308003361880974,-0.1984145641663871,0.0,95740.04129517628,225734.1557698456,-28256.020985576688,-3.0,-6.0,90.07407561286801,-418.7994169863382,-88.11439988873613,0.1366372804155285,-0.4454172356306389,-0.11545166830843634,-5.511,3.182,0.3206793998405511,-0.9265602967761016,-0.1965979118812982,0.056830392468478146,60.37450383071616,False
720575940630201851,754935.2104857364,227684.01233616035,155110.5628373169,right,0.0707130387679044,2.0103767565816155,131401.02800652507,11.0,3.0,0.0707130387679038,2.010376756581616,False,11.0,3.0,-0.0707130387679038,2.010376756581616,-0.0707130387679038,0.0,113339.20410312075,227697.52962138943,60581.78805687449,11.0,3.0,2.6558999238382643,-396.98092641887143,111.09529764105588,-0.12603603937735294,-0.37171954943703134,0.2880922052122108,8.573,8.485,0.05598902711129636,-0.8438483541953394,0.5336526810247912,0.3316122000720449,55.25475324884447,False
720575940630263234,278135.36278447125,280568.90227576974,211753.3868808568,left,0.0381213181962304,1.4352794826871136,114741.34265324828,-2.0,-1.0,0.0367169653612334,1.4394359406718802,True,-2.0,-1.0,-0.0367169653612334,1.4394359406718802,-0.0367169653612334,0.0,40410.584298629605,-243520.64534425418,-16736.79873156615,-2.0,-1.0,138.03382520881013,398.0920863311083,-21.000272936906207,0.30385311770030177,0.379710625873349,0.014365874035052496,-1.837,-1.061,0.5500074300657779,0.8235115307616654,0.13899850925465826,0.13936888781980342,45.09466973878376,False
720575940630271336,725318.4828862164,255893.5652173913,127860.35152636452,right,0.4169761154224995,1.824439875259872,132679.4995678787,11.0,-5.0,0.4169761154224998,1.824439875259873,False,11.0,-5.0,-0.4169761154224998,1.824439875259873,-0.4169761154224998,82.0,135257.75223559942,200063.29692436854,26355.63029755527,11.0,-5.0,-90.93518416486623,-407.3170071744382,34.588091058149445,-0.4100971027677225,-0.24795410515116192,0.06656836602846351,3.674,16.971,-0.5753884454110877,-0.7644996464001099,0.29063452572177084,0.404038989939063,57.28768564085794,False
720575940630275840,255874.82969432315,211998.2707423581,260204.8908296944,left,0.6328378376154525,1.900242338066945,122177.24010327768,4.0,15.0,0.6137660174702221,1.890730959521281,True,4.0,15.0,-0.6137660174702221,1.890730959521281,-0.6137660174702221,178.0,2980.710593490784,-270458.44008014177,56872.78519904211,4.0,15.0,184.4255089816944,236.37011337806823,132.26833801941913,0.37421973092178057,-0.029187297019865648,0.3062799296166655,11.635,-11.667,0.7124800036626705,0.20730518518340757,0.6703706471623845,0.277725357107441,2.132849077220402,True
720575940630276412,248658.63247863247,233704.38461538465,262943.4188034188,left,0.6130908285067905,1.7146064904274931,124160.65215952556,0.0,13.0,0.5953745285949019,1.709696157976238,True,0.0,13.0,-0.5953745285949019,1.709696157976238,-0.5953745285949019,0.0,-3276.793651318717,-276035.985155304,35414.38244515259,0.0,13.0,213.9506304892112,235.53903615149363,92.07379142345042,0.4421464741789737,-0.021721358545676302,0.19679253250024864,7.961,-13.789,0.8294959786859382,0.21667979706086238,0.5147681875266975,0.2961970104697852,1.5025924427858095,True
720575940630282496,263356.2118780096,196647.58908507225,246597.1749598716,left,0.5439471192525311,2.0587377054634386,123037.32135292293,7.0,14.0,0.526547172895236,2.0451029217990886,True,7.0,14.0,-0.526547172895236,2.0451029217990886,-0.526547172895236,0.0,18972.335995743586,-264219.2247151044,70368.13797465512,7.0,14.0,146.66127348124417,267.1249243421144,153.26678821489273,0.2900370763182762,0.03844591784199564,0.3875547164023682,12.86,-7.425,0.6120630830827257,0.36551113978271244,0.7012705533686774,0.30379777205196684,2.659960707682779,True
720575940630294902,761677.5299663299,300507.85723905725,161108.1212121212,right,0.0756407754563845,1.4418473207328797,130210.31165088242,-1.0,-3.0,0.075640775456385,1.44184732073288,False,-1.0,-3.0,-0.075640775456385,1.44184732073288,-0.075640775456385,0.0,96057.5838167688,239831.56516451563,-9695.183609491864,-1.0,-3.0,103.46951716487696,-417.86228569422616,-40.95906191912087,0.1944599986685385,-0.44298039393023503,-0.02845078023608603,-2.449,2.121,0.4275416831656143,-0.9039233095772733,-0.011435014594770162,0.055037619777009966,57.31470552314088,False
720575940630299276,762586.9103260869,338410.535326087,189000.625,right,-0.0528035974885432,1.0997508382767331,130422.51398815528,-10.0,-3.0,-0.0528035974885423,1.0997508382767334,False,-10.0,-3.0,0.0528035974885423,1.0997508382767334,0.0528035974885423,0.0,62558.816635651,243717.26301080608,-42530.6171524976,-10.0,-3.0,197.20208009359652,-334.6643964187864,-132.70737994394926,0.41571675231170624,-0.18037038768530347,-0.1816874798427805,-7.961,-7.425,0.7323360385880665,-0.6443366389519293,-0.2202594431330229,0.33750354124583687,16.722740143691574,False
720575940630307468,325527.2715551975,338939.9033037873,214541.5310233683,left,-0.3820267012212288,0.8844086673277006,114954.3942184124,-14.0,-9.0,-0.3667397826217693,0.905153627526949,True,-14.0,-9.0,0.3667397826217693,0.905153627526949,0.3667397826217693,0.0,29315.315003756223,-191935.61340853575,-70372.7941560032,-14.0,-9.0,156.7209741652019,329.56373507771707,-208.08823848162697,0.303853668891263,0.1092350906863667,-0.37189782843403607,-14.085,-5.303,0.5366586856566607,0.6744662907315195,-0.5070430729002526,0.5285236972414857,3.177743610876948,True
720575940630317182,322473.7684210526,225838.48947368425,168318.26315789472,left,-0.4446363662604051,1.9959787489686016,116396.41627346864,12.0,-4.0,-0.4283751385514328,1.9835446747172567,True,12.0,-4.0,0.4283751385514328,1.9835446747172567,0.4283751385514328,27.0,92730.59702225697,-203626.05206251083,33452.442826694954,12.0,-4.0,-90.09651739572193,398.54536141011,59.22749189793903,-0.3817786324228638,0.26097427509413434,0.12896642351672263,4.899,16.971,-0.5799670497447017,0.7253966395262388,0.37072622860335475,0.3008147928900818,55.18933251135003,False
720575940630318956,299922.32558139536,192204.9748837209,199482.56744186045,left,-0.0160616779587684,2.250071834204604,116577.791586993,14.0,6.0,-0.0144187841792619,2.2289625714333057,True,14.0,6.0,0.0144187841792619,2.2289625714333057,0.0144187841792619,0.0,66854.72771103335,-228391.0608446091,69895.93973270388,14.0,6.0,-7.122704185197988,361.03462293759725,155.10496945065253,-0.13567387076701487,0.25217352999300496,0.3924935287438641,12.247,8.485,-0.04749583315793896,0.6729830234731785,0.738131421868445,0.2878209509084387,36.778262370369255,False
720575940630349111,282662.44351464434,308936.73640167364,233419.6820083682,left,0.12756300256218,1.130068904783485,113034.38970422944,-9.0,-1.0,0.1220118943831955,1.1441452134380323,True,-9.0,-1.0,-0.1220118943831955,1.1441452134380323,-0.1220118943831955,0.0,14628.268170685285,-236771.3316177006,-40910.663891776356,-9.0,-1.0,209.2490880637246,333.6458113361212,-92.65173948321412,0.44230721783859345,0.1613059591281091,-0.11717786453329868,-6.124,-8.485,0.7693615669263977,0.6190797535995923,-0.1575532862863426,0.332347267585705,16.326184849911254,False
720575940630369068,791307.9408033827,265060.9386892178,194332.7695560254,right,-0.3041534767748922,1.6610553439811395,131755.16889606052,0.0,6.0,-0.3041534767748921,1.6610553439811393,False,0.0,6.0,0.3041534767748921,1.6610553439811393,0.3041534767748921,0.0,69381.7456607303,266984.9884021188,32606.279766850246,0.0,6.0,179.95422459152684,-340.15660131501005,45.13262156503565,0.3993015648640253,-0.2446047708323466,0.11806836892434035,3.674,-6.364,0.6998586948731893,-0.6403933434298169,0.31637663140816297,0.19836125015803643,23.337456630291545,False
720575940630379884,764230.183908046,206951.5467980295,185348.99835796384,right,-0.2185617064258357,2.158584129237613,127390.63480908488,11.0,10.0,-0.2185617064258368,2.158584129237613,False,11.0,10.0,0.2185617064258368,2.158584129237613,0.2185617064258368,0.0,86922.03263618621,235636.88405503568,86460.24133003342,11.0,10.0,72.70608722547527,-334.1381609982548,159.07643573340292,0.08085693691954225,-0.2320444185973105,0.4175971451181518,12.86,1.061,0.3797170381516857,-0.6122119036129192,0.6935499664854415,0.30348688595978446,26.743436615394337,False
720575940630386060,740484.8550368551,342927.84930384933,172107.55118755123,right,0.1918704318065527,1.0793785805655656,128151.7103468146,-9.0,-7.0,0.1918704318065535,1.079378580565566,False,-9.0,-7.0,-0.1918704318065535,1.079378580565566,-0.1918704318065535,0.0,78123.7999850832,221897.90146330508,-51244.38048449847,-9.0,-7.0,141.5709108221972,-370.94866561043636,-155.958698545522,0.29484664955736184,-0.2841614885198182,-0.2660070221986171,-9.798,-2.121,0.47719836381070074,-0.8056326849918624,-0.35105227310073495,0.32326612634615115,27.959884750129653,False
720575940630407751,757966.154789272,320927.7026819923,168546.02298850575,right,0.0772597193986889,1.2720864391399898,129783.01607277528,-5.0,-4.0,0.0772597193986897,1.27208643913999,False,-5.0,-4.0,-0.0772597193986897,1.27208643913999,-0.0772597193986897,0.0,85426.78647436594,237685.2730069293,-28890.14009009963,-5.0,-4.0,139.4961454654554,-393.8494127370801,-89.82397241001777,0.2818036096581803,-0.3736091839253675,-0.11857730662717099,-5.511,-1.061,0.5210286476030068,-0.8392539906734426,-0.15550526523459934,0.127853030604863,45.63339417648795,False
720575940630416766,750157.9746031746,352783.92063492065,193307.3968253968,right,0.008406552155863,0.9592438214744194,129085.16573827468,-13.0,-5.0,0.0084065521558639,0.9592438214744196,False,-13.0,-5.0,-0.0084065521558639,0.9592438214744196,-0.0084065521558639,0.0,55814.4148958475,232410.81466458275,-56893.70188255585,-13.0,-5.0,198.16248358369364,-309.42359273087305,-176.5865664547577,0.389172326904351,-0.09021048592713223,-0.2797994588295513,-11.023,-8.485,0.7160016260535708,-0.5626470517024413,-0.41324322946564157,0.4215618353359179,4.901368788419805,False
720575940630419852,265194.486251809,271003.29956584657,230199.2185238784,left,0.2475276771766921,1.4790003105195615,115789.0467338396,-3.0,3.0,0.2392588860322082,1.4812355974977152,True,-3.0,3.0,-0.2392588860322082,1.4812355974977152,-0.2392588860322082,0.0,23471.671887727454,-257010.1221754739,-5320.8884833132,-3.0,3.0,188.5062971744355,349.6812570340941,-0.3934807702980158,0.42926762907600996,0.22876522559085263,0.02062428001224139,0.0,-6.364,0.7289984484775508,0.6683166230368432,0.14803429835667695,0.27262361865132695,21.874179085520044,False
720575940630440007,769881.1736204576,272070.3203230148,163083.49932705253,right,-0.0084573285240827,1.6537680892427011,130611.01331087312,3.0,0.0,-0.0084573285240825,1.6537680892427014,False,3.0,0.0,0.0084573285240825,1.6537680892427014,0.0084573285240825,0.0,98740.2712453867,245928.41223945245,19210.300950662226,3.0,0.0,86.86430823926418,-414.5626610374485,22.260966464131158,0.14175208178675716,-0.4536798101784603,0.06293619809849113,1.837,3.182,0.3531394320698448,-0.9079239330820731,0.22575799709903266,0.11712052130288543,62.670625544477325,False
720575940630446970,729427.4495699764,325208.1438623925,150645.7857701329,right,0.3537068633499931,1.2606014415554814,127951.34220282952,-3.0,-9.0,0.3537068633499937,1.260601441555482,False,-3.0,-9.0,-0.3537068633499937,1.260601441555482,-0.3537068633499937,0.0,101906.53895755265,209422.83495713133,-37992.37708662801,-3.0,-9.0,43.205762549940054,-422.5200079651997,-112.4565941714335,-0.01166207192304244,-0.4463770965543222,-0.1810891521593004,-7.348,6.364,0.12292871889628655,-0.9431162225561096,-0.30890179802327566,0.16267757811529257,67.7777875518184,False
720575940630505297,791007.2392829307,293989.5058456742,199637.0693686672,right,-0.3018982407771945,1.437758591879553,132188.83727379318,-5.0,4.0,-0.3018982407771939,1.4377585918795528,False,-5.0,4.0,0.3018982407771939,1.4377585918795528,0.3018982407771939,0.0,59577.8607233168,268853.4918112519,4938.960583806558,-5.0,4.0,215.42091123429768,-318.34115888484007,-18.09358197810522,0.46078100565921104,-0.15684392191928143,-0.012745782189998495,-0.612,-9.546,0.8129542508909201,-0.5277459173254113,0.246149614472059,0.3684607033054254,10.514197951888995,False
720575940630505463,744208.6153846154,184405.17443120253,181892.65438786565,right,-0.1179064685763656,2.383307419359113,128696.9276938813,16.0,11.0,-0.1179064685763682,2.3833074193591144,False,16.0,11.0,0.1179064685763682,2.3833074193591144,0.1179064685763682,74.0,93525.7376843789,213984.73840549384,106677.16728550899,16.0,11.0,9.882614426666054,-314.3945849955981,188.44825754585816,-0.09896565890343932,-0.13613502062027444,0.45431615885092613,16.534,5.303,-0.0017174750628980385,-0.4616663114981278,0.8870520092458627,0.2769992712157033,21.29434393885475,False
720575940630508495,757680.8591304348,222064.91130434783,163518.53913043477,right,-0.003593928435551,2.052410709315762,129248.7298216139,11.0,5.0,-0.0035939284355519,2.052410709315763,False,11.0,5.0,0.0035939284355519,2.052410709315763,0.0035939284355519,0.0,105973.71020292933,230076.5422983177,67645.55097197442,11.0,5.0,23.706693961642074,-383.4215513932746,126.42397502774514,-0.056768388092262895,-0.35417875836179463,0.3314329003753075,9.798,6.364,0.1729703305349694,-0.7744275383076992,0.6085583395741945,0.30277618527688616,47.851790349435255,False
720575940630535564,705152.8558558559,290479.1801801802,124988.46846846848,right,0.588221960887095,1.5696636274327087,130261.87453965898,7.0,-10.0,0.5882219608870957,1.5696636274327096,False,7.0,-10.0,-0.5882219608870957,1.5696636274327096,-0.5882219608870957,0.0,132273.40593564522,182484.8256849477,-9604.848206309585,7.0,-10.0,-93.20858144651123,-409.57386623826153,-31.73603784450057,-0.4428198346876716,-0.18659006022964725,-0.06867602683239822,-1.837,18.031,-0.6488876645071205,-0.7318911349589833,-0.20803885555094312,0.4447313995253204,50.66459171077627,False
720575940630542663,760311.3945945946,247401.1513513513,154587.81081081083,right,0.0638323297715116,1.854522481783769,130909.83825456302,8.0,1.0,0.0638323297715114,1.85452248178377,False,8.0,1.0,-0.0638323297715114,1.85452248178377,-0.0638323297715114,0.0,110844.10072295951,234509.65955717763,41468.6632192618,8.0,1.0,26.332496252039146,-414.1820110842124,71.86753274121824,-0.04887368396119008,-0.44113315695713723,0.19148866929306618,5.511,7.425,0.16167127589925961,-0.8970478873236489,0.4112997524887214,0.2644454304288363,66.24788052302938,False
720575940630551290,296418.623655914,335207.5268817204,253484.51612903227,left,0.1832413017108287,0.8183098464513392,114886.60041662176,-16.0,-2.0,0.1731820675444049,0.8408507051936707,True,-15.0,-2.0,-0.1731820675444049,0.8408507051936707,-0.1731820675444049,0.0,-9074.508085192128,-220983.44405515376,-62611.02096007213,-15.0,-2.0,233.88470140656042,255.53705219503522,-156.08629206387354,0.42894772304972784,-0.02929110941506574,-0.23647192392112246,-10.41,-13.789,0.9272113215315526,0.256845318125365,-0.2725979599718091,0.3855621749267179,2.2257555769960327,True
720575940630567698,778367.220910624,247774.0741989882,177479.5615514334,right,-0.1654528246748766,1.819626234371857,129961.30497770924,5.0,5.0,-0.1654528246748769,1.819626234371857,False,5.0,5.0,0.1654528246748769,1.819626234371857,0.1654528246748769,0.0,88511.87206981097,252694.01565649195,46027.71399903227,5.0,5.0,109.79669717671214,-376.9912293667673,81.94847025532341,0.21033751045631996,-0.37606702798125263,0.21032946378352654,6.124,0.0,0.47044986874831196,-0.7282734444010021,0.4982917932045406,0.08781549166838479,44.68566721587749,False
720575940630588101,778549.2781228432,327827.77639751555,210776.8391994479,right,-0.2949478056210585,1.1488924733223786,129078.59078764469,-11.0,1.0,-0.2949478056210576,1.1488924733223786,False,-11.0,1.0,0.2949478056210576,1.1488924733223786,0.2949478056210576,0.0,43017.393430110664,258998.5854912476,-27510.316242391313,-11.0,1.0,238.46089144047076,-280.01652713360386,-102.8867643730849,0.4637383385434097,-0.054144520198454664,-0.1279676927935868,-6.124,-12.728,0.9164797278379627,-0.37705439432189436,-0.1337717914382673,0.2996181424895985,2.241925014587027,True
720575940630595525,337223.10749185673,334109.0358306189,194280.4885993485,left,-0.5778316356411867,1.009253881875849,118923.83574539456,-11.0,-12.0,-0.5570084539900214,1.0248483565170383,True,-11.0,-12.0,0.5570084539900214,1.0248483565170383,0.5570084539900214,0.0,50293.78846743812,-180761.44247284168,-67989.25604177437,-11.0,-12.0,88.8688643385439,370.233987576983,-200.22107634797928,0.13206386351067684,0.24985742471275138,-0.3967859169871668,-14.085,1.061,0.22701929879121965,0.7910151544064155,-0.5681172972861659,0.3763853481128157,24.91276099856965,False
720575940630600951,722072.5107458913,228122.6042983565,134228.82427307204,right,0.400907057933604,2.04151108498379,130946.01756716854,14.0,-1.0,0.4009070579336038,2.0415110849837914,False,14.0,-1.0,-0.4009070579336038,2.0415110849837914,-0.4009070579336038,0.0,133289.8510288897,194820.01599490904,54479.55997609199,14.0,-1.0,-82.66515614421641,-386.8347407742793,83.8339036243181,-0.3735569930539517,-0.23808635737063372,0.18638717004625469,7.961,15.91,-0.5577149929744182,-0.6936448502712967,0.4558627077351856,0.3047225711858438,57.463509663608875,False
720575940630697124,698579.1352502663,344453.35463258787,143987.9446219382,right,0.6223843955428927,1.130308977128018,133026.86357741008,-7.0,-14.0,0.6223843955428936,1.1303089771280188,False,-7.0,-14.0,-0.6223843955428936,1.1303089771280188,-0.6223843955428936,0.0,104884.84042464162,180034.73751153913,-60213.829145640346,-7.0,-14.0,18.495155413725616,-389.7600946867689,-181.36097363790591,-0.12310897218722833,-0.29301262526343325,-0.3626289113798346,-12.86,7.425,-0.10566518290054208,-0.803966193869275,-0.5852121224290782,0.2990370439927816,55.23011747331068,False
720575940630697576,725350.4728260869,202039.8315217392,148795.81521739133,right,0.2892682261771162,2.252055773442,130668.37698773044,17.0,5.0,0.2892682261771152,2.252055773442,False,17.0,5.0,-0.2892682261771152,2.252055773442,-0.2892682261771152,0.0,123079.73443609024,196261.19792925697,82709.50524846686,17.0,5.0,-58.7776301967906,-348.5638404058045,143.30227056446148,-0.2744472543690545,-0.13480918355211,0.3688239727702915,13.472,12.728,-0.5418906128860307,-0.5020168260518934,0.6740427805612823,0.24311498270946824,30.995882454913424,False
720575940630720204,726770.55393586,224558.7716229349,136772.1282798834,right,0.35256643356331,2.0642732967541666,131759.6985046921,14.0,0.0,0.3525664335633096,2.064273296754168,False,14.0,0.0,-0.3525664335633096,2.064273296754168,-0.3525664335633096,2.0,131426.1001350294,199259.06073930897,58729.527362687804,14.0,0.0,-73.90653526760799,-386.57490740804593,94.22489489239011,-0.3424613492333174,-0.2469533817608574,0.22857231110952572,8.573,14.849,-0.5387907334591269,-0.6608386345675853,0.5224909995410691,0.23303341441043768,53.9686804375045,False
720575940630731714,326471.1239008793,328694.7498001599,198158.0175859313,left,-0.4595553414605975,1.0389654003674764,116332.0411866522,-10.0,-10.0,-0.4428193311549502,1.0549010433173018,True,-10.0,-10.0,0.4428193311549502,1.0549010433173018,0.4428193311549502,0.0,47123.718390987946,-191857.7092816474,-62814.471599862576,-10.0,-10.0,106.65258645627755,377.6051920130864,-177.4806780451658,0.19883257848334956,0.2943853857864158,-0.33589597233094914,-12.247,0.0,0.3395096901145033,0.8213155876409886,-0.45844724431093675,0.3251729523545959,26.91024258520502,False
720575940630745036,741495.9286733238,289504.6818830242,140582.5106990014,right,0.2843274412449822,1.5547227379949364,130770.05130701858,4.0,-6.0,0.2843274412449826,1.554722737994937,False,4.0,-6.0,-0.2843274412449826,1.554722737994937,-0.2843274412449826,0.0,117691.17654366064,218758.8516899415,-3563.6260465844225,4.0,-6.0,-4.8832934119980065,-439.2813637809917,-22.510511674329056,-0.13392913407680748,-0.46614495223295516,0.013685524223757621,-1.225,10.607,-0.009381516479831807,-0.9998650065947594,0.013489096923087415,0.27073275958700377,89.37621436213016,False
720575940630767631,770528.4583676833,337812.58367683424,206509.6784830997,right,-0.2170082285823259,1.0709213765089225,129079.62033874803,-12.0,-1.0,-0.2170082285823246,1.0709213765089225,False,-12.0,-1.0,0.2170082285823246,1.0709213765089225,0.2170082285823246,0.0,45510.32436991604,251708.0928189225,-38595.10755541023,-12.0,-1.0,230.02101559732844,-287.2205870765855,-130.07948712402182,0.4449328960630546,-0.0704580473418335,-0.1845502879260994,-7.961,-11.667,0.8737334176265246,-0.4267954359392047,-0.23331431757210588,0.3214302587131999,3.7491665535702725,False
720575940630777206,255479.893214683,226443.9021134594,243607.51946607343,left,0.4661638417182522,1.81566728173128,121513.78279074452,2.0,10.0,0.4519764202407263,1.8077800163840096,True,2.0,10.0,-0.4519764202407263,1.8077800163840096,-0.4519764202407263,0.0,17082.769857198997,-269896.1075721675,39987.26822774452,2.0,10.0,183.05985930902054,295.84244854501435,94.55880378862507,0.40417575419867263,0.12685666869219323,0.23621046956643607,7.348,-8.485,0.6764038236495883,0.5031865322319924,0.5378486600639245,0.29361910595401447,8.16019122834094,False
720575940630780357,322089.6858237548,281935.61685823754,166187.46360153265,left,-0.501291876469179,1.5212467186922454,120256.60033598688,3.0,-9.0,-0.4854503511474199,1.5229443430258491,True,3.0,-9.0,0.4854503511474199,1.5229443430258491,0.4854503511474199,0.0,85982.19747366547,-199885.92578242414,-22153.726668526637,3.0,-9.0,-36.36322394519192,434.0731322075176,-46.60753540564688,-0.2362179080596113,0.41773460091366615,-0.05709816585389393,-3.674,12.728,-0.2363315022807464,0.9592762703850607,-0.15471411734503587,0.27301229934972393,82.53322241119223,False
720575940630787599,733484.5757864633,364668.04957102006,189677.5977121068,right,0.1658021329028463,0.8571814564156356,130024.50043379466,-15.0,-8.0,0.1658021329028472,0.857181456415636,False,-15.0,-8.0,-0.1658021329028472,0.857181456415636,-0.1658021329028472,0.0,57221.33753520153,216635.7618201704,-70368.80732617505,-15.0,-8.0,174.8333204629503,-301.6760420940007,-220.0918612356463,0.32312399884153925,-0.040333744449182495,-0.37059476198814034,-14.085,-7.425,0.6407393041718616,-0.5410652627803278,-0.5447031535633086,0.5092819268242215,1.5844863761315224,True
720575940630787788,281445.8167938932,315781.2091603053,241460.0305343512,left,0.1870226502546658,1.0560973732088756,115353.75119674829,-11.0,-1.0,0.1789430013982325,1.0719067682782344,True,-11.0,-1.0,-0.1789430013982325,1.0719067682782344,-0.1789430013982325,0.0,5588.518729502493,-237426.94598374344,-46462.89697264098,-11.0,-1.0,223.40383212105448,305.0957088635943,-113.41222383707313,0.45215361403730214,0.08509011224676699,-0.1516680370089162,-7.348,-10.607,0.8432143620011501,0.498322756252205,-0.2016530939911383,0.354931906113546,6.723898807682283,False
720575940630799226,798382.9759188849,262080.78580481623,214094.55006337137,right,-0.4657051507679248,1.655205259625291,131823.14530779305,-2.0,9.0,-0.4657051507679247,1.6552052596252904,False,-2.0,9.0,0.4657051507679247,1.6552052596252904,0.4657051507679247,0.0,50468.952943772376,273950.8152426565,39182.671634245584,-2.0,9.0,218.15498501524323,-280.4594994046168,47.060591720962606,0.45872796107169966,-0.07141793151422675,0.13122405616328148,4.287,-11.667,0.8222638018064797,-0.42617807982275246,0.3771663883716921,0.3254045856704958,2.8373902373504865,True
720575940630818322,257863.11022044084,214922.0320641283,242111.02204408817,left,0.4735297775563487,1.912440861764744,122389.03432964216,4.0,11.0,0.4589666712521386,1.902052051537692,True,4.0,11.0,-0.4589666712521386,1.902052051537692,-0.4589666712521386,0.0,20420.338406917348,-268379.0164506983,51266.975137469846,4.0,11.0,167.1029634678645,294.7793305984006,116.23893585574211,0.36158061379540873,0.11470505795462055,0.2946808552630888,9.186,-7.425,0.6291836008950483,0.5058317245239118,0.5901374948517558,0.29624421427405523,5.172441997801573,False
720575940630827339,781320.4274570983,321488.63650546025,201281.3416536661,right,-0.2441737684628314,1.2231684397716809,131672.89002403052,-9.0,1.0,-0.2441737684628304,1.2231684397716809,False,-9.0,1.0,0.2441737684628304,1.2231684397716809,0.2441737684628304,0.0,53442.417652361415,261232.15134821294,-22574.88410590917,-9.0,1.0,226.91248558298642,-306.757807391186,-83.26130322660319,0.4663432426846862,-0.10950374609525693,-0.08323273320267426,-4.899,-10.607,0.8581529374642821,-0.502721294183559,-0.1041385437570133,0.30399307154679583,7.047312243302738,False
720575940630845348,754912.7438596492,201716.9543859649,177817.5087719299,right,-0.1187624118518449,2.2213465782822435,127454.63308081662,13.0,9.0,-0.1187624118518465,2.221346578282244,False,13.0,9.0,0.1187624118518465,2.221346578282244,0.1187624118518465,0.0,95014.09244395711,225909.42345477635,89751.75473549172,13.0,9.0,34.779093033065145,-343.4741848738135,164.5515169993922,-0.03726617133907466,-0.25223491541201604,0.4155015110127973,13.472,4.243,0.19365865614974656,-0.6325851741406873,0.7498882065719334,0.31225370750544523,32.64057316693868,False
720575940630919763,718847.077394636,309787.7639846744,132730.26819923372,right,0.4789118328083743,1.414807597035155,132353.88701824198,2.0,-10.0,0.478911832808375,1.4148075970351552,False,2.0,-10.0,-0.478911832808375,1.4148075970351552,-0.478911832808375,0.0,121834.10328097403,197616.3962250315,-26407.976136379235,2.0,-10.0,-35.787330614190275,-428.94839170297354,-73.76420466415202,-0.2705006616453153,-0.39048025957759674,-0.11170446520075983,-4.899,12.728,-0.26966872984297313,-0.9266691938384595,-0.261845338579203,0.3145207882234149,82.80134382737941,False
720575940630921035,295420.5275142315,217023.0815939279,187881.17647058825,left,-0.1186648239250214,2.028502829310381,117460.20673901642,11.0,1.0,-0.11365971153393,2.013852079879477,True,11.0,1.0,0.11365971153393,2.013852079879477,0.11365971153393,0.0,74314.00457864568,-231126.48008991938,43293.80543581431,11.0,1.0,-20.25720798397279,405.1244592471892,103.01774495860118,-0.1761454140813994,0.36906438612223025,0.26472478088919216,7.348,10.607,-0.06983733884151447,0.8369239385932604,0.5428453436413357,0.30350212589490316,56.803295882465804,False
720575940630934329,269823.5331734612,238572.04476418864,216079.52038369305,left,0.1832069644901398,1.7811293881639731,116145.8779852191,4.0,4.0,0.1774318170159041,1.7736958163400345,True,4.0,4.0,-0.1774318170159041,1.7736958163400345,-0.1774318170159041,0.0,42610.16041075301,-254878.47539716164,24708.34024553367,4.0,4.0,112.43719381891736,380.0704317053104,72.40197156462207,0.24210184880959598,0.3661032472067331,0.1992361110056859,4.899,0.0,0.500313819557639,0.7471606759225088,0.43753514866198606,0.02724319206782628,40.718252006500094,False
720575940630936315,799895.1806395851,267751.3500432152,217120.1037165082,right,-0.482565694375296,1.6083896400600215,132450.51158127436,-3.0,9.0,-0.4825656943752959,1.608389640060021,False,-3.0,9.0,0.4825656943752959,1.608389640060021,0.4825656943752959,0.0,46615.118927551564,275896.9770324035,34187.02808504444,-3.0,9.0,226.28320551345016,-270.3234308753823,36.729965867422045,0.47178359174896217,-0.036870476594382515,0.10452808676509338,3.674,-12.728,0.875661518828481,-0.3654852798127872,0.3156539476755623,0.3228347313294709,2.3358024164600986,True
720575940630944505,772157.1266540643,192327.97353497165,209491.8714555766,right,-0.4816659596485114,2.230212980394474,131394.09023901774,10.0,15.0,-0.481665959648513,2.230212980394473,False,10.0,15.0,0.481665959648513,2.230212980394473,0.481665959648513,1.0,65535.061859135094,242622.39623740627,105258.2129817202,10.0,15.0,116.87914579661407,-270.0135410420959,174.12867117883565,0.19909712766762375,-0.04334836489591672,0.43979697626866715,15.309,-5.303,0.49914757132422344,-0.34984175722268146,0.7927562342514095,0.29903392706970955,1.3311640039474693,True
720575940630957568,273126.4974093265,233030.0587219344,206773.2297063904,left,0.1098928527383283,1.842390358173055,118732.79268413804,6.0,3.0,0.1067057597317441,1.8332476899811867,True,6.0,3.0,-0.1067057597317441,1.8332476899811867,-0.1067057597317441,0.0,52732.34860204681,-252054.51956427773,28926.966548057877,6.0,3.0,75.4562265028107,395.49465379835294,82.76853258045011,0.13252170765133478,0.40449711280235706,0.22368785154347048,5.511,3.182,0.39858110999913393,0.8059509528118437,0.4376941402549727,0.13095305155325257,48.745200960760364,False
720575940630964551,792347.2554257094,233930.72454090152,208280.76794657763,right,-0.4501541006923861,1.877966969974364,131809.7484335563,3.0,11.0,-0.4501541006923865,1.8779669699743629,False,3.0,11.0,0.4501541006923865,1.8779669699743629,0.4501541006923865,0.0,60537.95470600444,265817.3463583461,65547.7587942677,3.0,11.0,178.09213028685812,-292.2558945077307,102.37484284652774,0.39096710225290954,-0.1217521897314062,0.24975799603272736,8.573,-8.485,0.6764550679759278,-0.465603143192056,0.5706332044837215,0.2587206491929434,8.041478616919434,False
720575940630967097,286426.42664551944,225762.79777954004,192534.8770816813,left,-0.0463452026834279,1.936551777286576,118289.99897688284,9.0,1.0,-0.044126617726831,1.9246058704165672,True,9.0,1.0,0.044126617726831,1.9246058704165672,0.044126617726831,0.0,68177.7929454447,-239420.72376854488,34779.943362028076,9.0,1.0,10.284197944571488,410.7489755214781,89.37465013701792,-0.09365775096239082,0.41468798988619043,0.23399902259374758,6.124,8.485,0.1268951366184585,0.8838112621867592,0.4503057596061041,0.32422777186128643,64.14658735995923,False
720575940631016275,745922.4635193133,260017.4678111588,141042.11731044354,right,0.2302493274903811,1.7765848896556264,131061.41019234929,8.0,-3.0,0.2302493274903812,1.776584889655627,False,8.0,-3.0,-0.2302493274903812,1.776584889655627,-0.2302493274903812,0.0,121967.28725767019,221001.57286101018,25864.019486322755,8.0,-3.0,-25.110254420464226,-429.9051734941472,37.63852701548419,-0.20531468954759344,-0.4251555303144714,0.11213119623719103,3.062,11.667,-0.09205548336037771,-0.957788102511846,0.2723375454652647,0.3451629264526821,77.19696600992621,False
720575940631066880,339281.4197031039,269441.98110661266,157735.54655870446,left,-0.6514233871862034,1.6394554183658605,119426.69367366705,6.0,-10.0,-0.631144789817562,1.637957706285149,True,6.0,-10.0,0.631144789817562,1.637957706285149,0.631144789817562,0.0,96609.36268181259,-183718.38912821206,-9957.183390001192,6.0,-10.0,-85.88872636246666,415.13808345210026,-28.859050595854704,-0.38968519283543157,0.2772489403828173,-0.04648215489067666,-2.449,16.971,-0.6068948770044557,0.7764869399809777,-0.1695483420878076,0.29561630385439674,57.90822201130374,False
720575940631077903,260618.4007744433,232521.8160696999,235619.28363988383,left,0.3792253768398728,1.7888555131530253,117699.37114890336,2.0,8.0,0.3672489315619459,1.7813612028087396,True,2.0,8.0,-0.3672489315619459,1.7813612028087396,-0.3672489315619459,0.0,24104.782572638498,-264376.00693026907,33104.17038276833,2.0,8.0,170.71987885460697,323.90551066467816,83.45191678888762,0.39006756276026516,0.1921584362016314,0.2117585662811549,6.124,-6.364,0.6246779738882232,0.602657642098668,0.4965694265246082,0.28142689290733097,16.07030886154449,False
720575940631083215,755775.5595913734,180358.46083995447,197593.4619750284,right,-0.3379958769094631,2.374477579884507,131237.5525412795,14.0,14.0,-0.337995876909466,2.374477579884507,False,14.0,14.0,0.337995876909466,2.374477579884507,0.337995876909466,13.0,78872.24452661742,225324.7709477411,113982.25101378771,14.0,14.0,60.18778565813954,-285.5376130810955,195.8874146260207,0.03893591406595726,-0.07859440271102916,0.4796028598435025,17.146,0.0,0.2812485846116018,-0.37819054588472056,0.8819700361448726,0.3143234044070759,9.20334508188972,False
720575940631085532,313411.1786508525,330137.2720533729,215303.2171979244,left,-0.255048749014608,0.967043756452624,113583.50811233006,-12.0,-7.0,-0.2455030974301131,0.9862954872938214,True,-12.0,-7.0,0.2455030974301131,0.9862954872938214,0.2455030974301131,0.0,29731.062279624282,-204662.63306515844,-62453.430867925854,-12.0,-7.0,166.09687927745944,344.20045087351144,-175.58529321591715,0.3500850242954371,0.17148033877247104,-0.2987644215834148,-11.635,-5.303,0.5919583099437414,0.6889378651184189,-0.41827022042529477,0.41051910200029185,10.29490154110691,False
720575940631087831,705356.3265306123,364313.6498388829,166299.50590762618,right,0.5196127547463428,0.9158936758914002,131997.00919342035,-13.0,-13.0,0.5196127547463436,0.9158936758914008,False,-13.0,-13.0,-0.5196127547463436,0.9158936758914008,-0.5196127547463436,0.0,79847.77053373474,188404.79782867225,-75746.20294689789,-13.0,-13.0,93.47686541928941,-339.7103903920617,-234.7449417232918,0.13013626671196185,-0.11687939129450617,-0.46082737366252247,-15.922,0.0,0.2221684604232821,-0.6885424382902495,-0.6903263618510209,0.5209993530818305,16.59632326866794,False
720575940631093352,273386.5579119086,224397.55954323,218513.5073409461,left,0.2161348501518204,1.90475753281509,114201.37127688128,6.0,6.0,0.209054685115217,1.8932849139460253,True,6.0,6.0,-0.209054685115217,1.8932849139460253,-0.209054685115217,0.0,42506.765896040306,-252354.58989277395,39308.16149817612,6.0,6.0,105.52041139791866,364.88056446962116,102.22689428691481,0.21791070937596863,0.32352754510746023,0.2759143651876108,7.348,0.0,0.4949641921014221,0.6964787125554973,0.5195458127003079,0.07242158449273665,33.624681037329005,False
720575940631093608,266155.8987854251,207585.5141700405,237088.2186234818,left,0.4317427922234835,2.0000280425446464,118527.77588826977,6.0,11.0,0.4175880898344952,1.9867995767550064,True,6.0,11.0,-0.4175880898344952,1.9867995767550064,-0.4175880898344952,0.0,26686.977023123887,-260683.10199558892,58290.18895661046,6.0,11.0,141.84159090054396,303.3658185478451,132.34627972299378,0.2974067608772918,0.13792099737757657,0.35390253215469697,10.41,-5.303,0.5488979067603751,0.5345324583163001,0.6426399761611563,0.274105448748061,7.6172165887646655,False
720575940631102509,766669.6755447941,340998.29862792575,201907.9580306699,right,-0.1606333610456559,1.0527916945822295,129537.90404304506,-12.0,-2.0,-0.1606333610456548,1.0527916945822295,False,-12.0,-2.0,0.1606333610456548,1.0527916945822295,0.1606333610456548,0.0,49481.270921207884,248064.57758298022,-42738.92173541201,-12.0,-2.0,220.28315274766425,-297.87059585671045,-140.38621706123178,0.4328702141537197,-0.08750278901381003,-0.20466179918304644,-8.573,-10.607,0.8201453766975361,-0.4990281391289113,-0.2798793980256369,0.35753531517393716,5.286067569030615,False
720575940631103007,773229.9901199717,331824.22018348624,197073.33803810863,right,-0.1681560977757997,1.1455067870371065,131427.4337851849,-10.0,-1.0,-0.1681560977757985,1.1455067870371065,False,-10.0,-1.0,0.1681560977757985,1.1455067870371065,0.1681560977757985,0.0,55820.36694659184,253898.49115656567,-34000.71213049937,-10.0,-1.0,218.54284572400758,-316.72638548098513,-112.97675439060136,0.44155699962739114,-0.14437412241196423,-0.14676343094952243,-6.736,-9.546,0.8011146232890544,-0.561609830376311,-0.206905192726349,0.3017068059950268,13.258350203067726,False
720575940631104512,273866.1326259947,281460.6366047745,217836.3925729443,left,0.1004630823719334,1.4159613510752258,115547.0378399492,-3.0,0.0,0.0969201727258433,1.4206184123531949,True,-3.0,0.0,-0.0969201727258433,1.4206184123531949,-0.0969201727258433,0.0,34186.49705509709,-247672.37527575644,-16956.687499593543,-3.0,0.0,160.62263052577313,381.3707405367526,-23.78291286372235,0.37660907038040004,0.31617313192512264,0.002629567673312466,-1.837,-3.182,0.6085569906789529,0.7805604532552685,0.14277173358093953,0.25078616630191686,34.003958958207896,False
720575940631112252,277633.7982989065,312100.8845686513,250130.98420413124,left,0.2872319132019912,1.0666950336142975,114447.57098219747,-11.0,1.0,0.2753800456701081,1.0817282039980909,True,-11.0,1.0,-0.2753800456701081,1.0817282039980909,-0.2753800456701081,0.0,-2461.4943660801673,-241442.8849968109,-41737.3033957666,-11.0,1.0,238.49613608755624,280.8437307908781,-96.59692543019595,0.46916420089204214,0.03169531450269201,-0.11736989743469688,-6.124,-12.728,0.9242190169170919,0.3573751709396822,-0.13454440146151533,0.31555849264801394,3.241146560179497,True
720575940631116586,735836.9396170839,318686.117820324,150345.71428571426,right,0.3048175688970691,1.3142464336801276,128448.11555270843,-2.0,-8.0,0.3048175688970698,1.3142464336801278,False,-2.0,-8.0,-0.3048175688970698,1.3142464336801278,-0.3048175688970698,0.0,103347.66066208671,215331.75692387542,-31157.44923940092,-2.0,-8.0,46.65197863114066,-427.46760361293155,-94.2743280704712,-0.004992409998161082,-0.45969679753427956,-0.14727589139297498,-6.124,6.364,0.13478771878321733,-0.9580855301654942,-0.25279317188705913,0.15452593910580728,70.0711531419357,False
720575940631132714,279186.9674099485,317558.50428816467,254807.409948542,left,0.3127129766053862,1.0073228232989502,115509.0802505624,-12.0,1.0,0.2994551208011572,1.0237476386885305,True,-12.0,1.0,-0.2994551208011572,1.0237476386885305,-0.2994551208011572,0.0,-7910.952429803629,-239460.71600988964,-46258.510972544114,-12.0,1.0,242.22665434271593,266.50591699142615,-105.33711633302295,0.46714538883259205,-0.0074692855438380145,-0.13438469024128472,-6.736,-13.789,0.9418808937457032,0.29992364343387445,-0.15134791080865811,0.3413809641365106,0.8502325312753626,True
720575940631147484,789146.3821339952,233388.9131513648,199974.7559966915,right,-0.3811389350136822,1.8945132018624784,131840.6615871949,4.0,10.0,-0.3811389350136826,1.8945132018624773,False,4.0,10.0,0.3811389350136826,1.8945132018624773,0.3811389350136826,0.0,68765.93592250108,262530.66113008995,64534.3441533463,4.0,10.0,161.07372614485658,-312.67205161282874,106.17709120080558,0.3526543736029067,-0.18377508372692522,0.2719427908035748,8.573,-6.364,0.6650064758957303,-0.49391413965679426,0.5601921185306256,0.13106251497939747,16.876297978832582,False
720575940631162410,704724.5869380832,353087.2739609839,156528.88888888893,right,0.5468837441332204,1.026602935069172,130461.75225945465,-10.0,-13.0,0.5468837441332213,1.0266029350691726,False,-10.0,-13.0,-0.5468837441332213,1.0266029350691726,-0.5468837441332213,0.0,91253.18743270989,186882.57129351623,-66286.03070070077,-10.0,-13.0,65.81142665561366,-371.1520208677277,-206.300743186137,0.03662518435608035,-0.24171488820641265,-0.4218773718532034,-14.085,3.182,0.11553239055923058,-0.7954254287938883,-0.5949375210555544,0.40842512366981254,34.68488668067322,False
720575940631173975,337983.7491525424,308186.0372881356,169989.6271186441,left,-0.6346064064699267,1.3008989595433815,121349.16058115344,-3.0,-12.0,-0.6146342208085137,1.3084322406842197,True,-3.0,-12.0,0.6146342208085137,1.3084322406842197,0.6146342208085137,0.0,78378.00355999186,-182074.50653239517,-46259.57343813255,-3.0,-12.0,-5.657787742177633,418.3720642327216,-120.75857239272578,-0.16461201341476475,0.3926462045639639,-0.22876298358006456,-9.186,9.546,-0.19541102924670273,0.902157417268856,-0.38461217364447997,0.19265527437891994,69.61469054002292,False
720575940631189445,266675.6103379722,190697.4234592445,248030.6163021869,left,0.5673491825476805,2.111533731971148,122612.79605015305,8.0,15.0,0.5487036819282531,2.096793605820883,True,8.0,15.0,-0.5487036819282531,2.096793605820883,-0.5487036819282531,0.0,18555.592899437877,-261338.33382749502,76693.04303939827,8.0,15.0,140.57777079983617,255.96236532836647,163.2593294775963,0.2645899391921317,0.0017589140587014516,0.40697793388075587,14.085,-7.425,0.5784831459370782,0.2935413929035005,0.7610457939697282,0.3030707717145055,1.9144944090925982,True
720575940631195333,795324.3154701719,253280.19009100104,198643.5995955511,right,-0.3608402174448959,1.7400468647136882,134434.39003018502,1.0,8.0,-0.3608402174448959,1.7400468647136875,False,1.0,8.0,0.3608402174448959,1.7400468647136875,0.3608402174448959,0.0,67056.10230611326,270149.86430082505,45179.08781282797,1.0,8.0,184.29298509295467,-319.5906964417881,67.26672661262398,0.4067260473641462,-0.19128696381232185,0.17257160392944557,5.511,-7.425,0.7307867586523483,-0.5349573860637263,0.4239944675043058,0.1906571863092702,16.887320711490997,False
720575940631203757,303970.46916890074,307278.8873994638,194424.5844504021,left,-0.2712934241560058,1.2465657798856746,117098.87355743884,-5.0,-7.0,-0.262184965090294,1.256948702019589,True,-5.0,-7.0,0.262184965090294,1.256948702019589,0.262184965090294,0.0,53777.6914317726,-215900.58367601738,-43932.68189814775,-5.0,-7.0,95.96636831148851,412.68552471946714,-105.50109900257284,0.16631959101740404,0.4208039939693093,-0.15735420803390085,-7.348,2.121,0.3246819279869904,0.9065156131819713,-0.26983529920298677,0.06881955740575516,51.30045047470531,False
720575940631243331,288462.4801561483,305574.2745608328,217298.97202342225,left,-0.0221943542227672,1.1999960554206783,113445.20313998236,-7.0,-3.0,-0.0219087414917682,1.2121653473847274,True,-7.0,-3.0,0.0219087414917682,1.2121653473847274,0.0219087414917682,0.0,31180.213414493042,-231341.24480826128,-39739.71086941466,-7.0,-3.0,170.215629960677,371.8632608360247,-92.24939021961072,0.3787311540268386,0.28270098779661895,-0.11162852035456625,-6.124,-4.243,0.5947773437009052,0.792411119182506,-0.13536812629280146,0.29674166466626883,30.925683601166902,False
720575940631249325,346382.93902439025,324507.825203252,178030.20325203254,left,-0.6970417567612451,1.1466951186895902,121808.86945082332,-8.0,-14.0,-0.6743396506962208,1.1577194704250595,True,-8.0,-14.0,0.6743396506962208,1.1577194704250595,0.6743396506962208,0.0,68018.43079187343,-172441.7442853888,-60454.19070528404,-8.0,-14.0,25.97008690625389,390.2807397191429,-178.59985919371556,-0.06929202372088855,0.29992918120124884,-0.3761788681300977,-13.472,6.364,-0.05567647209710918,0.8410918685693329,-0.5380191437870664,0.338346708492115,47.355134914525735,False
720575940631284342,716525.3216630197,292005.56965718453,127747.42523705328,right,0.4997353826919682,1.5543419911167575,131414.25318608852,6.0,-9.0,0.4997353826919688,1.5543419911167584,False,6.0,-9.0,-0.4997353826919688,1.5543419911167584,-0.4997353826919688,0.0,129515.42421981719,193956.79539608202,-9854.114376327612,6.0,-9.0,-72.48908434279382,-424.0208624733524,-31.91969938571143,-0.37560178470703304,-0.3176128267724739,-0.034398879652024955,-1.837,15.91,-0.46578617258507143,-0.8741970401679053,-0.13719612381632273,0.3832111823437355,67.63172862092392,False
720575940631297583,316073.7922746781,238837.53476394847,169816.7896995708,left,-0.4001680980753651,1.8776392097206631,115976.90290991076,10.0,-5.0,-0.3860373027472665,1.868329578578746,True,10.0,-5.0,0.3860373027472665,1.868329578578746,0.3860373027472665,0.0,89085.11051571016,-209039.9212882726,20430.119567554702,10.0,-5.0,-79.57139017399278,415.00633336873835,41.868441696950306,-0.34030422018487916,0.3247329630473336,0.09106551321257134,3.062,15.91,-0.453943775710938,0.842443254083684,0.2902144244213081,0.32209357841355485,64.179002100302,False
720575940631330255,301201.3710118505,194271.98906107567,194968.49589790337,left,-0.0660069692604582,2.2326844030445034,117648.19388976124,14.0,5.0,-0.0623572607048103,2.212295810923917,True,14.0,5.0,0.0623572607048103,2.212295810923917,0.0623572607048103,0.0,71008.9016583331,-226992.7786628463,67236.42991278261,14.0,5.0,-18.0007626869735,368.23902073229794,147.47056484199913,-0.1638426109341787,0.26290057075127327,0.37481331583135513,11.635,9.546,-0.13075029101609736,0.6777549423040512,0.7235693467675632,0.2527503419154741,38.82832157848525,False
720575940631369078,789877.8194444445,256435.4583333333,195424.3055555556,right,-0.3187358154644483,1.72590159957401,130407.81390933236,1.0,7.0,-0.3187358154644487,1.72590159957401,False,1.0,7.0,0.3187358154644487,1.72590159957401,0.3187358154644487,0.0,69638.09316467211,264929.84262552153,41170.523522341304,1.0,7.0,176.70904463920266,-333.35054869343077,60.831718205806716,0.39002478252253797,-0.2283592957085846,0.16053555465874236,4.899,-6.364,0.6898631347318894,-0.6094393475496214,0.3907333323331695,0.1903433016312811,21.65509550542948,False
720575940631379512,760496.7957559682,199727.4022988506,188084.84526967283,right,-0.2359214090471861,2.2244847635049467,126993.5067468782,12.0,11.0,-0.2359214090471879,2.2244847635049467,False,12.0,11.0,0.2359214090471879,2.2244847635049467,0.2359214090471879,0.0,85292.09691306713,231398.95934294743,93739.98121800824,12.0,11.0,66.59709143220057,-323.1062229625193,171.648474781056,0.06824824623493643,-0.2105968303080611,0.4294045768058492,14.085,1.061,0.30212156880370833,-0.5480691308943503,0.7799633231276313,0.22475822988963762,23.98602562183256,False
720575940631425554,341280.2826855124,353360.3957597173,213698.1625441696,left,-0.5657474127136847,0.7808791434868745,121998.186158575,-17.0,-12.0,-0.5423431182738714,0.80145802503864,True,-17.0,-12.0,0.5423431182738714,0.80145802503864,0.5423431182738714,0.0,28160.50442720853,-175167.87788936656,-83576.15322960838,-17.0,-12.0,135.04173270838749,299.6812957677828,-254.89208445551014,0.23410366959734566,0.008726640477498732,-0.4365491803107842,-17.759,-5.303,0.3930880924353212,0.5885196367136947,-0.7064887747076675,0.6117808457619331,1.2791380846281692,True
720575940631432901,728481.2537815125,369289.6840336134,190051.96638655465,right,0.2095936540293182,0.8171360946011746,131110.46774333128,-16.0,-9.0,0.2095936540293193,0.8171360946011752,False,-16.0,-9.0,-0.2095936540293193,0.8171360946011752,-0.2095936540293193,0.0,56032.062840321945,211989.4826218303,-75219.64265698714,-16.0,-9.0,168.30590579884793,-291.10881330871644,-235.6351358884337,0.2912523865288685,0.0024330724085745385,-0.39849622835784776,-15.309,-7.425,0.5896628144745851,-0.4771657089852293,-0.6516215553482977,0.5122005972382989,1.583022695356422,True
720575940631433487,784474.853046595,205124.16726403823,222604.8267622461,right,-0.5966856961108717,2.0917667389652896,131558.97399984408,7.0,16.0,-0.5966856961108729,2.0917667389652883,False,7.0,16.0,0.5966856961108729,2.0917667389652883,0.5966856961108729,1.0,50794.52705754264,255936.29338962707,95621.02819097912,7.0,16.0,155.27913517499763,-243.59091709635493,154.6840365158894,0.3080782410694774,0.037204901745885886,0.37409637257933454,14.085,-9.546,0.624718729300928,-0.2526007843480717,0.7388635550677628,0.3322361717299877,0.6588630456433071,True
720575940631440697,710047.0582010582,356094.1446208113,162164.97354497353,right,0.4863819077259846,0.9885115116028156,130106.7206424901,-11.0,-12.0,0.4863819077259855,0.9885115116028164,False,-11.0,-12.0,-0.4863819077259855,0.9885115116028164,-0.4863819077259855,0.0,85311.16280322112,192449.26571422332,-67971.16520266053,-11.0,-12.0,89.58158563007392,-361.73473796067464,-209.31167009832322,0.1239888883989802,-0.22130725201749887,-0.4155513526938676,-14.085,1.061,0.2579295934275607,-0.75717806976053,-0.6001280659226088,0.3973264236952309,26.271136891592267,False
720575940631492603,304149.9536423841,164684.57615894038,223481.9205298013,left,0.2789172271415021,2.48835528669703,118667.60566797532,16.0,13.0,0.2660530026637804,2.462960889056311,True,16.0,13.0,-0.2660530026637804,2.462960889056311,-0.2660530026637804,0.0,47575.75663785757,-226046.79587537594,101105.55090853068,16.0,13.0,24.361153961243176,282.5025175719374,200.09085088292602,-0.026791233113447374,0.055538056092515775,0.47903543810806487,17.759,3.182,0.03339645387238258,0.2828616331114581,0.9585791429935604,0.1931298194829563,11.073185729943345,False
720575940631539397,780430.6689595872,218459.2949269132,197130.6964746345,right,-0.3563477234815597,2.025719332097684,130033.04893503188,7.0,11.0,-0.3563477234815601,2.025719332097684,False,7.0,11.0,0.3563477234815601,2.025719332097684,0.3563477234815601,0.0,73769.60045380464,252719.101424225,78159.41180190683,7.0,11.0,130.32141320223283,-313.51989584691495,134.5306551910122,0.2823476440125959,-0.18162852349264846,0.3425566087469598,11.023,-4.243,0.5684103335181084,-0.4958976504711852,0.6565022566655739,0.13230659393932645,15.167236100736515,False
720575940631544082,781922.5679925993,205283.4708603145,217156.0407030527,right,-0.5463494682618445,2.1041020562399604,130493.55923637009,7.0,15.0,-0.5463494682618458,2.1041020562399595,False,7.0,15.0,0.5463494682618458,2.1041020562399595,0.5463494682618458,1.0,56102.7394946768,253366.91910262444,94416.86763397678,7.0,15.0,151.67412610506756,-258.1046152641639,151.81764453722215,0.29276446879276385,-0.008297837869494215,0.38613357915611424,13.472,-8.485,0.6246443219553651,-0.3365742846353914,0.7046539732174202,0.3346544564047574,1.0274720157418897,True
720575940631593297,783089.2128829536,270491.97486252943,178420.86410054984,right,-0.162879137507886,1.6428809112761,132062.71495223753,1.0,3.0,-0.1628791375078859,1.6428809112761,False,1.0,3.0,0.1628791375078859,1.6428809112761,0.1628791375078859,0.0,84086.23408797469,259084.68680415826,24144.859524116117,1.0,3.0,142.64667526566112,-379.4589517554696,31.075878216089606,0.3100689868960185,-0.35745578675114387,0.08592303969551367,2.449,-2.121,0.6007743205486291,-0.7577084846643294,0.25484910837006847,0.08916612199036532,39.4186093197706,False
720575940631608315,798610.6446280992,230613.2451790633,230643.96694214875,right,-0.6345573257714272,1.8664427636467824,133642.79723778306,2.0,15.0,-0.6345573257714275,1.8664427636467813,False,2.0,15.0,0.6345573257714275,1.8664427636467813,0.6345573257714275,0.0,39095.15833403586,271965.99025972304,72810.6125623604,2.0,15.0,200.59116420270158,-225.3546326574914,111.53478026559809,0.4069286882780487,0.06116945565981749,0.25639562079712674,10.41,-13.789,0.7992447159217942,-0.13509422719604736,0.5856256772456219,0.27117593407591634,3.0054167413451935,True
720575940631639656,333069.36487716105,295621.80527752504,164333.97634212917,left,-0.6015389819942084,1.4163909551866574,122273.76971105058,0.0,-11.0,-0.5830001723290188,1.4209181747982318,True,0.0,-11.0,0.5830001723290188,1.4209181747982318,0.5830001723290188,0.0,85853.73551469205,-187939.2197021101,-35136.801494641695,0.0,-11.0,-27.460418814707303,425.6925600137014,-86.43157702991408,-0.2304137063625323,0.39610016291413863,-0.15111495643621645,-6.736,11.667,-0.26825970168178864,0.9094013169525685,-0.3178458386994104,0.2277481891151015,80.56182407705701,False
720575940631644719,763201.8274398868,304227.38330975955,162902.20650636486,right,0.0614571555890307,1.41197956212067,131097.6930881541,-2.0,-3.0,0.0614571555890312,1.4119795621206703,False,-2.0,-3.0,-0.0614571555890312,1.4119795621206703,-0.0614571555890312,0.0,93727.46047395447,241637.7961765214,-12963.998954550007,-2.0,-3.0,114.24946754875556,-411.7140590481164,-50.03526949719085,0.22777026941756032,-0.4259063099862188,-0.047367051940002416,-3.062,1.061,0.47547087484222406,-0.8794254630950028,-0.023201336963851488,0.07469364156238575,53.327362403069564,False
720575940631668475,729125.2999216914,317941.2028191073,144515.0195771339,right,0.3735329147975158,1.3309371916418875,129532.7431733322,-1.0,-9.0,0.3735329147975165,1.3309371916418882,False,-1.0,-9.0,-0.3735329147975165,1.3309371916418882,-0.3735329147975165,0.0,109099.92472802536,208545.24663221958,-31830.31083098769,-1.0,-9.0,17.86013159586572,-430.373229690492,-92.61619088076978,-0.08380289331087712,-0.45412121411966516,-0.13788998684417875,-6.124,8.485,0.02198831636378311,-0.9675490325399103,-0.2517248171606643,0.20080809292964175,76.99033228145039,False
720575940631679530,785195.4031007752,252473.4457364341,185871.3953488372,right,-0.2423679734799105,1.7694459827288425,130846.30080548696,3.0,6.0,-0.2423679734799105,1.7694459827288425,False,3.0,6.0,0.2423679734799105,1.7694459827288425,0.2423679734799105,0.0,79609.52752548826,259905.23826625373,43221.01318869807,3.0,6.0,144.42655307948016,-358.5125763121667,71.46597971175869,0.3260623339393514,-0.29803462840500344,0.1828187891833612,5.511,-3.182,0.5675371765822645,-0.7041467909881954,0.42670698369965565,0.14706898428037274,31.78295586014012,False
720575940631681095,785010.3690085359,302035.98686802364,190296.4937623113,right,-0.2082852064201813,1.391094275123785,132570.66094835024,-5.0,2.0,-0.208285206420181,1.3910942751237847,False,-5.0,2.0,0.208285206420181,1.3910942751237847,0.208285206420181,0.0,67422.30469341988,263405.0666532174,-4896.385098283745,-5.0,2.0,201.45977301158152,-344.01510584777816,-34.578249602752365,0.43320350486018555,-0.22098800793181048,-0.005596910506734747,-1.837,-7.425,0.7793766808646715,-0.6091516342325647,0.14665018184838366,0.2483610080907487,18.41486796886351,False
720575940631681298,720533.1747572816,376907.33009708737,188130.67961165047,right,0.2986378692303363,0.769779306940815,134870.17470619484,-17.0,-11.0,0.2986378692303373,0.7697793069408154,False,-17.0,-11.0,-0.2986378692303373,0.7697793069408154,-0.2986378692303373,0.0,56583.42523139877,204612.38439024825,-83596.17271366915,-17.0,-11.0,145.9627215833977,-284.3462683258903,-256.4632898683672,0.22099817794266896,0.04171529290322375,-0.44072981022988683,-17.146,-6.364,0.48134664986512976,-0.46910531017460305,-0.7404360948992194,0.5827170564673915,0.5938850024078562,True
720575940631682003,756877.3622559652,340887.5806218366,185362.4295010845,right,0.0058044873905716,1.0814008675397049,129638.93508436144,-10.0,-4.0,0.0058044873905729,1.081400867539705,False,-10.0,-4.0,-0.0058044873905729,1.081400867539705,-0.0058044873905729,0.0,65656.5581318939,238182.13664777964,-45956.625444714475,-10.0,-4.0,185.98748685535676,-342.86501765765496,-141.3109840519553,0.38788228288507426,-0.200057602085889,-0.2078243091599255,-8.573,-6.364,0.662329470491066,-0.695266068360326,-0.27915007917928036,0.3504269696153537,19.222943405346445,False
720575940631693928,317786.8558951965,332142.78602620086,210652.22707423585,left,-0.3239104158883573,0.9680716628314504,115230.95432091922,-12.0,-8.0,-0.3117160695210676,0.9868044433111822,True,-12.0,-8.0,0.3117160695210676,0.9868044433111822,0.3117160695210676,0.0,34086.39288895707,-200181.65550101173,-64851.82243844741,-12.0,-8.0,153.2104678922478,348.70358571754446,-183.57986732255654,0.31895993297265546,0.18397380652670212,-0.32355030256604705,-12.247,-4.243,0.5146720485588934,0.7318727111908915,-0.4466262610352039,0.4408176634481078,12.531209813081773,False
720575940631717906,764634.944262295,348015.92786885245,220143.0819672131,right,-0.2874119527427476,0.9442776383130376,126958.57030455544,-15.0,-1.0,-0.2874119527427464,0.9442776383130376,False,-15.0,-1.0,0.2874119527427464,0.9442776383130376,0.2874119527427464,0.0,30333.80907997719,246672.93898181155,-46903.65985185254,-15.0,-1.0,238.4356429690198,-240.6890051652833,-153.84255309207813,0.42314359219180353,0.0382663709345651,-0.2438773158324649,-9.798,-14.849,0.9464694791505683,-0.16316477239913674,-0.27851890794771905,0.3379845004329732,1.0239173231389278,True
720575940631718028,774184.3562152133,336930.6085343228,220089.9072356215,right,-0.3400187226013439,1.0502333001036637,127750.48933569102,-13.0,1.0,-0.3400187226013427,1.0502333001036637,False,-13.0,1.0,0.3400187226013427,1.0502333001036637,0.3400187226013427,0.0,32307.75198609709,255378.24452645273,-35310.575459641244,-13.0,1.0,244.75869225857844,-249.98201227140024,-120.28743247692424,0.4567365694683358,0.011921090471342922,-0.16228923587784908,-7.348,-14.849,0.9621359058907779,-0.19111934550868498,-0.19433963663664738,0.258868797570203,1.4468918816215084,True
720575940631721017,311751.7121212121,183824.25,193755.79545454544,left,-0.1361124593731901,2.347680762636868,118025.0238874186,16.0,6.0,-0.1289445725684912,2.3247350585115325,True,16.0,6.0,0.1289445725684912,2.3247350585115325,0.1289445725684912,0.0,74045.33044153155,-217249.89753273776,78089.63031205059,16.0,6.0,-37.46908369600964,348.8800602905923,159.29866319866449,-0.17985254731213232,0.1910846812185582,0.40314715362669573,13.472,10.607,-0.2980469357304103,0.5590977193955488,0.7736780753442668,0.19028481710449013,29.900174860977167,False
720575940631726440,708861.1925675676,333697.5472972973,141698.10810810814,right,0.5415370751232799,1.2156793492740652,131509.4323252906,-4.0,-12.0,0.5415370751232806,1.2156793492740658,False,-4.0,-12.0,-0.5415370751232806,1.2156793492740658,-0.5415370751232806,0.0,109028.45054566994,189480.2654613394,-49247.33735087377,-4.0,-12.0,11.23201376052726,-411.5685435693335,-142.99191418138477,-0.13548382852284072,-0.37316988661229206,-0.276482254799661,-9.798,8.485,-0.05200330778259949,-0.8930321887344292,-0.4469778136147957,0.28789875983179186,65.71026521466756,False
720575940631758423,745992.7950651131,282331.41877998627,141184.92117888966,right,0.2476247157194421,1.6074946894130404,131718.79695840226,5.0,-5.0,0.2476247157194425,1.6074946894130413,False,5.0,-5.0,-0.2476247157194425,1.6074946894130413,-0.2476247157194425,0.0,118309.18241144822,222718.30802260773,3918.4313960163963,5.0,-5.0,-7.577416581457605,-438.37528673359606,-5.136013285713039,-0.13691499078689703,-0.4645419769113812,0.02303708771579974,0.0,10.607,-0.002208953749801665,-0.9959530572084002,0.08984780665421166,0.28685643511325615,88.35619775301369,False
720575940631816332,794631.9039145907,284666.1921708185,200896.47686832736,right,-0.3333708461957645,1.506243013556499,133471.94216003103,-4.0,5.0,-0.3333708461957641,1.5062430135564988,False,-4.0,5.0,0.3333708461957641,1.5062430135564988,0.3333708461957641,0.0,59870.35982525329,271788.8959035496,14579.828071343467,-4.0,5.0,211.87090017001202,-315.5503005075025,-1.3026362467574686,0.4586465220651981,-0.15099823684712319,0.029057124872947936,0.612,-9.546,0.8303207862694445,-0.5280912727387818,0.17800842549167495,0.273653919099528,8.818128134464366,False
720575940631861775,263618.1238938053,202426.4495575221,249696.6371681416,left,0.5586885329695244,2.013520310457479,119815.9126980088,6.0,14.0,0.5406679810982208,2.0006985486572373,True,6.0,14.0,-0.5406679810982208,2.0006985486572373,-0.5406679810982208,0.0,15005.732363778538,-263511.450586454,65187.82875084903,6.0,14.0,158.27857585722947,261.5814362549348,145.2467440467974,0.30654746290845003,0.03127214075574525,0.37310517368168383,12.247,-8.485,0.604486984444034,0.359523191141104,0.7108716907216629,0.30353222406967895,0.6588630456433071,True
720575940631865874,775557.0491118078,250094.750261233,173584.70219435735,right,-0.1249298866886523,1.8080998980004008,129541.48002507984,5.0,4.0,-0.1249298866886526,1.8080998980004008,False,5.0,4.0,0.1249298866886526,1.8080998980004008,0.1249298866886526,0.0,91940.37137407673,250037.08626285495,42923.09630050356,5.0,4.0,100.48103394546598,-388.16249546472494,74.43697310987145,0.1921562314791288,-0.3963974775900035,0.18860406851021488,5.511,1.061,0.4238551922646574,-0.7935528955430823,0.4366011657857551,0.05922011623192329,48.79196999810697,False
720575940631868946,346911.72612612613,351585.2756756757,201569.0810810811,left,-0.6634421544578877,0.8583786378644451,125502.5092115045,-15.0,-14.0,-0.6385412132767424,0.8758108981179676,True,-15.0,-14.0,0.6385412132767424,0.8758108981179676,0.6385412132767424,0.0,40518.07014490066,-169762.59665096042,-83347.40021325303,-15.0,-14.0,92.92882972899433,326.9634252528824,-246.23387448823283,0.1429692759174473,0.07026317835274332,-0.46811352731861655,-17.759,-1.061,0.20381893115070707,0.6735023305529426,-0.7105296996215839,0.5965478032165228,9.805257275231455,False
720575940631885476,289464.8839966131,235946.42845046567,188268.38272650287,left,-0.1085835053151949,1.8595921521546748,117401.03507469848,8.0,-1.0,-0.1043693859823106,1.850049996667768,True,8.0,-1.0,0.1043693859823106,1.850049996667768,0.1043693859823106,0.0,70839.70171370445,-235667.62882366238,24293.28274755404,8.0,-1.0,2.3979135800036264,423.14940758687817,65.15305175477904,-0.12196662589956991,0.43260482518463556,0.1849323203127148,4.287,9.546,0.0931388520024123,0.9243068691609414,0.3701107481140896,0.34768720313952045,69.56407429088976,False
720575940631894753,767835.446685879,327916.3054755043,184693.22766570604,right,-0.0647747211171061,1.194751284920641,130904.98038981696,-8.0,-2.0,-0.0647747211171052,1.194751284920641,False,-8.0,-2.0,0.0647747211171052,1.194751284920641,0.0647747211171052,0.0,68561.69081110864,248149.1059964592,-32502.958639337936,-8.0,-2.0,190.33984167590387,-348.5593441559437,-101.37775470984943,0.4014949648448864,-0.2346141217566695,-0.12649784219600604,-6.124,-6.364,0.6503831212994609,-0.7266249812634592,-0.22139993706559236,0.3054565801189657,24.41051769053457,False
720575940631966511,298831.20300751884,179097.49624060147,220326.05263157893,left,0.2265444317677407,2.3653179785514142,113510.2915256365,14.0,11.0,0.2170507808577353,2.341120471358571,True,14.0,11.0,-0.2170507808577353,2.341120471358571,-0.2170507808577353,0.0,48322.37794288571,-230308.7520488278,86030.43359589552,14.0,11.0,37.86228478224806,311.96378146100636,184.8887829558368,-0.003533309642622667,0.15153624148893427,0.4609803477661428,15.309,3.182,0.1972644611998714,0.49034475161508634,0.8489103350242969,0.29043028927285147,21.43228231463015,False
720575940632034724,788722.9564050973,297541.7169684775,194925.33869885985,right,-0.2579537351467738,1.4184511672694553,132740.6082693479,-5.0,3.0,-0.2579537351467734,1.418451167269455,False,-5.0,3.0,0.2579537351467734,1.418451167269455,0.2579537351467734,0.0,63628.24920196521,266806.4600689771,529.814152819552,-5.0,3.0,209.16400353614807,-330.9476371139181,-26.1810765064236,0.447992029712286,-0.1919659190844153,0.001674758670002091,-1.225,-8.485,0.7909573364468411,-0.5875308623416949,0.17086245262474484,0.2872998668144525,14.519135138200813,False
720575940632055912,697804.3238095238,350970.65714285715,151206.00000000003,right,0.6173072302219316,1.0577328310769922,131344.89671596707,-9.0,-14.0,0.6173072302219325,1.057732831076993,False,-9.0,-14.0,-0.6173072302219325,1.057732831076993,-0.6173072302219325,0.0,96716.57680906853,179790.18751438768,-65542.57693712317,-9.0,-14.0,41.324032004936846,-377.12681999545134,-199.34072562853723,-0.044060654661167306,-0.24829605619546843,-0.41658901032460444,-14.085,5.303,0.017050980595829896,-0.7991136001509616,-0.6009381982487799,0.4027243786383258,42.7553408465505,False
720575940632094824,694998.2865412446,332419.1490593343,132464.25470332854,right,0.66559889119908,1.2495910830056904,135395.6251380902,-3.0,-14.0,0.6655988911990809,1.249591083005691,False,-3.0,-14.0,-0.6655988911990809,1.249591083005691,-0.6655988911990809,0.0,118094.88780091386,175500.38719457388,-50447.85115487182,-3.0,-14.0,-29.831810851101423,-400.7305270241802,-141.06916967124695,-0.25497021694190325,-0.29122524731359933,-0.28237607269743153,-10.41,11.667,-0.37288674729263677,-0.8142859218407404,-0.44485268481317797,0.2992338311372299,67.97367654295053,False
720575940632107033,789990.1701738335,230088.9990850869,205672.1683440073,right,-0.4307366960729981,1.912905551707467,131502.00979460057,4.0,11.0,-0.4307366960729985,1.9129055517074665,False,4.0,11.0,0.4307366960729985,1.9129055517074665,0.4307366960729985,0.0,63676.400547295896,263166.2431783589,68747.9629876493,4.0,11.0,166.5036922974882,-298.36171976878893,110.49155186686298,0.3614092086358602,-0.1439170811062867,0.2822820135854933,9.186,-7.425,0.6551613784644471,-0.4891764070404355,0.57573432324604,0.2137218050447824,12.157628378870811,False
720575940632113439,722653.2678288432,346552.8272583201,162732.83676703647,right,0.3732486004092063,1.0621434890904635,127890.01213822044,-9.0,-10.0,0.3732486004092071,1.0621434890904642,False,-9.0,-10.0,-0.3732486004092071,1.0621434890904642,-0.3732486004092071,0.0,86484.039880311,204320.93394388948,-57580.61278052346,-9.0,-10.0,100.58672944016416,-379.8239872278733,-177.42003678943277,0.16167968211070277,-0.3108754472209873,-0.3374291804689428,-11.635,1.061,0.3131465634020005,-0.8300841539054034,-0.46141036753053943,0.30246964227126344,35.848280858920916,False
720575940632129295,741886.3167785235,256119.21073825503,138043.677852349,right,0.2660289301092743,1.8099707830359848,131576.40183358936,9.0,-3.0,0.2660289301092744,1.809970783035986,False,9.0,-3.0,-0.2660289301092744,1.809970783035986,-0.2660289301092744,0.0,125469.03049570238,216669.28342531,28937.550101707388,9.0,-3.0,-40.513140320884105,-425.96361078830245,44.99951759923492,-0.24032649041094406,-0.4083456599856878,0.1206805467152122,3.674,12.728,-0.1644588996939464,-0.9382613079180412,0.30433367933139305,0.3494942811721857,74.80065425976358,False
720575940632147215,302033.05034550844,172503.36821322804,222029.02270483712,left,0.2483813166372376,2.428050306271302,115058.97706444978,15.0,12.0,0.2373915276322554,2.4029065644036463,True,15.0,12.0,-0.2373915276322554,2.4029065644036463,-0.2373915276322554,0.0,47738.92431444214,-227590.80889371064,93023.77505449766,15.0,12.0,31.746247246935063,297.8536738329511,194.05079991516905,-0.02820110847132541,0.0997094134888648,0.4743003084545406,16.534,3.182,0.10198969245420444,0.41887270286321193,0.9022991529582437,0.2779823437329338,15.929674738967648,False
720575940632155922,754079.0086705203,286829.0057803468,149842.80346820806,right,0.1630827085752993,1.5615752141421222,130385.54539696108,3.0,-4.0,0.1630827085752997,1.5615752141421229,False,3.0,-4.0,-0.1630827085752997,1.5615752141421229,-0.1630827085752997,0.0,109198.8414473401,231170.97732657343,1442.9245409931464,3.0,-4.0,34.032361904749514,-435.3265572114115,-13.020708877144003,-0.00834374636675932,-0.4814641208796886,0.004009331275574408,-0.612,7.425,0.18147211159865034,-0.9746968728316115,0.1305139027238258,0.23523721421685478,81.4041351983692,False
720575940632161491,310819.23529411765,221523.0,175271.7647058824,left,-0.3121202503832576,2.017790344098294,116929.56777106583,12.0,-2.0,-0.3002675060573083,2.0040867443250985,True,12.0,-2.0,0.3002675060573083,2.0040867443250985,0.3002675060573083,0.0,86333.88975120288,-215521.11985426676,37968.22336832293,12.0,-2.0,-68.99334930307091,403.0337695700155,78.69415844074324,-0.30446692082419125,0.32303313299534614,0.17804797935712646,6.124,14.849,-0.45136628190708916,0.7707998224001283,0.44959549969422596,0.2226905083605686,57.29290078669564,False
720575940632164044,775517.9822723609,217717.02497985493,191750.8783239323,right,-0.2989330960794096,2.046657500163906,128506.48383531724,8.0,10.0,-0.2989330960794106,2.0466575001639056,False,8.0,10.0,0.2989330960794106,2.0466575001639056,0.2989330960794106,0.0,79108.97964903242,247729.76718763608,77684.57269131106,8.0,10.0,111.71577637658787,-329.7302964054477,137.44825419947063,0.21220400167898584,-0.23420110821107007,0.35990362486474053,11.023,-2.121,0.5102528010468449,-0.5717280463341584,0.6424711044543369,0.15257667798210472,21.900939896954178,False
720575940632172492,280909.28282168513,292461.4683213585,212211.2867406924,left,0.0066674868161568,1.334581717064995,116057.0088023214,-4.0,-2.0,0.0061809475275729,1.3420961850238329,True,-4.0,-2.0,-0.0061809475275729,1.3420961850238329,-0.0061809475275729,0.0,38133.720600132954,-239874.2488169193,-28176.078248524074,-4.0,-2.0,150.7249672224591,391.2242009567997,-52.94290379959819,0.33239921171455733,0.3515656278706818,-0.05120618255626544,-3.674,-2.121,0.5729354770136105,0.819526507550984,-0.011011021772475468,0.17467809205758014,41.69417094009117,False
720575940632194221,783244.1716171617,248339.61716171616,183327.42574257424,right,-0.2232854714333166,1.804802825877416,130923.42843658425,4.0,6.0,-0.2232854714333169,1.804802825877416,False,4.0,6.0,0.2232854714333169,1.804802825877416,0.2232854714333169,0.0,82737.59627061455,257637.7573141521,46748.241619493136,4.0,6.0,132.15752424036398,-362.2483393166302,79.77981881899468,0.28778483793463744,-0.31847439592125526,0.20858755288231293,6.124,-2.121,0.5654873774977265,-0.6849336635589048,0.4594452115481461,0.047114023050533506,35.31747107560891,False
720575940632213933,762723.1003194888,284084.9303514377,156426.81150159746,right,0.0781407323696518,1.5728137318706703,130956.05718912413,2.0,-2.0,0.0781407323696522,1.572813731870671,False,2.0,-2.0,-0.0781407323696522,1.572813731870671,-0.0781407323696522,0.0,103288.06515038692,239632.27704696028,5809.681093424657,2.0,-2.0,75.44305948995148,-424.41811055367174,-4.286769279973689,0.12652576383685848,-0.466348504723562,0.010644334486571571,0.0,4.243,0.3121024575528428,-0.9347982419104587,0.16954144894565323,0.1589073546869466,65.23383483515468,False
720575940632226371,264137.9628252788,201816.97149938045,254555.9355638166,left,0.6033899512167917,2.012209563642926,118819.4847178958,6.0,15.0,0.5838731493509508,1.9995751672869284,True,6.0,15.0,-0.5838731493509508,1.9995751672869284,-0.5838731493509508,0.0,10313.580368791954,-263006.0217306287,66595.92258432879,6.0,15.0,163.68595892943335,247.57179844183048,148.1289349285255,0.32265087941414367,-0.013255825927708718,0.3607462923512831,12.86,-9.546,0.6232301004117187,0.28104824786155935,0.7297918362894632,0.31308666491012355,3.226232039228147,True
720575940632232418,727801.6892430278,363755.1075697211,181974.70119521912,right,0.2560021082760987,0.8834327299441365,130456.88066454422,-14.0,-9.0,0.2560021082760997,0.883432729944137,False,-14.0,-9.0,-0.2560021082760997,0.883432729944137,-0.2560021082760997,0.0,64867.26050008543,210850.47287390905,-71099.26686407127,-14.0,-9.0,156.6546555139178,-319.45947797877426,-219.48194844658948,0.29410908719582646,-0.09137928979800486,-0.38518876939867397,-14.085,-5.303,0.5165279772856397,-0.6474924694014519,-0.5603145105649288,0.524374816626744,5.921717288829061,False
720575940632238675,723893.3036565977,343450.9030206677,159944.13354531,right,0.3723203868852615,1.0958606278698406,128399.10076336336,-8.0,-10.0,0.3723203868852623,1.0958606278698413,False,-8.0,-10.0,-0.3723203868852623,1.0958606278698413,-0.3723203868852623,0.0,89749.02908504548,205310.45361249647,-54879.282588280184,-8.0,-10.0,88.23801259629731,-389.01075166605256,-168.22789329220984,0.12909168403972396,-0.3467148245735545,-0.3107371835757497,-11.023,2.121,0.2769462345746628,-0.8597428721160204,-0.4291188378533527,0.2578220749471006,42.224574017206,False
720575940632258575,275079.86502057617,226179.0222222222,208005.36625514404,left,0.1228081319581499,1.9016033931607497,117643.17089629252,7.0,4.0,0.1191486663114579,1.890534085782944,True,7.0,4.0,-0.1191486663114579,1.890534085782944,-0.1191486663114579,0.0,52631.57925071958,-250603.67345135292,36009.014113154175,7.0,4.0,72.19414652355589,388.05813291763667,98.79158207958056,0.11296408592733943,0.3892414131597243,0.2558630150550643,6.736,3.182,0.3931048589114383,0.7752229129408108,0.4944673954385491,0.16659496025022724,46.99946792836159,False
720575940632263016,293745.98716773605,182867.5857011916,221911.8973418881,left,0.258174372609223,2.3127116004943145,113886.51525229416,13.0,11.0,0.2477636939273397,2.289968055157141,True,13.0,11.0,-0.2477636939273397,2.289968055157141,-0.2477636939273397,0.0,46069.76490760882,-235091.53240012992,82204.38540647797,13.0,11.0,50.46511278115882,314.2542407912644,180.4695923651577,0.03310249738416573,0.15713498471812515,0.4574248130157752,14.697,2.121,0.23316005375439264,0.5077043846152522,0.8293808818484405,0.2727247600465854,22.077505487446505,False
720575940632281912,254295.9247863248,217980.4991452992,248401.9829059829,left,0.5236225776465159,1.8709094241606945,123579.5456101681,3.0,12.0,0.5079096408932288,1.861839373594906,True,3.0,12.0,-0.5079096408932288,1.861839373594906,-0.5079096408932288,0.0,13662.04752621494,-271669.4638717335,48996.80300410987,3.0,12.0,182.41312431393663,272.6963476162506,114.41149119972228,0.38618594148309016,0.05988840261189209,0.2853582679917647,9.186,-9.546,0.6931330721955312,0.40668346068795963,0.5951261269946476,0.3029625491176928,2.44185112820236,True
720575940632285068,310214.772845953,170766.5953002611,210268.6684073108,left,0.0655746525377277,2.466467032259903,117191.41847463498,17.0,10.0,0.0635275432606949,2.4404540779345467,True,17.0,10.0,-0.0635275432606949,2.4404540779345467,-0.0635275432606949,76.0,59772.7380093877,-219636.99526599114,93456.29460282701,17.0,10.0,-12.154620631593687,310.48707596635046,187.827081362422,-0.12549191525956543,0.10331875815144702,0.45490314526963166,16.534,7.425,-0.1719103329564483,0.3652949458796223,0.9148805604763973,0.17733777547086324,17.72823101437749,False
720575940632299538,259912.1248374513,284377.6488946684,257292.43172951887,left,0.4545671777101671,1.3121226866247229,117541.66484119176,-7.0,6.0,0.4392539704550843,1.3186414353124196,True,-7.0,6.0,-0.4392539704550843,1.3186414353124196,-0.4392539704550843,0.0,-5482.917273756633,-261113.39604158464,-14573.654229667263,-7.0,6.0,241.56263794980197,269.1447684034386,-15.714169308218224,0.4867427597008204,-0.0092686392665232,-0.012029731965791404,-0.612,-13.789,0.9458614679175049,0.28846136102843606,0.148782145106747,0.3590363579472834,0.9699815090733134,True
720575940632315178,302034.8158415842,181449.05742574256,209529.7821782177,left,0.0869738576853597,2.3524595946434035,115386.65094963853,15.0,9.0,0.0840920088698585,2.328586482479185,True,15.0,9.0,-0.0840920088698585,2.328586482479185,-0.0840920088698585,0.0,58669.22448707208,-227011.52614301044,82232.6054247908,15.0,9.0,5.60309456201816,330.06315968157696,179.32131516574893,-0.11107939071753686,0.16767096217538813,0.44432188230283076,14.697,6.364,0.020854730463600486,0.530967347734028,0.8471356183383996,0.31903497727402447,25.361970897414988,False
720575940632333260,332042.4104803494,347841.6943231441,218069.12663755447,left,-0.4400563284226363,0.7988478735008486,118042.35051388302,-16.0,-10.0,-0.4216325898545695,0.8208019175774302,True,-16.0,-10.0,0.4216325898545695,0.8208019175774302,0.4216325898545695,0.0,24547.234795298256,-184758.64415233422,-78111.61659903717,-16.0,-10.0,157.1523106353356,307.29067015762814,-233.1312503695851,0.2839808727225026,0.04644191654523336,-0.4010392253964393,-15.922,-6.364,0.5407796248335437,0.5838259415676863,-0.6055614480112619,0.5392918173968226,1.379286725899424,True
720575940632378695,747556.626609442,313754.7353361946,156041.7167381974,right,0.1978393824491829,1.3451130968468614,128755.56620361622,-2.0,-6.0,0.1978393824491835,1.345113096846862,False,-2.0,-6.0,-0.1978393824491835,1.345113096846862,-0.1978393824491835,0.0,98714.41474277686,226693.05384241528,-24556.842833751663,-2.0,-6.0,77.30024457998836,-425.17403189272517,-77.97785798764394,0.10674017045333718,-0.4603402719893438,-0.09945467124500885,-4.899,4.243,0.26985735657956367,-0.9494202704209245,-0.16055577602113555,0.06678750009706373,64.57058527271771,False
720575940632382767,251307.0650887574,290349.0650887574,269551.18343195267,left,0.553539059501862,1.2597852253992463,126759.33193513213,-9.0,7.0,0.536243659641427,1.2666342486688484,True,-9.0,7.0,-0.536243659641427,1.2666342486688484,-0.536243659641427,0.0,-18684.208409200663,-269173.8006849342,-19127.514930903046,-9.0,7.0,249.58247408479562,230.1967029154286,-30.626805389110608,0.4778344781299376,-0.055898340373812916,-0.047131463783746545,-1.225,-16.971,0.9968652375094681,0.02383410845144135,0.07544291563504782,0.22279285005071192,1.0610877367421643,True
720575940632391264,315300.0980735552,231700.07705779336,170849.3520140105,left,-0.3815213315510149,1.937465077773044,116359.52186106388,11.0,-4.0,-0.3677275622304224,1.926349162413326,True,11.0,-4.0,0.3677275622304224,1.926349162413326,0.3677275622304224,0.0,89176.98724342306,-210331.0878158263,27566.82313588616,11.0,-4.0,-77.48395103656242,409.12210086040403,55.83695823876685,-0.3366481907589332,0.31505864100090014,0.12486519779097975,4.287,15.91,-0.47066415538346335,0.8027122210540891,0.36623536558828174,0.2948029037814569,60.46697872622909,False
720575940632396444,716115.521875,307159.85625,131218.65624999997,right,0.5011467628375056,1.4362149125639894,131902.99848625937,3.0,-10.0,0.5011467628375063,1.4362149125639905,False,3.0,-10.0,-0.5011467628375063,1.4362149125639905,-0.5011467628375063,0.0,123691.27121809415,194688.58623999005,-24255.972128783847,3.0,-10.0,-48.326799365154514,-426.8410114267894,-65.28744898318348,-0.29510120840211645,-0.37312973313962516,-0.08810289880024307,-4.287,13.789,-0.35088263456972746,-0.8958298825425778,-0.27270899930357717,0.30256850263218926,79.17388419667012,False
720575940632406543,776212.5346373268,232158.6438467808,180561.56479217607,right,-0.1978617870317366,1.939463361329146,129785.02187443573,7.0,7.0,-0.1978617870317372,1.9394633613291457,False,7.0,7.0,0.1978617870317372,1.9394633613291457,0.1978617870317372,0.0,87891.96853421962,249413.8778898777,61738.84056066102,7.0,7.0,101.9070570659903,-362.57046260767623,111.97197669364415,0.1926363113238227,-0.32126496472216814,0.29385786847405343,8.573,0.0,0.487577401951774,-0.6805608425121099,0.5469051259086585,0.10895943126375914,34.70946586284898,False
720575940632433052,761700.8709422011,227225.3048297704,166344.6714172605,right,-0.0379930681596262,2.0068863613786205,128485.35684818008,10.0,5.0,-0.037993068159627,2.006886361378621,False,10.0,5.0,0.037993068159627,2.006886361378621,0.037993068159627,0.0,102442.78719742791,234484.6903597393,63300.66968425106,10.0,5.0,39.09011201941425,-384.66840298482026,120.19696838964518,-0.014729444429475333,-0.36467728855394294,0.32066567929791945,9.186,5.303,0.20622220383674342,-0.7907320234583279,0.5763811843929459,0.25477047624511384,48.03244994043921,False
720575940632443804,723329.9373412363,340374.26248941576,157484.33530906014,right,0.3839978640821317,1.124973943469512,128090.63151472948,-7.0,-10.0,0.3839978640821324,1.1249739434695123,False,-7.0,-10.0,-0.3839978640821324,1.1249739434695123,-0.3839978640821324,0.0,92652.5219082714,204505.54969596167,-52280.13560561323,-7.0,-10.0,77.94355482828692,-397.05813101533647,-157.63523982151688,0.09877087886772147,-0.3641093760873595,-0.29501235504977874,-10.41,3.182,0.25312191884872703,-0.8716942125356593,-0.41961708024123057,0.23111666787801394,46.71440338243609,False
720575940632460077,756711.3345070422,195325.6514084508,187745.9507042253,right,-0.222289406646353,2.2690375656786657,126953.40810337044,13.0,11.0,-0.2222894066463547,2.2690375656786657,False,13.0,11.0,0.2222894066463547,2.2690375656786657,0.2222894066463547,0.0,86251.95389886932,227297.02983661575,97749.07415614747,13.0,11.0,50.61224924023499,-322.38906149063286,176.22827827167347,0.026536785851005745,-0.20334528051008757,0.43936749039923634,14.697,2.121,0.2556462028339373,-0.5374041070391343,0.8036428589330338,0.2552624959200626,23.80704713711723,False
720575940632506579,341008.1732851986,334537.24909747293,190384.94584837544,left,-0.6251735607289103,1.0237952827675487,120763.18473588835,-11.0,-13.0,-0.6032345677802244,1.038443588634283,True,-11.0,-13.0,0.6032345677802244,1.038443588634283,0.6032345677802244,0.0,54141.21814549553,-176980.81176440266,-68757.01857361993,-11.0,-13.0,73.52134874015091,370.45236520384753,-205.0409866497173,0.08200573148309225,0.2448786842137168,-0.4119974841919993,-14.697,2.121,0.140344046807304,0.7816841188688868,-0.6076787694447794,0.3702780106828896,28.759318110962628,False
720575940632527524,735608.2608695652,180506.9431438127,174325.28428093644,right,0.0034967208711707,2.4256951634715387,130786.08745870682,18.0,10.0,0.0034967208711681,2.42569516347154,False,18.0,10.0,-0.0034967208711681,2.42569516347154,-0.0034967208711681,0.0,101455.54214845289,205070.7157792527,108698.50275251782,18.0,10.0,-24.953322528582518,-313.23152865716315,183.52596072500927,-0.18199670404180399,-0.0723454862033615,0.4416491203597673,17.146,8.485,-0.260590166782588,-0.43363509955559404,0.8625852800793862,0.3122910729299879,17.34829841198511,False
720575940632606509,704724.1892473118,340694.911827957,144502.5806451613,right,0.5705137177448916,1.156217648778333,131884.83879175832,-6.0,-13.0,0.5705137177448923,1.156217648778334,False,-6.0,-13.0,-0.5705137177448923,1.156217648778334,-0.5705137177448923,0.0,105081.023905788,185889.1233691795,-55990.07377272028,-6.0,-13.0,18.939402555057555,-399.487282253699,-167.18871239410922,-0.11247581723433356,-0.32691498921923395,-0.34188179710057626,-11.635,7.425,-0.05507115933500953,-0.8683578891150678,-0.4928709200400462,0.33880625925994495,57.081894530244305,False
720575940632700256,767588.5080500896,196130.7119856888,197982.0393559928,right,-0.3575450259293364,2.2244288957235114,129774.581873141,11.0,13.0,-0.3575450259293379,2.2244288957235105,False,11.0,13.0,0.3575450259293379,2.2244288957235105,0.3575450259293379,0.0,76216.35933543829,238271.0555834177,99360.32782096798,11.0,13.0,93.00917844350046,-298.2622497885466,173.10005236278784,0.14989130844622864,-0.13433531007932498,0.4427717540018963,14.697,-2.121,0.44982576191600093,-0.47184331409296265,0.7583011742457341,0.28638960923403856,12.34243097992142,False
720575940632709187,334695.43498596817,313271.59962581855,176124.78952291858,left,-0.5948475877361405,1.2415719983938434,119879.85660189738,-5.0,-12.0,-0.5755190832118089,1.250933042771485,True,-5.0,-12.0,0.5755190832118089,1.250933042771485,0.5755190832118089,0.0,71458.97860548118,-184938.37448040934,-50530.58340423782,-5.0,-12.0,21.618533128290757,411.88918520588925,-139.568599674927,-0.07310919248844125,0.3991265032326826,-0.2608413636323269,-10.41,7.425,-0.03836636364043679,0.8982908928656468,-0.4377230790530116,0.1688691398025842,59.41149724749818,False
720575940632717359,737270.4797297297,206547.55405405405,155047.19594594592,right,0.1650265120045755,2.20540957157687,129364.08017852152,15.0,5.0,0.1650265120045744,2.2054095715768707,False,15.0,5.0,-0.1650265120045744,2.2054095715768707,-0.1650265120045744,0.0,116413.464366761,208522.0537650406,80117.56667638014,15.0,5.0,-35.82741094340235,-365.5077436396051,143.17255072283572,-0.22925243445647558,-0.22081473738913324,0.3694545228696179,12.247,10.607,-0.27861032586544476,-0.6613902865719726,0.6963757427922046,0.290726379024508,37.638132017315215,False
720575940632769678,750967.0567056705,195432.1116111611,180552.2952295229,right,-0.1287265973337067,2.282870212327292,126802.3680266926,14.0,10.0,-0.1287265973337084,2.282870212327292,False,14.0,10.0,0.1287265973337084,2.282870212327292,0.1287265973337084,48.0,93233.23955627032,221529.04915874958,96091.12669246312,14.0,10.0,31.364603704093657,-331.02420237067156,176.6358535653725,-0.05399725104098922,-0.20116942555352652,0.4406962761574007,14.697,4.243,0.14589988613336854,-0.5954130767871242,0.7900610680302886,0.3366556821458176,27.0027286004826,False
720575940632772655,259812.22941176468,290702.5117647059,244083.8823529412,left,0.334448901998076,1.29609990079505,121868.2847638977,-7.0,3.0,0.3232615129657064,1.30346771581559,True,-7.0,3.0,-0.3232615129657064,1.30346771581559,-0.3232615129657064,0.0,6559.095858067704,-260833.44754958124,-22903.791961369992,-7.0,3.0,226.1831361989094,309.8343664952236,-39.51091601696255,0.47338359508831174,0.1029839467143212,-0.013095238885623544,-2.449,-10.607,0.8587800739311919,0.5035203145728433,0.0946788119443927,0.338406345905716,7.17118098459935,False
720575940632787816,783590.8883455584,275013.3594132029,181273.96903015484,right,-0.177585773778573,1.6053817261884111,131204.37155411142,0.0,3.0,-0.1775857737785728,1.6053817261884111,False,0.0,3.0,0.1775857737785728,1.6053817261884111,0.1775857737785728,0.0,80565.49674617358,259937.20658829785,20180.969660373325,0.0,3.0,155.40499555811226,-373.96576093568814,20.56148604319796,0.33964936007470004,-0.33366940526453326,0.061929607016584655,1.837,-3.182,0.614970616956599,-0.7425762025770305,0.2653143864291893,0.1716695305674348,34.763551845904516,False
720575940632807359,726869.3654618474,311258.1140562249,138440.25702811242,right,0.4058917747558326,1.3938690234105509,131090.83507888304,1.0,-9.0,0.4058917747558332,1.3938690234105515,False,1.0,-9.0,-0.4058917747558332,1.3938690234105515,-0.4058917747558332,0.0,116110.44983157658,205762.66413447136,-26374.54066149061,1.0,-9.0,-8.59077435916235,-433.7116078994167,-74.93854824166694,-0.1659729085699426,-0.4364774208090994,-0.1071856415494413,-4.899,10.607,-0.1004673700094508,-0.9680654206776018,-0.22968597878773966,0.2532273478505344,85.12756901245531,False
720575940632811112,752685.4583063995,339488.85326438263,178182.4692954105,right,0.0736197336084235,1.1057671104956768,129842.05947157645,-9.0,-5.0,0.0736197336084244,1.105767110495677,False,-9.0,-5.0,-0.0736197336084244,1.105767110495677,-0.0736197336084244,0.0,72889.86711900303,233851.3509190842,-46018.766953152866,-9.0,-5.0,165.05768568675424,-359.63956681830996,-139.00867691876334,0.3526974510680296,-0.26063646711964794,-0.2193421085063052,-8.573,-4.243,0.5835572674403914,-0.7666847018896153,-0.26768541892664877,0.3270095331576937,26.05522051075525,False
720575940632814648,799625.5862068965,263191.3793103448,227379.3103448276,right,-0.5639304423706236,1.628765052553759,130182.62139159912,-3.0,11.0,-0.5639304423706236,1.628765052553758,False,-3.0,11.0,0.5639304423706236,1.628765052553758,0.5639304423706236,0.0,37200.06412547054,275359.3122942842,40284.97811669589,-3.0,11.0,231.50044178582274,-240.45334255040504,48.589216266106234,0.46936440964546106,0.03348186856557802,0.12028797268519402,4.899,-14.849,0.9140224020954612,-0.2235134652474765,0.3385332765337972,0.3119507483437091,1.4836041229776313,True
720575940632845463,774141.3775933611,290408.9626556017,171691.81189488244,right,-0.059091876188762,1.5033580984912962,130571.74966789548,-1.0,0.0,-0.0590918761887617,1.5033580984912964,False,-1.0,0.0,0.0590918761887617,1.5033580984912964,0.0590918761887617,0.0,87426.92826702957,251586.02794687176,2822.566484911107,-1.0,0.0,135.86690532794591,-394.67955561011206,-13.942135448485871,0.3053305554554843,-0.3750317851767438,0.0030500972153128677,-0.612,-1.061,0.5631699285501218,-0.8106368011088623,0.16033592318891507,0.17228779302288272,41.50330737147929,False
720575940632856289,772266.6436961628,286045.046202036,169609.89819890363,right,-0.0427173790977458,1.5389857022028357,129631.22603949768,0.0,0.0,-0.0427173790977452,1.538985702202836,False,0.0,0.0,0.0427173790977452,1.538985702202836,0.0427173790977452,0.0,90136.46804719372,249380.90512880258,6655.13561976673,0.0,0.0,124.82797008123912,-400.9710227065076,-3.7923885879410766,0.27513466163621325,-0.39804482274714337,0.019107417818625363,0.0,0.0,0.5476955065999453,-0.8245923186547632,0.14169382507996178,0.10434477682335945,45.76345655563662,False
720575940632931236,245684.1450151057,241857.6918429004,267494.98489425983,left,0.6335259356084872,1.6405589607392546,126103.94440956548,-2.0,13.0,0.6155959990033268,1.6375438688642254,True,-2.0,13.0,-0.6155959990033268,1.6375438688642254,-0.6155959990033268,0.0,-9110.305133730013,-278371.0585692525,27893.8555864625,-2.0,13.0,227.7902349905701,220.84774814603304,72.30535606565937,0.4554373499686973,-0.06001647738204408,0.15190004983720928,6.736,-15.91,0.8911918486920954,0.19725310503179222,0.4084951668992942,0.340285354260179,0.9754024561073714,True
720575940632932143,737540.5559232298,281709.58041032427,135922.2236929186,right,0.3225070977432301,1.6196800382714596,131513.6425607334,6.0,-6.0,0.3225070977432305,1.6196800382714605,False,6.0,-6.0,-0.3225070977432305,1.6196800382714605,-0.3225070977432305,0.0,123449.61038054727,214208.78951740966,3089.510770980163,6.0,-6.0,-32.5278176156561,-435.8242717205639,-6.189414013225718,-0.23173157241815223,-0.42953897870684293,0.038173136760738656,0.0,12.728,-0.16665111103909233,-0.982037744510387,0.08848319358153986,0.32566542165786694,84.76176546338466,False
720575940632958163,280197.87677725113,243001.25434439167,195743.9178515008,left,-0.0186780967907175,1.781528067639883,118564.36706385584,6.0,0.0,-0.0176355869023585,1.774403276083769,True,6.0,0.0,0.0176355869023585,1.774403276083769,0.0176355869023585,0.0,62178.134634473805,-244339.72776175727,17866.497210267535,6.0,0.0,42.978260769317124,418.8549263515429,57.677519760353746,0.015198686654427277,0.45593576279407777,0.15699859198280072,3.674,6.364,0.22086962476304803,0.9052040723506297,0.36307326568733533,0.19746188707443443,65.43067659079524,False
720575940632959583,293071.04381245194,274601.143735588,187046.30284396623,left,-0.1942893575172596,1.538366668527147,117533.81753330358,2.0,-5.0,-0.1877936795739035,1.539352095854107,True,2.0,-5.0,0.1877936795739035,1.539352095854107,0.1877936795739035,0.0,66016.87980697276,-229228.61583221678,-13706.24859406234,2.0,-5.0,35.27955062400069,437.8003624881907,-19.41818471698604,-0.00010367656656193096,0.480612424739443,0.01273644182517939,-1.837,7.425,0.13383706441477347,0.9885782046560422,0.06928761410145685,0.1412706573356404,79.81689096854831,False
720575940633004359,787404.1580170409,256905.74128582497,188029.7134004648,right,-0.2590439883752284,1.7318491042782125,131360.3813294938,2.0,6.0,-0.2590439883752289,1.7318491042782125,False,2.0,6.0,0.2590439883752289,1.7318491042782125,0.2590439883752289,0.0,76819.84046210267,262449.01081338525,39357.200790806695,2.0,6.0,156.74759392574478,-351.90670677262415,62.54888928846974,0.3610434880044918,-0.2727843098844703,0.1573178568380016,4.899,-4.243,0.6326362201076108,-0.6844417817841644,0.3623684041911946,0.1705857863577354,28.00696421809446,False
720575940633027539,763885.5176358436,188882.1887511916,200879.1992373689,right,-0.3842370827863476,2.2875744227850285,130133.96605467451,12.0,14.0,-0.3842370827863494,2.2875744227850285,False,12.0,14.0,0.3842370827863494,2.2875744227850285,0.3842370827863494,0.0,74431.55190873123,234062.7083997035,106691.83782220203,12.0,14.0,85.71137916425454,-286.4394859788231,183.98518748419053,0.1322679986145755,-0.09527634893845757,0.45594629032080247,15.922,-2.121,0.39742935665362955,-0.4151289347088835,0.8183629231809991,0.28077660354201195,10.873360871484657,False
720575940633074783,738016.831441048,357073.2506550218,185003.1790393013,right,0.1513600970702986,0.933194297671732,128977.07545107076,-13.0,-7.0,0.1513600970702996,0.9331942976717322,False,-13.0,-7.0,-0.1513600970702996,0.9331942976717322,-0.1513600970702996,0.0,63116.390605749504,220564.70934495548,-63305.93096703189,-13.0,-7.0,173.64575234563398,-323.50081251905203,-193.63917189167034,0.33931020216747,-0.12426852484579726,-0.33168612806608566,-12.247,-6.364,0.6213642735345587,-0.6358157215100251,-0.45786985908176636,0.4497780637449572,7.010433641357117,False
720575940633076691,704023.3421052631,356949.9962406015,160009.1353383459,right,0.5455894746744704,0.986405456360067,130486.59142651178,-11.0,-13.0,0.5455894746744713,0.9864054563600676,False,-11.0,-13.0,-0.5455894746744713,0.9864054563600676,-0.5455894746744713,0.0,87195.25292164905,186491.02182129555,-69588.20265090474,-11.0,-13.0,76.16263371251642,-361.428580385269,-214.91177603277086,0.07055977326410816,-0.2127990488777704,-0.43524555433915973,-14.697,2.121,0.16899488798569753,-0.750792034083329,-0.6385546565421938,0.4068904445301504,29.232462323220673,False
720575940633110343,273854.5421853389,289545.47717842326,223926.63900414936,left,0.1308987572308025,1.333518955676298,115392.6281108788,-5.0,0.0,0.1260988894283037,1.3408261574756994,True,-5.0,0.0,-0.1260988894283037,1.3408261574756994,-0.1260988894283037,0.0,26898.45197943539,-247047.6121770481,-23953.111806198525,-5.0,0.0,183.5365144675691,365.26521586712823,-44.88934926104678,0.4108707863221066,0.2614206830951556,-0.029220439925680887,-3.062,-5.303,0.6800661586925807,0.7319275279294276,0.04233336344108207,0.2750562164231436,27.36841254393742,False
720575940633138330,723432.7085714287,333855.0106122449,152182.4,right,0.3983273858074686,1.1891233520479476,128433.59512066314,-5.0,-10.0,0.3983273858074693,1.189123352047948,False,-5.0,-10.0,-0.3983273858074693,1.189123352047948,-0.3983273858074693,0.0,98917.04911417724,204092.36525602,-46693.83965120249,-5.0,-10.0,53.02780707825527,-410.9646921153611,-139.05180546711432,0.021363165835603323,-0.41355048686306206,-0.24662397469392927,-9.186,5.303,0.1317314913021974,-0.9136869379081765,-0.38447755941703443,0.16426178413154627,58.51213797425563,False
720575940633149324,797266.3100189036,260688.2873345936,205040.5293005672,right,-0.4005661197540966,1.6771784707691233,133473.1094437085,-1.0,8.0,-0.4005661197540969,1.6771784707691224,False,-1.0,8.0,0.4005661197540969,1.6771784707691224,0.4005661197540969,0.0,59607.47168147369,272674.95743538527,39037.93452307666,-1.0,8.0,203.49269984575503,-304.83956866259956,48.502675664534166,0.4398437992017501,-0.15360642233375385,0.12845037124446312,4.287,-9.546,0.7817625295746454,-0.4894888451799231,0.3863263099990435,0.24652753654079368,11.627721438123924,False
720575940633173933,320957.30325814534,202020.5463659148,175610.27568922305,left,-0.3688650753344947,2.198296761796888,118206.75483183142,15.0,1.0,-0.3536273110972388,2.180266920236788,True,15.0,1.0,0.3536273110972388,2.180266920236788,0.3536273110972388,2.0,89258.99572793487,-206846.9624291366,57954.304961963935,15.0,1.0,-76.13100932385099,372.30088647748516,113.4126275636664,-0.31540739317774813,0.21507365916449467,0.2886285574093543,9.798,14.849,-0.5424712258296382,0.6209012593633635,0.5658680016292483,0.21107673614512285,38.854068085239376,False
720575940633202828,247247.22795341097,262341.8236272879,266756.20632279536,left,0.5883119191074472,1.4832132939508105,124908.9439654074,-5.0,10.0,0.5710472548690463,1.4842348483444792,True,-5.0,10.0,-0.5710472548690463,1.4842348483444792,-0.5710472548690463,0.0,-11582.354599249884,-275306.4182998538,7717.492473427698,-5.0,10.0,241.54046274760017,234.04971038527285,28.335443606746068,0.4765336621795204,-0.05373343678572873,0.06232879381788175,3.062,-15.91,0.9623868135556921,0.17630398286159682,0.20670879691309596,0.2997774516128399,1.9617496862380768,True
720575940633222113,271221.408929837,299598.6250885897,239199.31963146705,left,0.2422928044822759,1.2148091725993126,116295.86080881803,-8.0,1.0,0.233228073092704,1.2254327215607883,True,-8.0,1.0,-0.233228073092704,1.2254327215607883,-0.233228073092704,0.0,10186.37467533258,-248831.6280676346,-31619.773835581665,-8.0,1.0,219.59436069843824,323.6442841177313,-66.29854147248734,0.46373620792248915,0.13276088215585696,-0.06286327985802709,-4.287,-9.546,0.8308720489399458,0.5559377670235864,-0.024183413472146982,0.3272282495539032,11.678586572533817,False
720575940633232199,260153.1764705883,240145.639589169,234301.6993464052,left,0.3545550846387736,1.727599361806944,117656.03261674788,1.0,7.0,0.3433801502311239,1.721918624421825,True,1.0,7.0,-0.3433801502311239,1.721918624421825,-0.3433801502311239,0.0,24195.11075665558,-264286.36355173925,25354.39929174977,1.0,7.0,176.1429037241566,329.85896122292075,67.70953782096326,0.39616355079324095,0.20775627474708927,0.17673393866305104,4.899,-6.364,0.6384279693723978,0.6286722438793768,0.4440506026329726,0.2817886501153455,17.294569972857264,False
720575940633242705,254645.1159874608,224153.57993730408,256674.54545454544,left,0.5789006104036362,1.810081575634124,120522.62167327688,2.0,13.0,0.5613761747761123,1.8025101750049424,True,2.0,13.0,-0.5613761747761123,1.8025101750049424,-0.5613761747761123,0.0,4527.346919378286,-270811.54608712334,44254.92848259862,2.0,13.0,196.3467978447769,251.0319855513705,109.85701762133809,0.4147002543261533,-0.0031641293208589895,0.25215349398395015,9.186,-11.667,0.7792778976285634,0.3032685619136605,0.5484105557175452,0.3214614344319835,1.169371972585519,True
720575940633245092,247046.6726998492,251367.89743589744,265461.2971342383,left,0.599313643719607,1.5711174071205505,124559.7484798312,-3.0,11.0,0.5819418744157251,1.5698553721711446,True,-3.0,11.0,-0.5819418744157251,1.5698553721711446,-0.5819418744157251,0.0,-8577.172954217744,-276324.270068484,18304.13166289118,-3.0,11.0,232.13958410170835,240.09179915312984,55.00303132484241,0.46777908790318146,-0.019793079047750028,0.1288841407634727,4.899,-14.849,0.9091135600572252,0.20534645095707796,0.3624160178571174,0.27085025709393035,1.439005152457049,True
720575940633328991,317105.2447129909,316949.00604229607,192160.7854984894,left,-0.3942039407372848,1.1648931511619396,116895.16050978944,-7.0,-9.0,-0.3806029032084436,1.1774866376661404,True,-7.0,-9.0,0.3806029032084436,1.1774866376661404,0.3806029032084436,0.0,54726.74596556422,-202103.58164082305,-52871.380863181425,-7.0,-9.0,88.47262135860171,401.75946514727474,-140.20171157803628,0.16174087559754777,0.3749439081104775,-0.2566927302790778,-9.798,2.121,0.28323261438733954,0.8856440855684948,-0.36798619518245157,0.20383373776491276,40.796147093376064,False
720575940633337645,274928.5319148936,181572.8936170213,243518.1560283688,left,0.5380493326435467,2.2157789805456485,121518.24102342028,10.0,15.0,0.5189908227426399,2.198386112813877,True,10.0,15.0,-0.5189908227426399,2.198386112813877,-0.5189908227426399,0.0,24599.560948646063,-253810.68588616082,85555.04190030436,10.0,15.0,116.1176374917942,261.8207397269387,177.24660932926287,0.19284142425559053,0.019281908509951703,0.4440484595166485,15.309,-5.303,0.47989695036939095,0.29840243115047405,0.8250181247158423,0.28725727052000827,2.6852421707888072,True
720575940633345375,778933.5534883721,262247.1534883721,174300.0620155039,right,-0.1295000651957932,1.7116968121964888,130884.23321353697,3.0,3.0,-0.1295000651957932,1.711696812196489,False,3.0,3.0,0.1295000651957932,1.711696812196489,0.1295000651957932,0.0,89379.2921864367,254305.2697495728,31312.027926232575,3.0,3.0,118.48243643069424,-389.7863066603949,48.3412544612528,0.24793664008132932,-0.3938882618705943,0.12364070103440174,3.674,0.0,0.49238460240578064,-0.7910889155655675,0.36295417201486463,0.11188568643234897,48.19079836144993,False
720575940633410335,312777.06006006006,318800.4294294294,198541.44144144145,left,-0.3307698615853423,1.129847361181123,115924.63190691464,-8.0,-8.0,-0.3191762125464985,1.143780637678146,True,-8.0,-8.0,0.3191762125464985,1.143780637678146,0.3191762125464985,0.0,48056.389640145266,-206241.3689918456,-53993.33609414245,-8.0,-8.0,114.97591916994796,391.10359475552127,-140.69447262759292,0.23521808615651887,0.3423678687519014,-0.24597514059094483,-9.798,0.0,0.401081840338099,0.8403223956724554,-0.36468017314121864,0.2139441171499625,35.26684117489616,False
720575940633468385,739592.9893992933,359998.09540636046,188821.6254416961,right,0.1193666886335802,0.9047045589703484,130053.84913797965,-14.0,-7.0,0.1193666886335811,0.904704558970349,False,-14.0,-7.0,-0.1193666886335811,0.904704558970349,-0.1193666886335811,0.0,58913.81305227363,222377.36748730135,-65467.44340575232,-14.0,-7.0,180.1452066396372,-308.8743825373105,-202.71248934271682,0.340743208208057,-0.07370119750686076,-0.34611640114446907,-12.86,-7.425,0.6681784444446147,-0.5803025029490662,-0.46560344870997683,0.49795881501683753,0.9596898563342848,True
720575940633474079,335007.6830985916,323217.21126760566,185486.58450704225,left,-0.5772528308640708,1.1286852500415894,118384.09525652406,-8.0,-12.0,-0.5574988304510619,1.1412648578500215,True,-8.0,-12.0,0.5574988304510619,1.1412648578500215,0.5574988304510619,0.0,60653.34169186391,-183831.9083510845,-58817.31006399797,-8.0,-12.0,55.80018343665109,395.09871709599423,-168.93650868788592,0.030401645212949874,0.34916648624512786,-0.33188709520423926,-12.247,4.243,0.10266510716913232,0.8687273828425175,-0.4845333941737562,0.2535194449042258,43.34252129319026,False
720575940633476141,776111.0040290089,258026.4850926672,172025.75342465757,right,-0.1078594284652595,1.7481196690385248,130115.47097773394,4.0,3.0,-0.1078594284652596,1.748119669038525,False,4.0,3.0,0.1078594284652596,1.748119669038525,0.1078594284652596,0.0,92238.97599393484,251164.2320060801,34904.99287715245,4.0,3.0,104.962024245256,-393.19269291764226,57.47354869829398,0.21351209539606156,-0.4075341342312167,0.14871291538752227,4.287,1.061,0.43049133006845225,-0.8207811981067936,0.3754935945795499,0.0722964327722458,50.71234346168683,False
720575940633570656,255582.5659655832,259038.6271510516,247565.5066921606,left,0.4333538846488304,1.5443260698591588,118596.06886284857,-3.0,7.0,0.4197302937318603,1.5440869721031505,True,-3.0,7.0,-0.4197302937318603,1.5440869721031505,-0.4197302937318603,0.0,8037.39420577803,-267363.813890152,8525.212146099246,-3.0,7.0,216.6599244460769,298.9825422278191,29.794325373029974,0.4657085963014844,0.099077776497779,0.08818422509900387,2.449,-10.607,0.8525838916986644,0.4476057281948827,0.2697217449578156,0.2813562574902428,6.735611324811375,False
720575940633611883,751140.1546391754,211730.8384879725,163536.73539518905,right,0.0224365856359775,2.144432703262076,129020.83579592612,13.0,6.0,0.0224365856359762,2.144432703262076,False,13.0,6.0,-0.0224365856359762,2.144432703262076,-0.0224365856359762,1.0,107466.31938679153,222791.77195799912,77355.25983646899,13.0,6.0,8.462615725911311,-370.22782609078865,144.99876304800725,-0.12165520795477049,-0.2945936277569161,0.36568423846316733,11.635,7.425,0.03322079047341193,-0.7199814733169572,0.6931977042378786,0.31278308357692153,42.492913734492475,False
720575940633668252,315698.3557195572,325300.5726937269,205203.188191882,left,-0.3274097380785528,1.0460785959391896,114534.83808857416,-10.0,-8.0,-0.3154482548796712,1.0626620253701209,True,-10.0,-8.0,0.3154482548796712,1.0626620253701209,0.3154482548796712,0.0,40507.25937544585,-202804.88257188268,-59128.10910622431,-10.0,-8.0,133.64513959708344,370.9457445772476,-163.03376300790168,0.28823781109037033,0.2786048626851391,-0.2800256251747809,-11.023,-2.121,0.47086372002815635,0.7971012006108293,-0.37804369211246014,0.32331457161398597,24.709514163201867,False
720575940633670039,311055.0170648464,348137.9385665529,242850.92150170647,left,-0.0536963593729522,0.7282615847915436,118632.72577904606,-18.0,-6.0,-0.0529645029739717,0.753177747572298,True,-18.0,-6.0,0.0529645029739717,0.753177747572298,0.0529645029739717,0.0,-348.5396815746699,-205503.5579909726,-75979.77168396642,-18.0,-6.0,210.73232485681783,249.41432402988713,-213.55537261674854,0.3374811101233213,-0.06739371663221712,-0.34986382858890663,-14.697,-12.728,0.8226239337050743,0.3014778175340824,-0.4820798577315548,0.5196786084182522,0.9596898563342848,True
720575940633711540,711526.541958042,298714.034965035,127424.6503496504,right,0.5396197438568705,1.50466504465276,131538.31372448266,5.0,-10.0,0.5396197438568712,1.504665044652761,False,5.0,-10.0,-0.5396197438568712,1.504665044652761,-0.5396197438568712,0.0,128685.49380106264,189464.36409638767,-16870.150684031636,5.0,-10.0,-74.70564551251259,-420.1447358933909,-48.19338075812614,-0.3711836831004001,-0.30872940938022886,-0.06788626108874987,-3.062,15.91,-0.5366179157993123,-0.8066464648692281,-0.24771494334653962,0.30504897773580036,67.3263224256337,False
720575940633731832,721853.6112084064,320989.20490367775,140846.6549912434,right,0.4398179624020857,1.31493083985909,130716.12250427522,-1.0,-10.0,0.4398179624020865,1.3149308398590906,False,-1.0,-10.0,-0.4398179624020865,1.3149308398590906,-0.4398179624020865,0.0,112109.03677964423,201494.177307242,-35935.4707816645,-1.0,-10.0,3.5126429859124757,-428.16877153386116,-99.7660090467216,-0.14487692140451172,-0.43429321807826077,-0.16292703557858892,-6.736,9.546,-0.07912277936593867,-0.9557401619195085,-0.28337312624785127,0.23400279823686723,78.19901582014118,False
720575940633780505,282345.3367521367,192182.0991452992,228110.63247863247,left,0.3420463851644383,2.1890062145829967,114615.7013681072,10.0,11.0,0.3293220349579146,2.1698729146835616,True,10.0,11.0,-0.3293220349579146,2.1698729146835616,-0.3293220349579146,0.0,38273.736805158274,-245733.16467965316,73196.78216544395,10.0,11.0,91.10201840706482,314.56996430923954,160.72412283138155,0.14480244391868935,0.1749231645181388,0.42462938815632606,12.86,-1.061,0.438079718732556,0.5151699089920045,0.7366723321154218,0.2516931440308929,17.703148733980555,False
720575940633803415,244793.09302325585,247407.32558139536,267865.4651162791,left,0.6260007557058794,1.596933917119067,126746.90356552677,-3.0,12.0,0.6083125358504096,1.5950099378900868,True,-3.0,12.0,-0.6083125358504096,1.5950099378900868,-0.6083125358504096,0.0,-10367.330242663535,-278847.94120934,22423.74272641817,-3.0,12.0,232.87743844157146,222.83879078630522,58.69041314710684,0.4641328200708416,-0.04250144773048525,0.13112638397298215,5.511,-15.91,0.9111121726631841,0.12936108708273894,0.3913314681618953,0.2535204551321806,2.0461780191143024,True
720575940633827996,797289.0857142857,238483.6647619048,225490.97142857144,right,-0.5825096706601817,1.8184007577503407,131254.26975265946,1.0,13.0,-0.5825096706601819,1.81840075775034,False,1.0,13.0,0.5825096706601819,1.81840075775034,0.5825096706601819,12.0,42917.833316959055,271194.60560815816,64148.30877930905,1.0,13.0,205.65606219903103,-246.87273381704716,94.92085041674883,0.4366569691981575,0.01933114566445521,0.21267287821384945,8.573,-12.728,0.831537451575087,-0.2792451353326834,0.48017457348452075,0.3302073811766453,1.4085013585268793,True
720575940633839796,732233.5116479724,214054.19154443487,144816.42795513372,right,0.2662462579626105,2.143775377001914,131389.5086823205,15.0,3.0,0.2662462579626098,2.1437753770019152,False,15.0,3.0,-0.2662462579626098,2.1437753770019152,-0.2662462579626098,0.0,125239.38173424767,203985.22641862067,70741.55218185566,15.0,3.0,-56.6878483436828,-371.88062975811556,124.55605636109223,-0.27868744357681546,-0.2389886938718207,0.31334237000481296,11.023,12.728,-0.4554975390271335,-0.6473178530126309,0.6111477637293155,0.19898046883504586,44.366939394696665,False
720575940633872865,737786.6013363029,184393.18930957685,174173.71937639196,right,-0.005413522410599,2.3935612071782617,129447.88667235443,17.0,10.0,-0.0054135224106013,2.3935612071782626,False,17.0,10.0,0.0054135224106013,2.3935612071782626,0.0054135224106013,155.0,101032.00343676531,207528.69102031074,105003.90926415121,17.0,10.0,-13.086729708173511,-318.95042944465405,184.06285876062404,-0.14455510350479994,-0.12040950374373192,0.4453484409323699,16.534,7.425,-0.16304310899780902,-0.4805127381790324,0.8616985859661239,0.2758158190990075,22.377168578362504,False
720575940633918968,303369.81120491173,295330.8917881811,187678.6799693016,left,-0.2868065603799657,1.3630766073823684,116825.1259774068,-2.0,-7.0,-0.2772765730827511,1.3697823873975128,True,-2.0,-7.0,0.2772765730827511,1.3697823873975128,0.2772765730827511,0.0,62311.085863429165,-217425.13597888497,-33280.004481898824,-2.0,-7.0,57.0454738371616,429.69687113729907,-73.98211215223772,0.05131095818818098,0.4660001007482413,-0.09841436151757574,-5.511,5.303,0.1792029497319432,0.9705057809085273,-0.1612601377603911,0.08460817891026723,66.43611175786017,False
720575940633953965,768976.4792176038,223786.4515077425,176782.2004889976,right,-0.1507087099943606,2.018505853505946,128670.15639671672,9.0,7.0,-0.1507087099943614,2.018505853505946,False,9.0,7.0,0.1507087099943614,2.018505853505946,0.1507087099943614,0.0,92812.01898289015,241555.37278789567,68864.47725361372,9.0,7.0,73.24686065317361,-365.9306354968458,127.3735692462515,0.1116572156259803,-0.32501499378925985,0.335148376055418,9.798,2.121,0.35621794571810045,-0.7083897597268526,0.6093379386370987,0.15557384234723473,37.22238336346508,False
720575940633989472,272107.28333333327,269559.0055555556,215978.97222222225,left,0.1160805521556032,1.5203093131319776,115291.9664089476,-1.0,1.0,0.1122126403003962,1.5214640641708677,True,-1.0,1.0,-0.1122126403003962,1.5214640641708677,-0.1122126403003962,0.0,37865.01700133377,-250316.36239376556,-5657.563376448197,-1.0,1.0,146.3882980745713,384.90065509344544,3.406589611264291,0.3319188567492097,0.3456023658920006,0.031085979066963722,0.0,-2.121,0.5852518296065885,0.7770133910023409,0.23179837390539235,0.20633340722290297,39.79680173289451,False
720575940634024303,740002.6518771332,309200.15017064847,147793.7201365188,right,0.2798279292606597,1.393288724345642,129107.5305535066,0.0,-7.0,0.2798279292606602,1.3932887243456429,False,0.0,-7.0,-0.2798279292606602,1.3932887243456429,-0.2798279292606602,0.0,107438.72582761123,218769.65517445368,-21922.003584109196,0.0,-7.0,34.480552682624726,-434.3022910325895,-66.85042518844831,-0.03696680887068789,-0.4732826472421641,-0.08140554990146966,-4.287,7.425,0.10706028508066419,-0.9823760279418314,-0.15321695429578636,0.1847503833229493,78.32492035840936,False
720575940634215393,694726.4652567976,356242.4773413897,151381.0271903323,right,0.645091646389935,1.0242983344314789,134082.0699623823,-10.0,-15.0,0.6450916463899359,1.024298334431479,False,-10.0,-15.0,-0.6450916463899359,1.024298334431479,-0.6450916463899359,0.0,95656.58990865585,177110.72644060923,-70927.07803923657,-10.0,-15.0,34.00635305024123,-366.64106335113155,-212.96958088552404,-0.061125136745961456,-0.21261613215672914,-0.4341931674861548,-15.309,5.303,-0.039934036465143874,-0.7508019078121927,-0.6593191700209939,0.4025829655030575,41.71727921738137,False
720575940634360546,750843.4171003717,349999.4349442379,189726.0371747212,right,0.0248905102296298,0.9920072818008064,129263.75662321394,-12.0,-5.0,0.0248905102296308,0.9920072818008068,False,-12.0,-5.0,-0.0248905102296308,0.9920072818008068,-0.0248905102296308,0.0,59801.880917881754,232865.46013592219,-54670.47424135914,-12.0,-5.0,191.0175663515502,-321.8801935304806,-168.7157590330927,0.3865596443945025,-0.14812154048951395,-0.2637079845543862,-10.41,-7.425,0.6794296676613286,-0.6356796012625616,-0.36645159467559596,0.39285895263526044,11.576859692596642,False
720575940634424601,294163.964983165,311307.14343434345,215537.8585858586,left,-0.0797868263877638,1.1499279832128877,113217.08595233086,-8.0,-4.0,-0.0774070372968983,1.1638053235612928,True,-8.0,-4.0,0.0774070372968983,1.1638053235612928,0.0774070372968983,0.0,32118.678357338453,-225244.19544987445,-45255.099157285294,-8.0,-4.0,167.01421101272757,370.2849893535966,-109.70781357982386,0.36848636680282987,0.2743420211291116,-0.15957288206949605,-7.348,-4.243,0.6313638038003542,0.7450083064182956,-0.21527278188031765,0.24846488468880246,28.204686424387205,False
720575940634440858,713390.3245901639,319729.6819672131,134975.63934426228,right,0.5174693918666723,1.3359768599112385,132156.090057019,0.0,-11.0,0.5174693918666731,1.335976859911239,False,0.0,-11.0,-0.5174693918666731,1.335976859911239,-0.5174693918666731,0.0,117950.41880071188,192922.6106137593,-36233.70498531214,0.0,-11.0,-23.361375812951835,-423.4451970774101,-98.18953449675227,-0.24321393209320338,-0.38121075246206054,-0.1771096665967981,-6.736,11.667,-0.24586316140579642,-0.9135663180844837,-0.3239566148809236,0.2894477936547475,82.8328230381168,False
720575940634522719,330397.0429352069,326328.4277907884,192440.74941452,left,-0.5153135064295931,1.0783193371602413,117026.27848934394,-9.0,-11.0,-0.4970178613433563,1.0927682096770786,True,-9.0,-11.0,0.4970178613433563,1.0927682096770786,0.4970178613433563,0.0,53212.9732782121,-188154.69323486448,-61109.149772274264,-9.0,-11.0,82.57190633183272,387.8312539293518,-173.94854694012537,0.12629183037831004,0.3191025072208493,-0.3426520366116006,-12.247,2.121,0.20059111735543622,0.8594053062004919,-0.47030386274464764,0.31749613033202817,33.03778863490306,False
720575940634569442,800724.9098901099,257682.4923076924,223979.78021978025,right,-0.5478478877454629,1.673828614296453,132124.82429069633,-2.0,11.0,-0.5478478877454629,1.6738286142964516,False,-2.0,11.0,0.5478478877454629,1.6738286142964516,0.5478478877454629,23.0,41445.10175169047,276026.97399060545,45249.55635163325,-2.0,11.0,224.91556131515034,-251.47884093389152,59.709150872570156,0.4630379108893086,0.007854777759904905,0.1457761392487398,5.511,-13.789,0.8782219571134848,-0.2709924986010264,0.3940675827135916,0.31266895819786567,1.3486390821695393,True
720575940634585113,253804.7825182102,233497.56919875133,242671.09261186264,left,0.4474035186970028,1.7587850944993813,122173.7775984797,1.0,9.0,0.4339255986695269,1.752479105466802,True,1.0,9.0,-0.4339255986695269,1.752479105466802,-0.4339255986695269,0.0,16864.684844294738,-271052.57126539614,32772.55124769285,1.0,9.0,189.42358155346193,303.4360552101352,80.78308724079729,0.4159219786965165,0.14083306430385067,0.202829359012571,6.124,-8.485,0.7184560777358368,0.4815577554363582,0.5019193087972748,0.2518081094944111,9.17843074806761,False
720575940634589922,760476.3244795407,291431.9971284996,156760.57430007178,right,0.0960954611042519,1.516943059221162,130342.69735980289,1.0,-3.0,0.0960954611042522,1.5169430592211623,False,1.0,-3.0,-0.0960954611042522,1.5169430592211623,-0.0960954611042522,0.0,101759.24054933726,237935.7113691236,-1533.557275799014,1.0,-3.0,76.44425931028584,-426.5334639010149,-21.472919600964214,0.1223045333616976,-0.46872365800257365,-0.003944316583766345,-1.225,4.243,0.28339611383961094,-0.9498197359467453,0.1323975523439216,0.14512031157081545,65.95502528964802,False
720575940634658530,294026.69304029306,295806.09230769234,197928.087912088,left,-0.1680024108955162,1.3357988649544013,115958.83099445872,-3.0,-5.0,-0.16244283447749,1.3434491406598508,True,-3.0,-5.0,0.16244283447749,1.3434491406598508,0.16244283447749,0.0,51946.87901615749,-226640.1379246276,-32793.18694282432,-3.0,-5.0,99.67875978709274,417.88482941878533,-68.0453215530389,0.1956354560875568,0.43418569873939583,-0.080135982093436,-4.899,2.121,0.36422886939346555,0.9272567458102027,-0.0867885824854339,0.09346813891093375,55.50725321752869,False
720575940634682487,704102.8035714285,321771.45714285714,131703.67857142858,right,0.594544915270019,1.327072508558235,133199.1254518611,0.0,-12.0,0.5945449152700196,1.327072508558236,False,0.0,-12.0,-0.5945449152700196,1.327072508558236,-0.5945449152700196,0.0,120690.17584809863,183789.6406146232,-39429.829225147856,0.0,-12.0,-37.7386959255218,-415.6501162273913,-103.63115487662145,-0.28324323782399746,-0.3369121513385295,-0.19189503389346374,-7.348,12.728,-0.36643156526654974,-0.8567391193897239,-0.3629407517538185,0.2753303172232728,78.29841955246293,False
720575940634689561,787225.4183381088,288315.38108882523,189123.5816618911,right,-0.2258450044080583,1.4950347497789656,132078.318541114,-3.0,3.0,-0.2258450044080578,1.4950347497789656,False,-3.0,3.0,0.2258450044080578,1.4950347497789656,0.2258450044080578,0.0,70784.0229617763,264594.42326003476,8587.73409512096,-3.0,3.0,190.06131194412973,-348.61676864000657,-8.157467149164056,0.4139787754766735,-0.25360506678752115,0.007534851577285829,0.0,-6.364,0.734347576522748,-0.6462682414344915,0.207535531821269,0.25805140148263883,22.317259972818775,False
720575940634724453,763115.8159943382,251277.6560509554,156839.0092002831,right,0.0398845924427889,1.8213764306998328,130733.84384538738,7.0,1.0,0.0398845924427887,1.8213764306998328,False,7.0,1.0,-0.0398845924427887,1.8213764306998328,-0.0398845924427887,0.0,108061.1712957468,237607.08485089656,38209.64149255617,7.0,1.0,39.27645205250844,-414.91517301772853,64.77390187721467,-0.00022492009895368315,-0.45331881606955554,0.17056483476411968,4.899,6.364,0.2055951512242962,-0.8994757366573477,0.3855827186970141,0.21231281071660518,65.52391085999436,False
720575940634728043,794008.6088280061,296195.97564687976,217350.3196347032,right,-0.4331436033357628,1.392910994328447,130033.73938297232,-7.0,6.0,-0.4331436033357621,1.3929109943284466,False,-7.0,6.0,0.4331436033357621,1.3929109943284466,0.4331436033357621,0.0,41795.788105197076,272125.8734260856,5790.650132748545,-7.0,6.0,241.15247382416172,-268.66808531932446,-22.295819392083082,0.4846193907433763,-0.0273365088198355,-0.004768799847395399,-0.612,-13.789,0.9468594649857601,-0.29115020588520774,0.1367066610662455,0.2824897734927943,0.7772108163410376,True
720575940634743136,312976.4541484716,264696.4861717613,169864.94905385736,left,-0.4034718960485489,1.6549785560057269,117829.16789206666,6.0,-7.0,-0.3901679556335047,1.65253601559708,True,6.0,-7.0,0.3901679556335047,1.65253601559708,0.3901679556335047,0.0,84903.91899564042,-210221.33899496586,-5248.725429405171,6.0,-7.0,-48.07402073785992,433.7476684836518,-2.969917868973013,-0.28097345138943114,0.40101295620672267,0.03994909866921528,-0.612,13.789,-0.2514817507724306,0.9637839022593345,0.08875538729678656,0.35470254539984986,75.8264204165905,False
720575940634766699,752593.9296187683,327743.30498533725,168457.85923753664,right,0.1167485823375649,1.2165963526932333,129376.02664971106,-6.0,-5.0,0.1167485823375657,1.2165963526932335,False,-6.0,-5.0,-0.1167485823375657,1.2165963526932335,-0.1167485823375657,0.0,84341.53914739712,232829.8660432506,-36001.27729474609,-6.0,-5.0,136.07215473081177,-390.8906977613656,-109.25624892329176,0.28354022978811283,-0.3595927842926233,-0.15630275933546522,-6.736,-1.061,0.49601097850136344,-0.8362561375648735,-0.23377078857547512,0.15741557738977574,41.988413696460725,False
720575940634769562,700361.4268041237,358290.25567010307,156390.14432989692,right,0.5872207179179293,0.9932587315366224,133029.81493496112,-11.0,-14.0,0.5872207179179302,0.9932587315366233,False,-11.0,-14.0,-0.5872207179179302,0.9932587315366233,-0.5872207179179302,0.0,90490.49059076357,182914.19578729922,-71744.75989728064,-11.0,-14.0,61.26893121765315,-359.97220247694247,-219.17679326468516,0.03033646243487191,-0.19762913167194274,-0.44595574062617743,-15.309,3.182,0.06823613230779174,-0.7334227892247861,-0.6763392953935241,0.407882955155363,31.643184060625995,False
720575940634823822,772308.1719298245,210180.1438596492,193081.7192982456,right,-0.3095454814262361,2.1105930097356653,128463.28509232278,9.0,11.0,-0.309545481426237,2.1105930097356644,False,9.0,11.0,0.309545481426237,2.1105930097356644,0.309545481426237,0.0,78925.06587529281,243981.67615910736,85087.04434068399,9.0,11.0,106.44463229257899,-319.35950641421323,150.5371243957547,0.19506844615209762,-0.20164484104152616,0.389384849128476,12.247,-2.121,0.4758116812672945,-0.5472221484155692,0.6885863520670734,0.19008746941488933,18.279226347906086,False
720575940634844060,269737.9388171312,254412.87015635625,219990.8633582597,left,0.1836883659764079,1.640482824635237,113931.08923016409,1.0,3.0,0.1776721685701326,1.6375113402726544,True,1.0,3.0,-0.1776721685701326,1.6375113402726544,-0.1776721685701326,0.0,36249.11529643525,-253769.8415164457,9723.490718901363,1.0,3.0,141.48348647628254,376.1284788192246,38.25590946471333,0.32607621021056216,0.33334550075859676,0.11706455832082029,2.449,-2.121,0.5334117964304339,0.7917193514236452,0.2977454013249906,0.18353889518466263,35.63737950164741,False
720575940634876441,251478.2954898912,265844.6469673406,263715.08553654747,left,0.5548930013255249,1.458385034533738,121256.37206248094,-5.0,9.0,0.5379066902291151,1.4602163708746578,True,-5.0,9.0,-0.5379066902291151,1.4602163708746578,-0.5379066902291151,0.0,-9055.204710767659,-270848.6364911734,4089.5709922257633,-5.0,9.0,239.6606226459675,245.58847807188704,22.846593411042164,0.4813565098669352,-0.03446531451751744,0.05563495083994887,2.449,-14.849,0.9460645998262407,0.25766574654876906,0.19639281048724913,0.34329370264898706,1.2484512704201127,True
720575940634907161,734627.2843636364,315525.8938181818,147271.3018181818,right,0.3230913135647782,1.3447230966321726,128994.19555411563,-1.0,-8.0,0.3230913135647789,1.3447230966321733,False,-1.0,-8.0,-0.3230913135647789,1.3447230966321733,-0.3230913135647789,0.0,106859.41043429871,213872.13068366828,-28619.852271264434,-1.0,-8.0,32.20237543663292,-431.1709756686548,-86.58149762132051,-0.03866934909621801,-0.4645894266701762,-0.12311473437176691,-5.511,7.425,0.09130314142778458,-0.972552477475027,-0.21402199635225627,0.17686648671990468,74.99499168391698,False
720575940634978222,739421.3886671987,305904.9513168396,144920.2873104549,right,0.2929170695057734,1.4239681886808242,130030.70009793784,1.0,-7.0,0.2929170695057739,1.4239681886808249,False,1.0,-7.0,-0.2929170695057739,1.4239681886808249,-0.2929170695057739,0.0,110784.74612147573,217928.06376490224,-19174.515512491023,1.0,-7.0,21.94628081324577,-436.9292807047843,-57.12708553430291,-0.07202055371791656,-0.47182930248799065,-0.06200607711883085,-3.674,8.485,0.0643648060395806,-0.9914984460970888,-0.11308405338749461,0.21528609085840633,82.9178170013232,False
720575940634993433,292909.22785665985,288042.87762001355,192651.7647058824,left,-0.1803758991622005,1.4150545547703637,117346.28299231868,-1.0,-5.0,-0.1744246432939873,1.4200627913038546,True,-1.0,-5.0,0.1744246432939873,1.4200627913038546,0.1744246432939873,0.0,58360.086756106866,-228361.78325577514,-26065.444294806406,-1.0,-5.0,73.67935196628059,428.4529730202432,-47.23717009098137,0.1142309271658244,0.4687001538132711,-0.03054130690925156,-3.674,4.243,0.2992177475191069,0.9517495823740675,-0.0681283496085169,0.06559110323034556,67.2193336688133,False
720575940634999647,278441.8262295081,212823.4196721312,211153.14754098363,left,0.1582377858020144,2.017437240776329,116752.64125228875,9.0,6.0,0.1532221076461766,2.002812278289843,True,9.0,6.0,-0.1532221076461766,2.002812278289843,-0.1532221076461766,0.0,51690.66607169852,-248215.211288944,49901.21914180706,9.0,6.0,64.46274580195653,369.97056242424463,127.41079309685313,0.09252343385249814,0.3265099781057833,0.34150226743903855,9.186,3.182,0.3375076029928277,0.7007687079849142,0.6284996705100091,0.16801698167845658,38.990101126589465,False
720575940635070063,268463.6804822909,288267.5629238885,236096.06631499625,left,0.2494379872024125,1.3184949795699836,115316.05534097242,-6.0,2.0,0.2405403410171788,1.3259015941410977,True,-6.0,2.0,-0.2405403410171788,1.3259015941410977,-0.2405403410171788,0.0,14986.816339001994,-252437.86839963196,-21151.774618037914,-6.0,2.0,211.56174367878322,334.0357964755305,-36.3098230934692,0.45961890330486627,0.16449220531046813,-0.009789685725547125,-2.449,-8.485,0.7973428313073837,0.5914791076428478,0.1199869767297495,0.3257183501822817,14.405651966501312,False
720575940635080811,269289.3401162791,249723.2674418605,217461.39534883725,left,0.1749918020690043,1.684477484572935,115401.58540266822,2.0,3.0,0.169396028462235,1.6801225716525146,True,2.0,3.0,-0.169396028462235,1.6801225716525146,-0.169396028462235,0.0,39477.80695377869,-254579.70736396787,13908.16398162116,2.0,3.0,129.13381698162453,381.15676324180254,46.886565623956386,0.2855932141036705,0.3593205134959081,0.13490963596342456,3.062,-1.061,0.5349127924576117,0.7776111482331349,0.3304379012897064,0.08309748202178664,40.395192834553924,False
720575940635149466,765615.1674208145,179829.69532428356,209368.08446455508,right,-0.4879725534153483,2.334226487569613,134221.0942687028,12.0,16.0,-0.4879725534153505,2.3342264875696124,False,12.0,16.0,0.4879725534153505,2.3342264875696124,0.4879725534153505,1.0,67509.07634317823,235175.83011422664,117076.4798534028,12.0,16.0,95.90203912656179,-260.44536133760766,190.0191336390377,0.1449490610288146,-0.013408295110755537,0.46191604529083446,17.146,-4.243,0.42653764991315707,-0.30638507352813,0.8509957813795105,0.32457325308718465,2.3134961520647925,True
720575940635178744,268951.57522123895,274343.319264806,226579.11504424785,left,0.1997090698634671,1.4569501299650478,114381.33864262482,-3.0,2.0,0.1928618804107507,1.4600464552496633,True,-3.0,2.0,-0.1928618804107507,1.4600464552496633,-0.1928618804107507,0.0,26587.521520087743,-253040.8334066207,-8914.33057340713,-3.0,2.0,178.92824542195999,360.27850889877556,-7.747247263033953,0.41465107927992656,0.2573891477885597,0.010716446155783559,-0.612,-5.303,0.7034095132710295,0.6866750698894422,0.1835549101281227,0.27072462832164723,25.768323517330437,False
720575940635215770,342991.6372670807,349541.90807453415,203538.58385093167,left,-0.6164259169580443,0.8612980317370181,123604.05296154588,-15.0,-13.0,-0.5929120882706252,0.8794090395052937,True,-15.0,-13.0,0.5929120882706252,0.8794090395052937,0.5929120882706252,0.0,38824.48341108882,-173809.66775194212,-81304.27308668668,-15.0,-13.0,106.94661066588475,327.0663718171878,-242.02092958534118,0.19114611222690236,0.08304110493536192,-0.4484281492131389,-17.146,-2.121,0.24006994586161257,0.6599485077363911,-0.7119230212814537,0.5562642036892823,6.002567016748323,False
720575940635225495,760228.5960159363,229060.5450199204,161652.90836653387,right,0.0022955552461182,1.9936946647235303,129981.5685704302,10.0,4.0,0.0022955552461177,1.9936946647235303,False,10.0,4.0,-0.0022955552461177,1.9936946647235303,-0.0022955552461177,0.0,106758.9444380066,233120.94213707565,60643.73197365351,10.0,4.0,29.66928700972684,-392.3839576088726,112.1487296835929,-0.04322196632263729,-0.37964638284782376,0.29840075125407894,8.573,6.364,0.1768187853152595,-0.8320999118599809,0.525685128039826,0.28594654760023897,52.003542104595724,False
720575940635386464,265184.11285266455,195681.10344827583,254944.8275862069,left,0.620280721111555,2.060184848671755,120462.16726072686,7.0,16.0,0.6001510173051342,2.046725032739245,True,7.0,16.0,-0.6001510173051342,2.046725032739245,-0.6001510173051342,32.0,10916.113520050092,-262412.7062769477,72774.87671909163,7.0,16.0,155.9829476837572,237.74808850022887,157.24652429761474,0.3010972371392507,-0.025593978567150538,0.37681901008929763,14.085,-9.546,0.6022174428911969,0.19500690395839515,0.7741488609344778,0.24961398081191485,2.4963347497168646,True
720575940635500640,355162.4262295082,332188.47540983604,177590.90163934426,left,-0.7783382383902594,1.095200153378156,125534.99589990306,-10.0,-16.0,-0.7534951333195247,1.1064512559834647,True,-10.0,-16.0,0.7534951333195247,1.1064512559834647,0.7534951333195247,0.0,67400.65813879015,-163122.79705023745,-67457.07214546332,-10.0,-16.0,18.46615286113972,370.8084016912112,-204.72471906189037,-0.0727739673028801,0.215933469910722,-0.4320288591142076,-15.922,6.364,-0.13725641631590696,0.7695576386431238,-0.623651919732581,0.42195536845746884,40.26779459325059,False
720575940635506528,796471.5062611809,239422.37209302327,219895.52772808587,right,-0.5374913670741424,1.819135169140432,131372.73092509387,1.0,12.0,-0.5374913670741427,1.819135169140431,False,1.0,12.0,0.5374913670741427,1.819135169140431,0.5374913670741427,0.0,48279.47615254747,270411.69163200184,62277.89983192316,1.0,12.0,202.61679108206047,-262.45290743596655,90.59298135733503,0.43683792403577515,-0.024273426874690505,0.20799153757904543,7.961,-11.667,0.8175701153764043,-0.29903368692532506,0.49209547907622514,0.270990668608007,1.5025924427858095,True
720575940635540887,789889.4241302739,284924.69578090304,193738.1495188749,right,-0.2699808463007275,1.513714551953398,131943.0175543708,-3.0,4.0,-0.269980846300727,1.5137145519533977,False,-3.0,4.0,0.269980846300727,1.5137145519533977,0.269980846300727,0.0,66810.99765133481,267031.40898399055,12849.668009271145,-3.0,4.0,196.60155811788457,-337.2361991122343,-0.28093415457330795,0.4251626342310783,-0.23152238511815373,0.02920156264149252,0.612,-7.425,0.7319192234028392,-0.6473131400707253,0.21279085766348696,0.27120733118769086,19.030473649236264,False
720575940635542895,793675.98782344,302300.16438356164,222212.20700152207,right,-0.4599476121328881,1.3389109394570191,130166.4867089104,-8.0,6.0,-0.4599476121328874,1.338910939457019,False,-8.0,6.0,0.4599476121328874,1.338910939457019,0.4599476121328874,0.0,36026.999197929414,272276.3332773807,526.7977402626702,-8.0,6.0,246.61319346486025,-254.47398674102362,-31.879107765976872,0.484284029486904,0.003980963301692997,-0.0034170606710253394,-1.225,-14.849,0.9648311731197512,-0.22943685747484321,0.1282947224496516,0.27662212103718103,1.8346105370390418,True
720575940635689626,705396.2298387097,346890.2217741936,152207.1370967742,right,0.5493793979917541,1.0846376109427305,129803.96150910611,-8.0,-13.0,0.549379397991755,1.0846376109427311,False,-8.0,-13.0,-0.549379397991755,1.0846376109427311,-0.549379397991755,0.0,96509.49137340662,187066.9072249878,-60820.741349550546,-8.0,-13.0,44.346897780425806,-386.78279302888456,-186.26650655439013,-0.031149659986288925,-0.30322310771921995,-0.38255706897764796,-12.86,5.303,0.05930991195449772,-0.8226589276101197,-0.5654331288201263,0.32261007294249433,46.343627005808344,False
720575940635716703,320299.7741686001,337911.42768754833,218560.6805877804,left,-0.3070112906485182,0.8813415228518149,114463.73088071148,-14.0,-8.0,-0.2948433929442822,0.9026423694454871,True,-14.0,-8.0,0.2948433929442822,0.9026423694454871,0.2948433929442822,0.0,25414.278771906153,-197198.17262789237,-69097.86630637723,-14.0,-8.0,168.8970499200601,323.7786263647517,-201.6907399055217,0.331473258432221,0.10992990200802845,-0.34794125044160673,-13.472,-6.364,0.5715885376847994,0.6566050058792443,-0.4920939034794786,0.49897408135987836,4.291414168051618,False
720575940635750512,335716.6521060842,330449.53198127926,191354.7581903276,left,-0.5705811178013492,1.0501772441736057,118761.6823826846,-10.0,-12.0,-0.550411182679959,1.064809623095989,True,-10.0,-12.0,0.550411182679959,1.064809623095989,0.550411182679959,0.0,53732.07183211384,-182552.8980330225,-64957.72686345273,-10.0,-12.0,78.59276748088877,379.4701897439105,-189.7739389393011,0.11119203289059824,0.2903612030218261,-0.3730655805916431,-13.472,2.121,0.1701433232992616,0.8406455144425141,-0.5141657014857796,0.35816488871784696,30.553184245238377,False
720575940635757168,774875.0362204724,339196.06929133856,223655.30708661416,right,-0.368259719185141,1.0290081101522537,128823.7950777894,-14.0,1.0,-0.3682597191851397,1.0290081101522537,False,-14.0,1.0,0.3682597191851397,1.0290081101522537,0.3682597191851397,0.0,28442.89050610012,256257.56101850135,-36926.45777464704,-14.0,1.0,245.0489888282631,-235.72159668487703,-125.7114675756912,0.44357918082267295,0.04534696466421048,-0.19117055880954076,-7.961,-15.91,0.9726420031956021,-0.09927591745224543,-0.21002815485944126,0.2736459399419907,1.5614076744841585,True
720575940635825144,708917.925925926,372003.94771241833,173499.08496732026,right,0.467878661005784,0.8451234547343004,134555.6118695332,-15.0,-13.0,0.4678786610057849,0.8451234547343008,False,-15.0,-13.0,-0.4678786610057849,0.8451234547343008,-0.4678786610057849,0.0,71591.60270025667,192571.1424931919,-81921.70900835213,-15.0,-13.0,106.80541182068751,-315.16533339724504,-251.97276866128527,0.1703394292171355,-0.0393720874902718,-0.46278642004602744,-17.146,-2.121,0.22692752206815514,-0.6225670135455824,-0.7489420627611603,0.5947323460811547,8.952474053992818,False
720575940635864176,771650.5207547169,184774.6716981132,214798.9433962264,right,-0.5436624399507133,2.27662533434257,134012.03536738263,11.0,17.0,-0.543662439950715,2.27662533434257,False,11.0,17.0,0.543662439950715,2.27662533434257,0.543662439950715,2.0,61477.03740547963,241595.03533480654,113501.4525068413,11.0,17.0,113.31874121606437,-244.5098063485442,184.980198698981,0.16950513370490655,0.030110340877096256,0.4531702811489804,17.146,-6.364,0.5026614756207455,-0.2815068589756833,0.8173648691229758,0.39664846876324855,0.4428220473256537,True
720575940635869303,262444.4403948368,263286.821564161,231784.72285497343,left,0.2834092976296357,1.540798470084628,116652.66462015802,-2.0,4.0,0.2741938707425465,1.5409680123920155,True,-2.0,4.0,-0.2741938707425465,1.5409680123920155,-0.2741938707425465,0.0,23072.99674255162,-260311.28079114336,2331.8246873654575,-2.0,4.0,187.03297594694087,347.42778008649935,17.808802260506287,0.42015445608759167,0.2319298492907834,0.058641600914955905,1.225,-6.364,0.7334540077707667,0.6401887465288361,0.22848104364003136,0.23639127680726443,22.629555032504783,False
720575940635889015,776531.5660218672,214202.0252312868,195527.2666105972,right,-0.3377233230297632,2.0683113719621384,129111.12152166328,8.0,11.0,-0.3377233230297646,2.068311371962138,False,8.0,11.0,0.3377233230297646,2.068311371962138,0.3377233230297646,0.0,75953.11634246592,248506.17917885663,81817.53711790769,8.0,11.0,118.31121094993777,-316.7316223737318,142.45053003855034,0.23779466494714419,-0.1955216839663685,0.3675122940346052,11.635,-3.182,0.5625909050208823,-0.512461431693126,0.6487486066380539,0.17128009451702608,16.42110722728319,False
720575940635896255,769593.3164556964,184119.06610407875,211096.03375527423,right,-0.505697168903915,2.290709469409033,133871.97488461176,11.0,16.0,-0.5056971689039167,2.290709469409032,False,11.0,16.0,0.5056971689039167,2.290709469409032,0.5056971689039167,82.0,65198.99444278851,239470.76806618334,113412.16412138368,11.0,16.0,108.22005124884838,-258.38679939124114,182.94685948679845,0.16743481537611757,-0.005936989638819212,0.45471346662219075,16.534,-5.303,0.49354864339768967,-0.2852204859964864,0.8216197484044723,0.3332760373313041,2.6861597340821124,True
720575940636028261,756749.459375,347623.646875,193023.625,right,-0.0359969237329753,1.0117129715697275,130070.0214069058,-12.0,-4.0,-0.0359969237329743,1.0117129715697282,False,-12.0,-4.0,0.0359969237329743,1.0117129715697282,0.0359969237329743,0.0,57028.034480977476,238601.76845146623,-51384.08829041685,-12.0,-4.0,201.95266982905778,-315.24767413657935,-160.61476582201732,0.4039066333391764,-0.12540360024756603,-0.24730907531352436,-9.798,-8.485,0.7398619923354295,-0.5828710898533382,-0.3359546471037876,0.379801263906466,9.20618444587816,False
720575940636037983,754623.1133810009,355043.52604698675,205439.22369765065,right,-0.1050872935058566,0.9144308995732487,128798.0933728585,-15.0,-4.0,-0.1050872935058554,0.9144308995732492,False,-15.0,-4.0,0.1050872935058554,0.9144308995732492,0.1050872935058554,0.0,43561.236575487404,237110.14998957177,-56874.395546937856,-15.0,-4.0,217.03556062965836,-271.9933763111685,-184.43468573674906,0.3912687752958488,0.005203369929334075,-0.2914596311509443,-11.635,-11.667,0.8330046433127796,-0.3694234945072127,-0.4118610760018823,0.42731897961458565,1.58586181334592,True
720575940636050271,710605.0494864612,363343.8655462186,169202.68907563027,right,0.4621971506639646,0.9137987988200102,130965.8237134461,-13.0,-12.0,0.4621971506639655,0.9137987988200108,False,-13.0,-12.0,-0.4621971506639655,0.9137987988200108,-0.4621971506639655,0.0,77229.68933611155,193586.68960888358,-73954.0826469833,-13.0,-12.0,107.83060273868767,-339.5638387124268,-229.7116440475854,0.1738393715842835,-0.13730241241645905,-0.43709545852423176,-15.309,-1.061,0.2527349291580316,-0.7070563744097582,-0.6604516174482524,0.501450342978942,14.59108245196801,False
720575940636051551,717110.0669642857,369499.8080357143,179888.34821428568,right,0.3644033750880802,0.8389105715498162,131726.30904739784,-15.0,-11.0,0.3644033750880811,0.8389105715498165,False,-15.0,-11.0,-0.3644033750880811,0.8389105715498165,-0.3644033750880811,0.0,65827.05673244323,200598.1463905756,-77854.54865151866,-15.0,-11.0,135.7348888441449,-312.56608489702313,-242.02757293202484,0.23607371122137308,-0.03489165514704071,-0.4351465335185541,-15.922,-4.243,0.38293541103601936,-0.6199487677616812,-0.6848532662734755,0.5984271044723682,0.7586295422119751,True
720575940636071519,786095.1156812339,323624.9614395887,225783.3933161953,right,-0.4398637526379322,1.1636714437617712,130137.12120547016,-11.0,4.0,-0.4398637526379307,1.163671443761771,False,-11.0,4.0,0.4398637526379307,1.163671443761771,0.4398637526379307,0.0,29000.88911533196,266312.4695976583,-20450.23900776816,-11.0,4.0,251.20758400249034,-240.17289284255727,-75.83990188421286,0.4729743617495139,0.007530181959413867,-0.09879649276302999,-4.287,-15.91,0.9947342736090107,-0.09982064384341748,-0.023228516315933426,0.21585527676347954,0.5742192248208525,True
720575940636136799,801170.0279269604,291917.6154672395,227641.33190118152,right,-0.5276116613699671,1.4154641815199691,133979.14910746808,-7.0,8.0,-0.5276116613699663,1.415464181519969,False,-7.0,8.0,0.5276116613699663,1.415464181519969,0.5276116613699663,0.0,32439.97481067598,279019.8025306409,12149.716251750175,-7.0,8.0,246.86090014671802,-241.1500335021735,-9.874961710850151,0.4814657281083696,0.027913271885064775,0.015601907177006415,0.612,-15.91,0.9804694632457996,-0.150675330877005,0.12639848222031252,0.2299197370846927,1.4241679156176452,True
720575940636151032,693138.7670454546,348584.42613636365,144308.57954545456,right,0.6675420926860619,1.1004239109517584,134236.26353710543,-8.0,-15.0,0.6675420926860628,1.1004239109517588,False,-8.0,-15.0,-0.6675420926860628,1.1004239109517588,-0.6675420926860628,0.0,103818.02600890014,174916.0792123153,-64621.48259680527,-8.0,-15.0,16.353168208185338,-379.53150194322143,-193.94249997372077,-0.11593365410380693,-0.24263359285096214,-0.40737217644782187,-14.085,7.425,-0.14410812107060395,-0.7829722457897018,-0.6051341270863272,0.38058020728736397,48.72781536112382,False
720575940636169705,725656.2443609023,233303.7781954888,133407.89473684208,right,0.3804470610819159,1.997117527442128,131673.85540553587,13.0,-2.0,0.3804470610819158,1.997117527442129,False,13.0,-2.0,-0.3804470610819158,1.997117527442129,-0.3804470610819158,2.0,133348.55277907604,198770.62448548348,49504.53419345865,13.0,-2.0,-82.10974921216493,-395.13694985479634,71.1829942957311,-0.36369973769539127,-0.2572860156449332,0.1593580596612547,6.736,15.91,-0.5492038880078327,-0.7175248481318034,0.4284077283505894,0.2956094791558108,60.10272815405144,False
720575940636193784,317815.8601747815,207849.67290886395,175233.1086142322,left,-0.3512585721399059,2.144150103776113,117671.45825806266,14.0,0.0,-0.3371479917040972,2.12730329007415,True,14.0,0.0,0.3371479917040972,2.12730329007415,0.3371479917040972,2.0,88655.17347170656,-209552.36457312922,51928.872709888616,14.0,0.0,-73.34223662509321,382.01822637856435,102.74474190904974,-0.3138221438419274,0.2537555879837994,0.25113249168008134,8.573,14.849,-0.5131914608063165,0.6820507411837023,0.5210002984703955,0.20926812865067476,45.22520643752985,False
720575940636195320,340719.34926052333,351418.6530147895,210132.15017064847,left,-0.571704655983871,0.8141162407368333,122238.53760654296,-16.0,-12.0,-0.5487678640698855,0.833888431075503,True,-16.0,-12.0,0.5487678640698855,0.833888431075503,0.5487678640698855,1.0,31977.285835162296,-175893.93372553712,-82269.83089208341,-16.0,-12.0,129.5020329714831,312.976716329346,-245.60571670231423,0.22589942380791164,0.04287672405246484,-0.4394340247269311,-17.146,-4.243,0.3151323719167221,0.6270341640098801,-0.7124042008119911,0.5935459860580938,0.5938850024078562,True
720575940636230286,270555.43783783785,308850.8864864865,247207.24324324325,left,0.2923588395695437,1.1248226781498505,119226.57614418656,-10.0,1.0,0.2812488667796405,1.137604965226306,True,-10.0,1.0,-0.2812488667796405,1.137604965226306,-0.2812488667796405,0.0,808.9943597364127,-248760.73684944824,-39508.65283670002,-10.0,1.0,233.71020849499047,295.14265247724796,-86.50950548448002,0.4709240303945612,0.060639475721567665,-0.10391450588699679,-5.511,-11.667,0.8973598791150008,0.4293644413663468,-0.10193833353982247,0.33382904624664334,4.46400422155888,False
720575940636258623,318842.5173635719,253890.42381289863,166860.12756909995,left,-0.4492248268937658,1.752558895747481,116828.57112406527,8.0,-7.0,-0.4341497931409544,1.7472266728602928,True,8.0,-7.0,0.4341497931409544,1.7472266728602928,0.4341497931409544,0.0,89681.12068059358,-205188.0931840866,5336.8975645895025,8.0,-7.0,-77.1748234166704,421.57953803063737,11.275250572763332,-0.35727130461956436,0.31801314867103225,0.05552556414827604,0.612,15.91,-0.4675595510565362,0.881233062578775,0.06939996854353189,0.3570827215557511,64.38453403011772,False
720575940636264952,764778.1489572991,184760.6276067527,205046.9116186693,right,-0.434394174130099,2.309433634022925,131837.34780258252,12.0,15.0,-0.4343941741301008,2.309433634022924,False,12.0,15.0,0.4343941741301008,2.309433634022924,0.4343941741301008,65.0,70982.76755964902,234676.34022581315,111475.47931505529,12.0,15.0,91.20902532570881,-273.75037397464666,187.30086924836266,0.14026111026514124,-0.051426319464015234,0.458894990927487,16.534,-3.182,0.4073974862763919,-0.35278252748041455,0.842360835082097,0.29437871565449664,6.863871110336797,False
720575940636275124,780718.1517706576,265872.3777403035,176577.5379426644,right,-0.1470809568155124,1.6808827732255451,131016.07421859232,2.0,3.0,-0.1470809568155124,1.6808827732255451,False,2.0,3.0,0.1470809568155124,1.6808827732255451,0.1470809568155124,0.0,86591.50565552125,256367.31217669364,28231.416657097252,2.0,3.0,132.05631175768065,-384.9788968627345,39.83769992468169,0.2809931268614104,-0.3753939295119967,0.10229737663921522,3.062,-1.061,0.5465494849861954,-0.7736099136012353,0.3206421089613989,0.11470954837867929,43.61661600874679,False
720575940636293739,751853.9432258063,303480.6270967742,153167.1483870968,right,0.1756425452276133,1.4306192545951153,130131.53057038246,0.0,-5.0,0.1756425452276138,1.4306192545951155,False,0.0,-5.0,-0.1756425452276138,1.4306192545951155,-0.1756425452276138,0.0,103250.62810429941,230201.94772251192,-14586.998025595396,0.0,-5.0,65.67562282485947,-431.33948817549276,-48.55444609696137,0.06578871440898328,-0.47468344549773855,-0.03881591282783528,-3.062,5.303,0.2377536097351313,-0.9697562030463432,-0.05519173589455602,0.10561789277960548,73.10886611434647,False
720575940636304218,715486.5081240768,328647.341211226,143172.82127031017,right,0.4843929413951925,1.249363741006852,129903.1549016229,-3.0,-11.0,0.4843929413951934,1.2493637410068523,False,-3.0,-11.0,-0.4843929413951934,1.2493637410068523,-0.4843929413951934,0.0,108489.13620835466,195724.64252986267,-43564.81487247101,-3.0,-11.0,14.933991436514878,-418.6136876919048,-127.36406043559774,-0.10733692188507614,-0.4067498213390419,-0.23355478607893418,-8.573,8.485,-0.023399342743811103,-0.9217947595388065,-0.3869714356977163,0.23592668619939225,68.36383956770435,False
720575940636425870,777492.4097421203,318068.6446991404,189688.93982808024,right,-0.154153772414616,1.267805116346454,131821.61433919243,-7.0,0.0,-0.1541537724146152,1.267805116346454,False,-7.0,0.0,0.1541537724146152,1.267805116346454,0.1541537724146152,0.0,65357.55348512728,257086.158053477,-21320.24417586148,-7.0,0.0,202.21597856614312,-344.2555518754253,-73.05770235288412,0.4247200606179414,-0.21784282321809167,-0.08385304937157295,-4.287,-7.425,0.7609388398741961,-0.6481545377121469,-0.029458058559006076,0.27175831122689,20.7645442988837,False
720575940636481513,787726.1564339782,219165.8536585366,213099.47855340625,right,-0.5003985199051993,1.991937194805476,130772.04661216286,5.0,13.0,-0.5003985199052002,1.991937194805475,False,5.0,13.0,0.5003985199052002,1.991937194805475,0.5003985199052002,0.0,58024.422403552744,260151.71952804874,80519.69146713916,5.0,13.0,165.32394747470659,-276.09908546110665,128.90184561887455,0.3573475656300043,-0.06697789398085544,0.31747920684978753,11.023,-8.485,0.6488344013657233,-0.4061434800596233,0.6434760238030954,0.2839192693725647,2.2039263129860065,True
720575940636481528,270912.275,186426.68,245939.5,left,0.5540741052906575,2.161814906358151,121612.83868600696,9.0,15.0,0.5351530673025207,2.1457349356708653,True,9.0,15.0,-0.5351530673025207,2.1457349356708653,-0.5351530673025207,0.0,21370.592802227067,-257442.0225656625,80871.06633285191,9.0,15.0,128.39920714872565,259.39169873365216,170.5149762518773,0.2270053793829331,0.015783662379928006,0.42678911819328674,14.697,-6.364,0.5199352009079142,0.30595538028914937,0.7975328783999873,0.29166697183444645,1.4524610147931998,True
720575940636525687,355147.93973634654,328104.2109227872,172106.59133709982,left,-0.7837006385918166,1.1476309575680146,127124.69408020117,-9.0,-16.0,-0.7595607175165348,1.157601604473993,True,-9.0,-16.0,0.7595607175165348,1.157601604473993,0.7595607175165348,0.0,73459.17679633391,-163474.536376973,-64305.92681841494,-9.0,-16.0,5.068679630351705,376.3433343497384,-193.70536473836128,-0.09673627613054438,0.2285190307562803,-0.4196654037455717,-15.309,7.425,-0.18154785658288775,0.7877638033059209,-0.5886158050640076,0.42284252444960607,43.689394200901475,False
720575940636567408,267326.6595256312,239134.52180566185,222376.3427697016,left,0.2402930580134808,1.764231624476868,115490.21052130478,3.0,5.0,0.2325798830290843,1.7572843619040417,True,3.0,5.0,-0.2325798830290843,1.7572843619040417,-0.2325798830290843,0.0,36259.09298684314,-257285.5900655471,24973.806150209075,3.0,5.0,135.14377984224757,365.0930148685746,71.20079878236861,0.30779637339396687,0.3188463500448646,0.19465527867740068,4.899,-2.121,0.5678352213959622,0.6911686616914657,0.4470447879551075,0.08777967989117733,32.922397409778085,False
720575940636572016,296798.69470142975,241906.7014297729,181043.12867956268,left,-0.2071508012509222,1.823967675450802,117263.24773087766,8.0,-3.0,-0.1996956362735034,1.8157577672148952,True,8.0,-3.0,0.1996956362735034,1.8157577672148952,0.1996956362735034,0.0,77166.85008475039,-227961.9079391085,17804.601169229427,8.0,-3.0,-26.221715180638856,429.2102474824533,47.67367583757504,-0.19699010818578933,0.4198334756863817,0.1492956698716901,3.062,11.667,-0.09014160351310802,0.9565231095226223,0.2773770579288401,0.3309746692937571,71.11881869751399,False
720575940636637807,315559.85817655566,309442.5701881332,186737.33719247463,left,-0.3980418080673166,1.244898656188395,117354.59910218042,-5.0,-9.0,-0.3846498426594216,1.2550644029589964,True,-5.0,-9.0,0.3846498426594216,1.2550644029589964,0.3846498426594216,0.0,61236.94893091713,-204234.00405951502,-46450.54384800061,-5.0,-9.0,67.18424443052227,415.7439334753663,-119.765828314254,0.07300695474980698,0.42770660296110496,-0.21047607049029066,-8.573,4.243,0.22037020339944818,0.9206370626963737,-0.3222799594195694,0.1376979812509653,53.26351333511295,False
720575940636735088,342099.25581395347,314468.6959517657,171757.45047372955,left,-0.6681744231135964,1.246449595232513,121995.30808142335,-5.0,-13.0,-0.6470695437241848,1.255190680416871,True,-5.0,-13.0,0.6470695437241848,1.255190680416871,0.6470695437241848,0.0,75716.75433509823,-177495.3204060613,-51870.56277709809,-5.0,-13.0,4.118760062887248,407.87531452671016,-145.04624599335125,-0.13748194012171924,0.3587788972156995,-0.2912235389653942,-11.023,8.485,-0.14466967405927586,0.8730508904084399,-0.4656745947167543,0.23612424923279618,61.73312754758931,False
720575940636847167,782143.7289073305,320818.2600276625,210646.88796680496,right,-0.3161444040733762,1.2067240624635247,129034.49408937414,-10.0,2.0,-0.3161444040733753,1.2067240624635245,False,-10.0,2.0,0.3161444040733753,1.2067240624635245,0.3161444040733753,0.0,44316.258193266855,262065.36194613125,-20370.42016422551,-10.0,2.0,239.8364717450694,-278.389723549603,-85.36244187538925,0.47450234925765516,-0.03999090657509596,-0.08934136690529489,-4.899,-12.728,0.93171420303693,-0.35612103450044735,-0.07131937075991097,0.30097663493808763,1.7363544924313603,True
720575940636890224,787232.4701815038,264673.7770095073,186794.33016421783,right,-0.240197214669221,1.6749516646439946,131424.7848505604,1.0,5.0,-0.240197214669221,1.6749516646439948,False,1.0,5.0,0.240197214669221,1.6749516646439948,0.240197214669221,0.0,76811.60528603494,262842.5613338792,31499.524440423582,1.0,5.0,162.57140133365397,-355.38706640180453,46.43351686903186,0.3675040633149993,-0.28602242979716974,0.12415425864454611,3.674,-4.243,0.6429518937271974,-0.6898063701190745,0.3328363473176529,0.17120614015039853,29.305592429278082,False
720575940636894022,738812.473354232,216369.9592476489,148031.4420062696,right,0.2037911465608044,2.118820623539164,131200.81283911076,14.0,3.0,0.2037911465608037,2.1188206235391647,False,14.0,3.0,-0.2037911465608037,2.1188206235391647,-0.2037911465608037,0.0,121819.54274482108,210738.0667911339,69443.21450373266,14.0,3.0,-43.809901998810716,-381.0755684223421,122.95888253940099,-0.24753337215416665,-0.2699503594813919,0.3147748638845942,10.41,11.667,-0.2999186490797119,-0.7231835636993159,0.6221369118846414,0.27112382908058497,46.4058633671884,False
720575940636962138,727437.0742157613,314712.8263198164,141633.0833970926,right,0.3934030621065428,1.3609253071092864,129901.38243201302,0.0,-9.0,0.3934030621065434,1.360925307109287,False,0.0,-9.0,-0.3934030621065434,1.360925307109287,-0.3934030621065434,0.0,112423.68689660616,206604.60350098755,-29229.429002630044,0.0,-9.0,6.983095623946143,-432.7312936416572,-82.47790249709936,-0.12555071377974664,-0.4490805331938694,-0.12103591095167779,-5.511,9.546,-0.04117317639875747,-0.9696781531604431,-0.24089219337410894,0.22332402273336252,81.25986376448635,False
720575940636985230,283546.9255751015,270313.79702300404,194129.39106901217,left,-0.0898241290362398,1.5595179752438684,118598.20323777008,2.0,-3.0,-0.0867572662693292,1.5596938189599097,True,2.0,-3.0,0.0867572662693292,1.5596938189599097,0.0867572662693292,0.0,59526.50815359702,-238996.18861626167,-9044.713809663317,2.0,-3.0,60.79162109303394,429.10437275758426,-1.8252714249095765,0.09309043657912873,0.4695535680274222,0.028928750521845376,-0.612,5.303,0.27348490805931724,0.950167257105244,0.14962683111288588,0.12301390905329132,69.97124070901009,False
720575940636988813,744554.4590163934,362100.66803278687,202157.54098360657,right,-0.0067469959670209,0.8511550028804308,128836.75417784177,-16.0,-6.0,-0.0067469959670198,0.8511550028804312,False,-16.0,-6.0,0.0067469959670198,0.8511550028804312,0.0067469959670198,0.0,45505.5900960043,227568.01092225604,-65066.926692108405,-16.0,-6.0,201.5533014490264,-272.47563050406376,-208.15195087696858,0.3570176386003587,0.00831253176372297,-0.33558884809519784,-13.472,-10.607,0.7594394300078063,-0.3562146300338959,-0.5443922202780207,0.4026287990914446,0.6664834012996728,True
720575940637019255,248632.0196078432,257924.78431372548,264291.17647058825,left,0.5768022641996041,1.521715829773325,123281.2579847846,-4.0,10.0,0.5597224273397561,1.5217771898725674,True,-4.0,10.0,-0.5597224273397561,1.5217771898725674,-0.5597224273397561,0.0,-8426.942057327191,-274267.40086511296,11775.579566701408,-4.0,10.0,236.56188859365585,244.06576481117338,40.40858712685364,0.47664258090057104,-0.031029012425820585,0.08633790062724117,3.674,-14.849,0.9261907820081103,0.2618834695343462,0.2712704991477294,0.34520332472580945,1.4469936743207796,True
720575940637106573,736471.406832298,294084.5900621118,138289.44099378883,right,0.3295046849201314,1.5236391713629829,130952.61777244128,4.0,-7.0,0.329504684920132,1.5236391713629835,False,4.0,-7.0,-0.329504684920132,1.5236391713629835,-0.329504684920132,0.0,119141.72056735662,214070.80630126758,-8797.907258158255,4.0,-7.0,-19.13713356271047,-438.6770202039568,-32.27726063705438,-0.1877987460899779,-0.4477671561542125,-0.00888107158171346,-1.837,11.667,-0.07719840387278185,-0.9953692973807197,-0.05727449931083961,0.3218481898739924,91.79252963545183,False
720575940637161013,731648.7987321712,238918.1521394612,135300.5388272583,right,0.3336547728372989,1.9497001469566324,131335.4606609403,12.0,-2.0,0.3336547728372988,1.9497001469566333,False,12.0,-2.0,-0.3336547728372988,1.9497001469566333,-0.3336547728372988,0.0,130703.55049821461,205173.24093520208,44706.152189033884,12.0,-2.0,-69.9427409050543,-405.1763436346771,69.20583114217432,-0.3299723120750949,-0.3077033050211935,0.17061070735013115,6.124,14.849,-0.4490225007717449,-0.7934349060847566,0.4109012577334875,0.2885954307197493,63.45786427297462,False
720575940637177054,760931.6099843994,217235.33853354136,172806.11544461775,right,-0.0912120012368881,2.0867935427849744,127441.32690498556,11.0,7.0,-0.0912120012368892,2.0867935427849744,False,11.0,7.0,0.0912120012368892,2.0867935427849744,0.0912120012368892,0.0,97624.45576787036,233023.28481310306,74107.5852480398,11.0,7.0,45.3934819861274,-365.9021008335553,140.46178814609152,-0.00474873962235144,-0.3207730721981437,0.3638017756440143,11.023,4.243,0.21008261018421848,-0.7237800564807758,0.6572729469093267,0.24730691990767228,40.718696348256366,False
720575940637192805,279460.6146341464,224415.6682926829,202917.8861788618,left,0.0672395232053624,1.928979990594704,117343.75423899296,8.0,3.0,0.0654901249280641,1.917052726490846,True,8.0,3.0,-0.0654901249280641,1.917052726490846,-0.0654901249280641,0.0,58012.221377681206,-246398.4633847998,37253.094649900944,8.0,3.0,47.99706483726525,397.3069517136321,99.04130202505615,0.046262815135502844,0.40546793356567207,0.2617852970353515,6.736,5.303,0.24448246023586812,0.8292138726868516,0.5026257852326032,0.15397748439755005,52.96793014215947,False
720575940637201461,726730.3051359516,294120.05438066466,132642.65861027187,right,0.4150480381988218,1.531548795002004,131342.78994735,5.0,-8.0,0.4150480381988224,1.5315487950020046,False,5.0,-8.0,-0.4150480381988224,1.5315487950020046,-0.4150480381988224,0.0,124534.30018691393,204321.91264551244,-10427.517272475528,5.0,-8.0,-46.7137350658956,-434.46492730051045,-32.41895406449705,-0.2805658736076273,-0.39936124797650374,-0.011241234481674663,-1.837,13.789,-0.24773686178256304,-0.9647809257170156,-0.08845457979520165,0.3663534488018132,82.1966896780579,False
720575940637213047,243472.7244094488,263975.13910761155,270070.3412073491,left,0.6120573593560041,1.467297269406199,128761.07123082074,-5.0,11.0,0.594676237181519,1.468603498011539,True,-5.0,11.0,-0.594676237181519,1.468603498011539,-0.594676237181519,0.0,-15180.609625033896,-278928.3023733828,6363.755784850218,-5.0,11.0,241.73389717926304,222.70194948449222,33.149856478182,0.47356379115957986,-0.06630030671020562,0.06582553193533996,3.674,-16.971,0.9721812670314488,0.10544359103482616,0.20915361135492566,0.2543141920405317,1.3976046522339587,True
720575940637219726,292476.4662251656,308454.86357615894,212473.1390728477,left,-0.0854178267737288,1.187821357045009,114412.96182722684,-7.0,-4.0,-0.082816565959978,1.2003629905688458,True,-7.0,-4.0,0.082816565959978,1.2003629905688458,0.082816565959978,0.0,35563.618361956425,-227157.57884911654,-43053.50644445853,-7.0,-4.0,157.5212764012983,380.56843031022646,-99.56470532692352,0.3493882213639435,0.3109086098288709,-0.13071496380880748,-6.736,-3.182,0.5987022619301076,0.7909436773254308,-0.12634753997881287,0.24078556910040735,34.140923157277484,False
720575940637228206,716745.9777553084,263733.4964610718,129265.19716885744,right,0.479427052740797,1.7705000292205055,127681.12720427231,11.0,-7.0,0.4794270527407974,1.7705000292205066,False,11.0,-7.0,-0.4794270527407974,1.7705000292205066,-0.4794270527407974,1.0,132478.7485769417,192101.76048645208,18242.860510533807,11.0,-7.0,-99.30670643282953,-404.1428846203936,12.368725855985897,-0.45128687325750116,-0.18829448182533853,0.010271777204660755,2.449,19.092,-0.6202044870105374,-0.7821288123531331,0.06017404074078543,0.5061409757668779,49.858680886574184,False
720575940637228341,738893.1033304868,195308.57728437232,166999.45345858243,right,0.0592900830967696,2.3034682439146943,127837.57016603432,16.0,8.0,0.0592900830967679,2.303468243914695,False,16.0,8.0,-0.0592900830967679,2.303468243914695,-0.0592900830967679,0.0,106414.33214456157,209389.97272280607,93196.86471997866,16.0,8.0,-17.90383400489003,-340.2580559931112,169.47575028144936,-0.1736952684977621,-0.16774958235613838,0.41972723060295936,14.697,8.485,-0.17213741416228767,-0.5772271703429698,0.7982339910473427,0.3057822297046294,28.6857771509155,False
720575940637229175,285493.75886524824,171653.02127659574,242163.6879432624,left,0.5370025271386599,2.335678069088143,119880.44350383592,12.0,16.0,0.5157967741720738,2.315555364041449,True,12.0,16.0,-0.5157967741720738,2.315555364041449,-0.5157967741720738,60.0,27692.998526222287,-244014.96211626523,95867.0209215182,12.0,16.0,94.92848536817482,251.1864021278236,190.45005612114628,0.1453934040400516,0.005781620565363494,0.45777825034000197,17.146,-4.243,0.37975358919470825,0.20578138410830793,0.9019097701257072,0.2150970477935691,2.3134961520647925,True
720575940637230766,747350.6574394464,191161.57439446368,179171.21107266436,right,-0.1021753396637173,2.3228594772434423,127800.65907653749,15.0,10.0,-0.1021753396637194,2.3228594772434423,False,15.0,10.0,0.1021753396637194,2.3228594772434423,0.1021753396637194,0.0,95204.4579798774,217598.53875482373,99817.86938700649,15.0,10.0,14.226383510635737,-328.1703072415887,180.64921888135706,-0.08813947969699555,-0.1749910020207059,0.44480238167128006,15.309,5.303,0.05311064441129476,-0.5532940218154461,0.8312911552960887,0.3165175279867173,25.079918611847187,False
720575940637238373,749697.8472727274,172939.02545454545,193277.16363636364,right,-0.2812914373522872,2.4401768097751173,134272.75294406214,16.0,14.0,-0.28129143735229,2.4401768097751173,False,16.0,14.0,0.28129143735229,2.4401768097751173,0.28129143735229,0.0,84193.24617901794,218688.16320966757,120167.67088320115,16.0,14.0,32.18958666635306,-280.16760933285417,202.91745187756905,-0.036611185694109025,-0.04125231330783572,0.48166334933793264,18.371,2.121,0.07157275511216395,-0.3057114451608592,0.9494302781264738,0.26961332272264754,7.5473471255922,False
720575940637260133,791408.888888889,237551.9641577061,203394.7311827957,right,-0.4063692759749884,1.8572755478392453,131677.98490786785,3.0,10.0,-0.4063692759749887,1.857275547839245,False,3.0,10.0,0.4063692759749887,1.857275547839245,0.4063692759749887,0.0,64774.01549725762,265116.480711265,61139.60275184845,3.0,10.0,170.89128360078888,-306.44641060417734,97.78744245753752,0.3766769016052078,-0.16706704328596195,0.2484489734064016,7.961,-7.425,0.6665883798747763,-0.4995863845866887,0.5532389864710568,0.195486093679152,13.703631401341541,False
720575940637305054,277281.02297090355,221287.1975497703,205729.3108728944,left,0.10458073946166,1.947737270199808,118194.77412882462,8.0,4.0,0.1015680393314669,1.935325622580495,True,8.0,4.0,-0.1015680393314669,1.935325622580495,-0.1015680393314669,0.0,55690.11163701616,-248784.3029629918,40623.20350235591,8.0,4.0,58.95434665066587,389.0611188158026,105.76062516277841,0.07505570978509592,0.3881289170050887,0.27775421209830453,7.348,4.243,0.2991914871201614,0.7904070292383129,0.5345476425590998,0.15009300721317173,48.5931355880921,False
720575940637399262,290407.4844144903,189346.2106149958,219586.48694187024,left,0.2326381270896014,2.248335201378046,113605.3700392291,12.0,10.0,0.2237513265230858,2.22702418510368,True,12.0,10.0,-0.2237513265230858,2.22702418510368,-0.2237513265230858,0.0,47283.49717091603,-237958.3688339588,75216.26564574236,12.0,10.0,57.55758390825543,326.48791888028734,170.99976194741234,0.04723590277822822,0.19364447025546241,0.44362849558374473,13.472,2.121,0.2876730552465443,0.5354989733577378,0.7940308953799768,0.2636812841705819,24.32463280484872,False
720575940637413006,310760.4114114114,269579.96096096095,170050.66066066062,left,-0.391486744612612,1.6136645958218223,119488.30122070089,5.0,-7.0,-0.3787791867008458,1.6125125314454158,True,5.0,-7.0,0.3787791867008458,1.6125125314454158,0.3787791867008458,0.0,83910.27832114429,-212069.9201390926,-10187.256202184984,5.0,-7.0,-35.75008147139293,437.0675378710034,-10.639487753140552,-0.22092883547663628,0.4363180628510958,0.024686113849722413,-1.225,12.728,-0.15103290143813072,0.9880072844712077,0.032104026461023165,0.3172742172445297,82.06457449697916,False
720575940637431110,764216.9546279492,223920.09800362977,169583.52087114338,right,-0.0770658055226736,2.026547806856056,129310.53288371844,10.0,6.0,-0.0770658055226744,2.026547806856056,False,10.0,6.0,0.0770658055226744,2.026547806856056,0.0770658055226744,0.0,99811.87484394189,236771.4141694101,67249.64543357278,10.0,6.0,51.31011420877999,-376.0753802441796,126.93308434278926,0.01757267253712584,-0.3467405083476789,0.33658510049526974,9.798,4.243,0.25001934201783155,-0.75479221428005,0.6064478888405745,0.23530343148654126,44.374816553577126,False
720575940637468016,271271.1889824025,220849.81790359603,221852.7314460597,left,0.2586468916660172,1.9255407690391184,115394.3001127665,6.0,7.0,0.2501678468257081,1.913611210676788,True,6.0,7.0,-0.2501678468257081,1.913611210676788,-0.2501678468257081,0.0,39730.82375449553,-254703.8322911318,43179.45061864207,6.0,7.0,112.79393839931299,353.9132117158842,109.44900041095791,0.23834303213217078,0.2877198308435731,0.29838372435056476,7.961,-1.061,0.501729379825246,0.6435278713480675,0.5780480154955981,0.06223816349941735,27.995177486336082,False
720575940637471054,722217.0849315068,357751.4301369863,171176.65753424657,right,0.3499531370050773,0.9559860359384148,129785.670726388,-12.0,-10.0,0.3499531370050782,0.9559860359384152,False,-12.0,-10.0,-0.3499531370050782,0.9559860359384152,-0.3499531370050782,0.0,76373.57145320502,204767.39304448402,-67300.49825097818,-12.0,-10.0,127.59603640593947,-348.03490745629193,-207.0587004479594,0.2340403869062439,-0.19120714975451356,-0.38545885155038545,-13.472,-2.121,0.40412674732286064,-0.7497461140800823,-0.5239869621661031,0.45529170951079323,19.208223967037522,False
720575940637535589,261338.4408014572,211172.19307832423,239286.8488160292,left,0.452000077651587,1.954574416349528,121039.21478831586,5.0,11.0,0.4377460478125078,1.9428862213573632,True,5.0,11.0,-0.4377460478125078,1.9428862213573632,-0.4377460478125078,0.0,23863.132106186535,-265208.3549375212,54761.14837330387,5.0,11.0,155.12158960673432,298.946488275046,124.75044406694482,0.3188119132823082,0.13419198236258156,0.33244949834771026,9.798,-6.364,0.5963499060868506,0.5149410588760917,0.6157941988958437,0.2574902447576489,8.335710322048843,False
720575940637557567,263855.909215956,258376.00550206323,228979.64236588724,left,0.2665603867260873,1.5875366319787856,115863.34007678147,-1.0,4.0,0.2578987681335355,1.5862335955758111,True,-1.0,4.0,-0.2578987681335355,1.5862335955758111,-0.2578987681335355,1.0,26642.491175058825,-259284.312484412,6824.138208511355,-1.0,4.0,176.45556176349442,354.40384242922295,27.56310343760302,0.40206362910568344,0.2564592541856297,0.07351415869860618,1.837,-5.303,0.6597287226068166,0.6981204586962597,0.27818310106349414,0.27233077559419794,25.69784569967164,False
720575940637562458,311993.61453396524,278324.9636650869,170970.48973143758,left,-0.4054178835661111,1.5408263995049736,119844.40204915708,3.0,-8.0,-0.3923909183466735,1.5419104534752828,True,3.0,-8.0,0.3923909183466735,1.5419104534752828,0.3923909183466735,0.0,81645.63813934237,-210189.10590179163,-18564.36133509499,3.0,-8.0,-22.65083524383733,437.59948925743413,-38.24691358284608,-0.18950313675902877,0.4425056877094352,-0.03826271240051326,-3.062,11.667,-0.1379954176965622,0.9854711598100504,-0.09901443267213811,0.2651723269519458,89.04881576345699,False
720575940637571812,782981.4336695112,318693.669511249,215730.6749418153,right,-0.3604639434676745,1.211641124908841,127485.1676747765,-10.0,3.0,-0.3604639434676731,1.211641124908841,False,-10.0,3.0,0.3604639434676731,1.211641124908841,0.3604639434676731,0.0,39647.13794633711,262777.52108917135,-17411.929060133076,-10.0,3.0,244.8565163808289,-265.9218020880603,-74.61320924705578,0.4775899412046582,-0.03178550788922029,-0.07091967241276982,-4.287,-13.789,0.9461573053946194,-0.3150994547579763,-0.07415313250038129,0.26366691805800424,0.6127916234760347,True
720575940637643748,293587.6023198012,238329.0637945319,184948.4009942005,left,-0.1583679219296117,1.8477487202903864,116719.17083805584,8.0,-2.0,-0.1524692038943561,1.8386264773936367,True,8.0,-2.0,0.1524692038943561,1.8386264773936367,0.1524692038943561,0.0,73816.8360077449,-231402.3472826018,21716.447279639506,8.0,-2.0,-13.457319525195274,427.2735322533748,56.740841518847695,-0.1574763906964365,0.430205215996482,0.15225170396575238,3.674,10.607,0.007059666924469496,0.9465491998126674,0.3224822063880654,0.33953906451042476,72.12147385780187,False
720575940637643950,771240.3828996281,196313.30855018587,205479.9256505576,right,-0.4358611189685275,2.209411647907915,129735.3818620995,10.0,14.0,-0.4358611189685291,2.2094116479079147,False,10.0,14.0,0.4358611189685291,2.2094116479079147,0.4358611189685291,0.0,68851.0956741028,241975.69614825898,100631.68921436665,10.0,14.0,110.6577014117863,-283.19143806135884,170.57972855751032,0.17718383121952683,-0.0837143670914529,0.4418135252751169,14.697,-4.243,0.49040402123924837,-0.4289686724129021,0.7586104231031151,0.32535497007649644,5.6491802251998955,False
720575940637651034,796049.0149779734,232895.54185022027,222481.2334801762,right,-0.5661637264420943,1.864647473051681,131956.35750210888,2.0,13.0,-0.5661637264420947,1.8646474730516809,False,2.0,13.0,0.5661637264420947,1.8646474730516809,0.5661637264420947,0.0,46747.99866342698,269526.0149103633,69084.810995161,2.0,13.0,196.6194996529601,-255.09229224296604,105.33193309054518,0.4184267906778104,-0.0005537158782546211,0.24319430528076272,9.186,-11.667,0.7792395937127028,-0.32074722253858384,0.5384300092159112,0.3342995999562942,1.169371972585519,True
720575940637746493,766585.17715959,300970.93411420204,166922.6647144949,right,0.0178047797802416,1.429742291012526,130059.20511503032,-2.0,-2.0,0.0178047797802421,1.4297422910125264,False,-2.0,-2.0,-0.0178047797802421,1.4297422910125264,-0.0178047797802421,0.0,90332.92069136721,244798.1429654906,-8876.835056408978,-2.0,-2.0,125.79272575284196,-404.96289080369456,-40.63527827437727,0.26839856143842067,-0.40103469121297136,-0.03393580878132521,-2.449,0.0,0.5153502555756567,-0.8567783200600171,0.018574831176632712,0.10104698132427167,47.49637121812391,False
720575940637885043,763034.5423051299,277931.6988674217,156938.33444370417,right,0.067550540598158,1.6185579511634574,130147.6693082708,3.0,-2.0,0.0675505405981582,1.6185579511634578,False,3.0,-2.0,-0.0675505405981582,1.6185579511634578,-0.0675505405981582,0.0,103758.90751283302,239492.42734137524,11972.445007139118,3.0,-2.0,61.97245333288933,-427.3291749781802,4.159211720644478,0.07214587304989878,-0.47319002381461833,0.03772864968809072,0.612,5.303,0.25399251383694754,-0.9511878316629089,0.17529835085134682,0.14605468570757862,71.4549506194345,False
720575940637889139,330144.543422184,302928.0859845228,171087.18830610492,left,-0.5648310122603794,1.3403502926369744,120446.77070452836,-2.0,-11.0,-0.5468913203024064,1.3471039358924155,True,-2.0,-11.0,0.5468913203024064,1.3471039358924155,0.5468913203024064,0.0,77980.9461335096,-190272.7486711492,-41470.52236420356,-2.0,-11.0,-2.09836177871947,425.0391951958983,-104.39620110277905,-0.15876149305231396,0.4143856209238127,-0.19030346474673654,-7.961,9.546,-0.14861571559221554,0.9282271804115482,-0.3410391042450132,0.20080730166238275,72.67007734939462,False
720575940637933656,344175.11739130435,293236.89130434784,156556.4347826087,left,-0.7040717636777658,1.4538600709647895,125421.47195187434,1.0,-12.0,-0.683346992833995,1.457175585201445,True,1.0,-12.0,0.683346992833995,1.457175585201445,0.683346992833995,0.0,94110.56091823036,-177091.00270653897,-33224.544046647425,1.0,-12.0,-54.888628373432645,415.87798332212765,-82.89563828369724,-0.31031840516690157,0.336519369362579,-0.15963418319463465,-6.736,13.789,-0.4719097171025287,0.789246534887349,-0.39292636215011595,0.20378098243461149,68.69912823239358,False
720575940637977149,781294.4732600732,283013.97509157506,179825.1135531136,right,-0.1494022014780004,1.547447659106857,130749.06140588502,-1.0,2.0,-0.1494022014780001,1.547447659106857,False,-1.0,2.0,0.1494022014780001,1.547447659106857,0.1494022014780001,0.0,80692.74162070722,258227.61064329784,11907.902144756446,-1.0,2.0,157.6454591470875,-376.06127179002493,2.2773145045453504,0.34418274452383335,-0.33711402507120897,0.026747238813301762,0.612,-3.182,0.6124675296684475,-0.7766103464060573,0.14751235526861164,0.15740081094169,34.79714880608344,False
720575940638102384,797350.761789601,282221.20435308345,214726.6747279323,right,-0.4405616903388014,1.5038875498939108,131477.1198620295,-5.0,7.0,-0.4405616903388009,1.5038875498939104,False,-5.0,7.0,0.4405616903388009,1.5038875498939104,0.4405616903388009,0.0,46650.408405270835,274410.9517152575,19375.8925186577,-5.0,7.0,232.57403391853478,-277.9687477968116,4.31397225169483,0.48050488173822814,-0.05021424825845565,0.045420731394869455,1.225,-12.728,0.8989140930393518,-0.37614864289802746,0.22464561375912034,0.317330366254024,1.594669841542773,True
720575940638114630,260997.7142857143,272444.0341614907,238237.6397515528,left,0.3205511357244409,1.4518671217101062,117415.85729471387,-4.0,4.0,0.3100066410727351,1.454740380907924,True,-4.0,4.0,-0.3100066410727351,1.454740380907924,-0.3100066410727351,0.0,15231.709120501437,-261036.24063311872,-5766.097090317731,-4.0,4.0,206.80223754358383,326.1786643468861,-0.5678338243624352,0.4560624574481292,0.15531162797297873,0.024814810332227554,0.0,-8.485,0.7740501247872236,0.6065771269544621,0.181412770698631,0.3586517510000477,12.64767328086087,False
720575940638256693,326893.5128205128,345632.4743589744,222651.34615384616,left,-0.3569920940106797,0.7950227110147285,116078.89359474798,-16.0,-9.0,-0.3419514455732509,0.8179884389317378,True,-16.0,-9.0,0.3419514455732509,0.8179884389317378,0.3419514455732509,0.0,20277.870601979575,-190026.19542488139,-75579.0351821947,-16.0,-9.0,168.8267934465921,302.55163504208025,-226.0192361963431,0.30526695539801185,0.03736209295387164,-0.3871978361433712,-15.309,-7.425,0.5987383032372973,0.5722305396265688,-0.5604147158624656,0.5515702530349831,0.1064407962859965,True
720575940638279999,281222.7493112948,262348.6831955923,195788.04407713504,left,-0.0545463709608363,1.6216009266098566,118183.4847730763,3.0,-2.0,-0.0525468841613698,1.6196870451991885,True,3.0,-2.0,0.0525468841613698,1.6196870451991885,0.0525468841613698,0.0,59102.55519748957,-241890.502363569,-1104.9924535086448,3.0,-2.0,62.29127297120074,426.57793920614745,14.087577982115693,0.08975039557442836,0.4682516504986832,0.061845809072789935,0.612,5.303,0.2613551849278343,0.9428722279410211,0.2066045233988666,0.1124045527978804,68.2059304219292,False
720575940638312006,752120.6272401434,192683.2616487455,184824.26523297493,right,-0.1769793037090381,2.3022228825840974,126893.4245464038,14.0,11.0,-0.1769793037090399,2.3022228825840974,False,14.0,11.0,0.1769793037090399,2.3022228825840974,0.1769793037090399,0.0,89469.81685260967,222504.8274298312,99558.27755787502,14.0,11.0,39.1472217316661,-320.6837042825062,181.87444511300012,-0.035486446841688,-0.18475021056093827,0.44988308915112674,15.309,3.182,0.19382001305889585,-0.519812618815392,0.8320027907754478,0.3161824009299515,24.53358702710804,False
720575940638318399,689872.3055555555,352620.0277777777,144635.41666666666,right,0.6950733764356156,1.0736078921417715,135995.66855573005,-9.0,-16.0,0.6950733764356165,1.0736078921417724,False,-9.0,-16.0,-0.6950733764356165,1.0736078921417724,-0.6950733764356165,0.0,102799.64883725085,171958.36025276434,-68778.10144745247,-9.0,-16.0,11.180536248280477,-371.53054766707623,-203.91025314057828,-0.09945331680294618,-0.19167843094190906,-0.4376072867290325,-15.309,7.425,-0.157226738335808,-0.7846741099708563,-0.5996384693244154,0.4991498641371405,41.5145041447361,False
720575940638341353,734419.2021419008,369526.55957161984,198255.3681392236,right,0.1069236943149215,0.7948623247613382,130621.28387205588,-17.0,-8.0,0.1069236943149223,0.7948623247613383,False,-17.0,-8.0,-0.1069236943149223,0.7948623247613383,-0.1069236943149223,0.0,48003.214535666804,217982.5657266145,-73725.7581678708,-17.0,-8.0,183.56028054077942,-270.5573124225438,-232.81110477237473,0.30479212185555465,0.03668920101004781,-0.38612339476464996,-15.309,-9.546,0.6903658779267464,-0.34199273418102044,-0.6375232735844415,0.4506929801741751,0.1064407962859965,True
720575940638397929,269695.81151832466,305055.6565445026,257197.23560209427,left,0.3899362349581766,1.1261495264157446,116532.00239450057,-10.0,3.0,0.3751861613607272,1.138518656456341,True,-10.0,3.0,-0.3751861613607272,1.138518656456341,-0.3751861613607272,0.0,-8471.563564880347,-249832.18509298775,-34248.81269455866,-10.0,3.0,245.56363847149152,270.28165651362065,-68.85215224668838,0.48058421562519676,0.004663083190940973,-0.06843174974638509,-4.287,-13.789,0.9568566820947558,0.28842686419553176,-0.03514589507962097,0.30119588633988353,1.3552972994199488,True
720575940638407494,766589.8314606741,213921.2359550561,183155.09363295883,right,-0.2012459891283096,2.1000869712223054,127155.2134950366,10.0,9.0,-0.2012459891283109,2.100086971222306,False,10.0,9.0,0.2012459891283109,2.100086971222306,0.2012459891283109,0.0,88032.05209787138,238489.6379543203,79418.4110675666,10.0,9.0,77.41826872078929,-344.7086141333943,146.75251659361138,0.11221937358799718,-0.2723543519287733,0.3849862273752733,11.635,1.061,0.3750423132083928,-0.6292223743342088,0.6807513987797005,0.19528103420132706,29.770147858014333,False
720575940638557406,798686.9176470588,280052.0188235294,219466.5411764706,right,-0.4804702163489783,1.5133481742559012,131397.37357270205,-5.0,8.0,-0.4804702163489779,1.5133481742559007,False,-5.0,8.0,0.4804702163489779,1.5133481742559007,0.4804702163489779,0.0,42336.93917770723,275614.6424282383,22359.535288389143,-5.0,8.0,236.56707239805132,-263.7951830006429,11.168473184987901,0.4812358320672325,-0.02408251498309373,0.05870297557679077,1.837,-13.789,0.925764438753503,-0.31595610463185936,0.20768231481104346,0.288705654446276,1.2484512704201127,True
720575940638571583,268564.6279391425,270547.571230982,223618.06362378976,left,0.1856897387916344,1.4960466575698337,115172.71493172937,-2.0,2.0,0.1794499162849631,1.4978724542773247,True,-2.0,2.0,-0.1794499162849631,1.4978724542773247,-0.1794499162849631,0.0,30102.506038156378,-253726.1342350476,-5673.8825392161125,-2.0,2.0,168.4509302185673,369.6283911621663,3.0101022759382787,0.3862595660501464,0.2916536542389084,0.023210195793721914,0.0,-4.243,0.6523003444276066,0.7299612046801834,0.20411002013982824,0.24920041973288537,30.792568147684655,False
720575940638675253,292512.9740932642,283702.1880088823,189777.76461880087,left,-0.1880202936554883,1.458066759877694,118239.1597415364,0.0,-5.0,-0.1818282814454849,1.4616582141542491,True,0.0,-5.0,0.1818282814454849,1.4616582141542491,0.1818282814454849,0.0,61874.878882508485,-229095.98189324766,-22275.237372400778,0.0,-5.0,61.80271485286387,432.72329399461137,-37.017385269814405,0.07915650828413766,0.4746956096977182,-0.02235441409623233,-3.062,5.303,0.24919307437804306,0.9668468157731874,-0.05576779098428886,0.08740688332237158,70.98548913697951,False
720575940638692405,280588.48215488216,267362.1791245791,197755.4747474748,left,-0.0464577069256933,1.5764166899554024,118061.3528948754,2.0,-2.0,-0.0447865216438222,1.5759734256857896,True,2.0,-2.0,0.0447865216438222,1.5759734256857896,0.0447865216438222,0.0,56358.02639810672,-242140.3400442736,-5775.470212895036,2.0,-2.0,75.4860292532105,424.16048018472384,5.558127749592924,0.1336233224094439,0.45811941301463344,0.040368644932339624,0.0,4.243,0.3192262978738332,0.9319680648273475,0.17184323346508534,0.0994796620596158,64.79551748321592,False
720575940638694197,284793.50964187324,264824.09366391186,192397.2451790633,left,-0.0992580746221031,1.60815029273825,118003.73075525742,3.0,-3.0,-0.0958061380555022,1.606735912142801,True,3.0,-3.0,0.0958061380555022,1.606735912142801,0.0958061380555022,0.0,62124.9494772332,-238169.28739731162,-3824.035572868539,3.0,-3.0,47.325993733855945,432.0844041008866,6.8771621874500655,0.04798272602805191,0.47585450858278405,0.04608539955872714,0.0,6.364,0.21605955684924924,0.9599789301844208,0.17820976823979412,0.14572228613140728,73.07493459878786,False
720575940638703669,281293.1612903226,311397.52522746066,238319.93382961123,left,0.1699823754514619,1.0988600963387098,113897.59113670324,-10.0,-1.0,0.1627159490049852,1.113635375469409,True,-10.0,-1.0,-0.1627159490049852,1.113635375469409,-0.1627159490049852,0.0,9377.240542683892,-237923.136328488,-42655.06583076042,-10.0,-1.0,216.54252275141545,319.0965585644854,-104.00030459091087,0.4517214371437294,0.1220745223479118,-0.12997458754643776,-6.736,-9.546,0.8068209465094673,0.5571727695672942,-0.19646492085427913,0.33895243895906924,11.6678267319535,False
720575940638763061,284094.6816359262,282827.0761828388,200720.48115477143,left,-0.0711520096085645,1.441577259251796,116887.77253825408,-1.0,-3.0,-0.0688280691531318,1.445631039835582,True,-1.0,-3.0,0.0688280691531318,1.445631039835582,0.0688280691531318,0.0,51055.872183508895,-237483.72167282595,-20282.392865410693,-1.0,-3.0,98.43457590782047,418.49298393962266,-29.917435703105802,0.1923280668817961,0.4418423365656842,-0.001603760375819882,-2.449,2.121,0.39237681044340067,0.9192409938644338,0.03219369232306021,0.036232700115434974,60.24268343720688,False
720575940638779994,274126.0,181649.7391304348,251795.65217391303,left,0.620914473273816,2.2008420363550325,120514.79140409573,10.0,17.0,0.5991336598236278,2.184345446959328,True,10.0,17.0,-0.5991336598236278,2.184345446959328,-0.5991336598236278,0.0,16400.29252174814,-254550.89561951713,86734.44512277469,10.0,17.0,123.50979686242471,233.45218233983033,180.19527004817274,0.20819631324546947,-0.04830127584419062,0.4351197256125205,16.534,-7.425,0.4995302269539827,0.1547781678297815,0.8523574784810413,0.2685360301901111,1.3311640039474693,True
720575940638789454,308925.9211072664,328288.2380622837,220131.95847750863,left,-0.1825439391694905,0.9667385100204796,112400.49332418374,-12.0,-6.0,-0.1759401014649647,0.9863453218197942,True,-12.0,-6.0,0.1759401014649647,0.9863453218197942,0.1759401014649647,0.0,25173.56907073204,-209240.18041252458,-60188.807232267485,-12.0,-6.0,179.3050567415711,335.7655847161384,-167.42409367293453,0.37320747579672775,0.16433400918689003,-0.2774476841951903,-11.023,-6.364,0.644078970353345,0.6601338742273384,-0.3865042665303701,0.39049080790106305,10.308434852533301,False
720575940638823477,289675.9233333333,192222.9,215612.36666666664,left,0.190144639449481,2.2216642302517173,114497.386648551,12.0,9.0,0.1832233084786316,2.201074043376841,True,12.0,9.0,-0.1832233084786316,2.201074043376841,-0.1832233084786316,0.0,50740.35790978428,-238501.90852168712,71700.75233543059,12.0,9.0,49.31587207705869,337.5519756088862,166.0059770562934,0.020167018430226724,0.21890370482843285,0.43257490340397375,12.86,3.182,0.24419272589477006,0.5960983711951373,0.7648768819088376,0.28038793795449274,28.867182685169404,False
720575940638827984,730022.3219666932,231762.24900872324,136192.57731958767,right,0.3363152068903394,2.005872387389332,131548.03500909172,13.0,-1.0,0.3363152068903392,2.005872387389333,False,13.0,-1.0,-0.3363152068903392,2.005872387389333,-0.3363152068903392,0.0,130921.58009103894,203029.3479244896,51777.52368346219,13.0,-1.0,-72.44256821380984,-395.89872814769086,82.48351727442639,-0.3324267231809656,-0.2822697104480236,0.1958332518163143,7.348,14.849,-0.5052033919764157,-0.7330507143099557,0.4554186897627148,0.24265635951232764,59.3601269621591,False
720575940638896216,346392.9282868526,321464.57370517927,174618.52589641433,left,-0.7022767027267183,1.1831706277711076,122635.44937648458,-7.0,-14.0,-0.6798765719683727,1.1932243787730583,True,-7.0,-14.0,0.6798765719683727,1.1932243787730583,0.6798765719683727,0.0,71866.89148174362,-172678.6657609285,-57997.72161781789,-7.0,-14.0,13.077387567702228,395.3423192018935,-167.7489537272226,-0.1079000430278012,0.32100537207644514,-0.3493314633337682,-12.86,7.425,-0.146097213640171,0.8224002918486278,-0.5498303048522063,0.24649498737966577,53.42570609246997,False
720575940638990911,705828.2405345212,368154.55679287313,169535.41202672606,right,0.5074314310339925,0.8798716908942567,133031.872266601,-14.0,-13.0,0.5074314310339932,0.8798716908942571,False,-14.0,-13.0,-0.5074314310339932,0.8798716908942571,-0.5074314310339932,0.0,76055.83913174996,189179.97070540223,-78981.43411665187,-14.0,-13.0,99.76065759897672,-328.01688625273323,-242.67116401175358,0.15029065979638337,-0.08369685143642719,-0.4624457613680317,-16.534,-1.061,0.21912400022969158,-0.635605590923261,-0.7402636052855973,0.5188735513322328,12.630627200347604,False
720575940639022911,740843.5596816976,366535.0716180371,203177.824933687,right,0.0176544019631425,0.8100900375514397,129766.24142402264,-17.0,-7.0,0.0176544019631436,0.8100900375514402,False,-17.0,-7.0,-0.0176544019631436,0.8100900375514402,-0.0176544019631436,0.0,43731.597795912014,224201.04748565546,-69538.19014931215,-17.0,-7.0,195.34946371284062,-263.4646489827187,-223.07406594397418,0.32457360411325115,0.04492338581608389,-0.3663009925255815,-14.697,-10.607,0.7346875124775923,-0.33914470186887513,-0.5875501086747916,0.468803711539748,2.2191254258528694,True
720575940639065296,735710.1131386863,219575.64598540144,144298.17518248176,right,0.2482351638242485,2.096374310759895,131357.19609675536,14.0,2.0,0.2482351638242479,2.096374310759896,False,14.0,2.0,-0.2482351638242479,2.096374310759896,-0.2482351638242479,0.0,124943.64232236166,207856.08369903514,65471.75094080447,14.0,2.0,-52.752252357317595,-383.78640880345614,113.76106709571383,-0.27673283700612583,-0.2603130345206183,0.28954871681590744,9.798,12.728,-0.3754519895564607,-0.6985166525623742,0.6091882218421091,0.25595367268105856,48.09911585127406,False
720575940639068288,259459.05121293804,281455.1087151842,245021.8867924529,left,0.3608038265041564,1.3655318965015069,119223.71311047056,-6.0,4.0,0.3488608547777781,1.3708500991220078,True,-6.0,4.0,-0.3488608547777781,1.3708500991220078,-0.3488608547777781,0.0,7084.663188839249,-261861.4831883203,-13674.167265030446,-6.0,4.0,224.97298881506063,307.4924713822374,-19.896602096073387,0.4782022894288097,0.09855337054199124,0.0003279356734266525,-1.225,-10.607,0.8493749229073945,0.5065621955973418,0.14817888624111833,0.36467299190844416,6.313471138009544,False
720575940639131876,727958.6048862678,349007.8449873631,168361.92080876156,right,0.3090836557422014,1.031543532836094,128035.2584019806,-10.0,-9.0,0.3090836557422023,1.0315435328360945,False,-10.0,-9.0,-0.3090836557422023,1.0315435328360945,-0.3090836557422023,0.0,80635.63006432097,209829.79590209146,-58724.65956335558,-10.0,-9.0,123.573536752202,-367.27096667391555,-182.12430854572239,0.23638868502600277,-0.25927606315567125,-0.34346200505405583,-11.635,-1.061,0.40889581481541915,-0.7957205002402172,-0.44680319842621213,0.3774342540156493,25.5648172677959,False
720575940639151679,332158.31276415894,277035.79036348267,159938.73203719358,left,-0.5939593200826041,1.5732196958927318,120954.47734740854,4.0,-10.0,-0.5755533043735983,1.5734803484228026,True,4.0,-10.0,0.5755533043735983,1.5734803484228026,0.5755533043735983,0.0,93107.28760510878,-190247.4057049295,-17596.949776748537,4.0,-10.0,-64.75747356336929,424.2867251086456,-44.18255089137102,-0.3217819742725554,0.3461456157203084,-0.07565093609278259,-3.674,14.849,-0.4299059369968056,0.866975729979857,-0.252059455210061,0.2981930233599891,69.06941882891275,False
720575940639164991,320071.5046728972,330566.7320872274,203761.49532710284,left,-0.3790524277752398,1.0101844075426674,116885.209331727,-11.0,-9.0,-0.3651573748587194,1.0272713409607848,True,-11.0,-9.0,0.3651573748587194,1.0272713409607848,0.3651573748587194,0.0,41179.801573473844,-198064.84152426507,-64228.60346471344,-11.0,-9.0,131.75549587326347,364.6768474073734,-180.73405137860536,0.2680447691843284,0.2458347534550598,-0.3270389564583864,-12.247,-2.121,0.42879102518233275,0.7886889691265004,-0.4405768567472222,0.38720635335656356,20.15155143422389,False
720575940639223203,795314.0518962076,249591.9760479042,204062.3552894212,right,-0.4039657793109393,1.761942177793452,132938.55818863265,1.0,9.0,-0.4039657793109397,1.7619421777934514,False,1.0,9.0,0.4039657793109397,1.7619421777934514,0.4039657793109397,0.0,62287.39596314763,269903.26879061235,49669.585770449085,1.0,9.0,188.77353598455286,-306.1553728817764,74.6794069296771,0.4194539014392896,-0.15065717460867856,0.18937155967919314,6.124,-8.485,0.742948674815352,-0.5058996728324802,0.4382839121141705,0.23583330010661607,11.641577093469992,False
720575940639250741,781916.4099722992,313586.46537396125,193521.7451523546,right,-0.203335963982028,1.297667197337493,132142.01142401394,-7.0,1.0,-0.2033359639820272,1.297667197337493,False,-7.0,1.0,0.2033359639820272,1.297667197337493,0.2033359639820272,0.0,62360.4690956046,261192.66660165833,-15981.126374270492,-7.0,1.0,212.2300388072881,-332.4424281858963,-63.3313943436219,0.44964427839788096,-0.1755959038281291,-0.05448920536340461,-3.674,-8.485,0.8043680689681956,-0.5940727335234228,-0.008342476154278062,0.28304870808948723,14.234036204397801,False
720575940639258200,727516.6745670009,360279.9307201459,178533.41841385595,right,0.2731845664641209,0.9179960862318228,129596.2835009875,-13.0,-9.0,0.2731845664641218,0.9179960862318232,False,-13.0,-9.0,-0.2731845664641218,0.9179960862318232,-0.2731845664641218,0.0,68807.69462518499,210287.30791633876,-68243.3363994071,-13.0,-9.0,148.65614655488855,-332.1093712357,-210.75848627113203,0.29006496930696285,-0.13256387799598457,-0.376974512599263,-13.472,-4.243,0.5031952733913565,-0.6895886005944745,-0.5208282622580618,0.4983993079526514,9.833588102073783,False
720575940639258301,354155.55784061697,336070.0976863753,180013.9845758355,left,-0.7674215782485901,1.0600813744403188,126485.42068418545,-11.0,-16.0,-0.742630336780051,1.0721079211775524,True,-11.0,-16.0,0.742630336780051,1.0721079211775524,0.742630336780051,0.0,64377.951728848544,-163824.69162597452,-70967.44197373472,-11.0,-16.0,26.972946833275067,363.7183241823783,-214.51449697211908,-0.038602807601072105,0.19364125077274547,-0.4469278697263453,-16.534,5.303,-0.07533922696909383,0.7397642696354318,-0.6686350471299388,0.4257254258790666,35.179906963141406,False
720575940639311488,730732.5871172121,195931.3495248152,159407.64519535372,right,0.1764071415457981,2.307300197342728,128495.84214798252,17.0,7.0,0.1764071415457966,2.3073001973427294,False,17.0,7.0,-0.1764071415457966,2.3073001973427294,-0.1764071415457966,0.0,113663.4016055188,201247.8449990179,90793.91425940931,17.0,7.0,-41.91786853817416,-339.4767867015092,161.71519031080928,-0.20958939218076444,-0.13928908355748318,0.4096515078713852,14.697,10.607,-0.38356969128275664,-0.5324273721545096,0.7545829214273897,0.26754346786809075,26.64885950990292,False
720575940639318872,278267.3756862745,239735.17803921568,199602.5098039216,left,0.0227550648387679,1.802278304089276,117913.59813467693,6.0,1.0,0.0224329965044438,1.7943970813402752,True,6.0,1.0,-0.0224329965044438,1.7943970813402752,-0.0224329965044438,0.0,58848.35602696949,-246480.4203520557,21556.054149471558,6.0,1.0,53.85571438094466,412.13317888631957,66.34380039884388,0.05808680998326097,0.4438272322523481,0.17915043135736372,4.287,5.303,0.27482135938333074,0.8824781693091256,0.3817138995628958,0.15946043173283878,59.7988637182994,False
720575940639373245,257193.86454183265,250102.0876494024,253196.28154050463,left,0.4947269311553459,1.6070787382872205,115670.66012182014,-2.0,9.0,0.4790112395943588,1.6048520326187392,True,-2.0,9.0,-0.4790112395943588,1.6048520326187392,-0.4790112395943588,0.0,3916.364245902569,-266378.9684228016,18333.924509827302,-2.0,9.0,218.59283413214405,278.88226540042996,54.05455205864263,0.46569659480912196,0.039074246332652836,0.13080000518804893,4.287,-11.667,0.8535796876962914,0.3864099504363053,0.34941245964635204,0.33502635142498827,1.4836041229776313,True
720575940639399075,290947.5493449781,202660.64279475983,200264.59388646288,left,0.0258644458022312,2.1370887181698226,117234.9546217219,12.0,5.0,0.0257151921824817,2.119078979793591,True,12.0,5.0,-0.0257151921824817,2.119078979793591,-0.0257151921824817,0.0,64270.89681163621,-236564.9502952384,59079.72438481262,12.0,5.0,9.971215678158371,375.74149911245513,139.79195519860025,-0.089018025698414,0.31372760868831334,0.3626255526545243,10.41,7.425,0.07905564998099765,0.7283779847087255,0.6805995265923549,0.2831314472336132,45.13936710305664,False
720575940639404605,740101.6114381833,203707.02439024395,159314.31455004204,right,0.1144106219582344,2.2257607786227487,129183.05798683313,15.0,6.0,0.1144106219582332,2.2257607786227496,False,15.0,6.0,-0.1144106219582332,2.2257607786227496,-0.1144106219582332,0.0,112699.77443814241,211163.9950879884,83794.64022244877,15.0,6.0,-25.879948208788118,-360.8568502189857,150.92663608538047,-0.20110673768715004,-0.22992858191200352,0.3776697810842717,12.86,9.546,-0.1905183407264092,-0.6495761218308254,0.736039145558224,0.28862285633055706,37.677404965679635,False
720575940639421016,766564.8697318007,344495.5517241379,216397.5862068965,right,-0.2691102003037007,0.9847949620691524,127083.65675851324,-14.0,-1.0,-0.2691102003036989,0.9847949620691526,False,-14.0,-1.0,0.2691102003036989,0.9847949620691526,0.2691102003036989,0.0,34621.97988834825,248313.29961575504,-43892.47949898182,-14.0,-1.0,237.14896595050763,-255.8032477412175,-146.34574636461176,0.4337480959557956,0.02032542269592842,-0.2267004200557995,-9.186,-13.789,0.9322721537210342,-0.2559367821902718,-0.2556657875399714,0.367523942802024,2.3520636333160843,True
720575940639496245,316448.4009471192,296133.8689818469,176309.771112865,left,-0.4345477922798945,1.383326629927972,118899.43816048864,-1.0,-9.0,-0.4204613371018516,1.3891765677343089,True,-1.0,-9.0,0.4204613371018516,1.3891765677343089,0.4204613371018516,0.0,73646.95004566332,-204398.01474651083,-34934.89609268514,-1.0,-9.0,14.028428078094546,432.6181921293093,-81.00118327221301,-0.07660444178954733,0.46109451985717587,-0.11662946191429006,-6.124,8.485,0.02360864769482226,0.9735023082573357,-0.22745524300763234,0.18419915019658245,73.575908556933,False
720575940639497781,271844.2814070352,213127.5443886097,222865.72864321608,left,0.2811627274262953,1.988588851436314,116674.05691361507,7.0,8.0,0.2718805079123547,1.9749911614263225,True,7.0,8.0,-0.2718805079123547,1.9749911614263225,-0.2718805079123547,0.0,39958.70519009491,-254695.1680104704,50985.608538542685,7.0,8.0,107.58415692594033,344.4675326321548,123.7249349451124,0.22934091935665674,0.2534481225242696,0.3375663046464712,9.186,-1.061,0.515668469139993,0.6231460825926325,0.588026351181877,0.15424079931342863,23.36555107379197,False
720575940639546933,741493.9677192981,324320.8280701754,157805.72631578945,right,0.2384582275857427,1.257741983128308,128330.99012890297,-4.0,-7.0,0.2384582275857434,1.2577419831283083,False,-4.0,-7.0,-0.2384582275857434,1.2577419831283083,-0.2384582275857434,0.0,95196.56065847445,221437.89176407576,-35117.04417856986,-4.0,-7.0,86.05566869141794,-415.0002082304888,-105.86771010825596,0.13482474887466311,-0.4340621723107384,-0.15928794594913798,-6.736,3.182,0.2919563383778001,-0.9161440496922962,-0.27466630061663394,0.05925071206280219,56.51486848815713,False
720575940639590470,245694.84498480245,268744.58358662616,270250.45592705166,left,0.6038152621039357,1.4289496556041372,127165.11502667249,-6.0,11.0,0.5862621050389947,1.4312581627053138,True,-6.0,10.0,-0.5862621050389947,1.4312581627053138,-0.5862621050389947,0.0,-16070.087569473197,-276359.34929817845,1855.1893956506215,-6.0,10.0,244.56807372039464,226.2061439797612,17.548508797711534,0.47439725075841077,-0.08022927463877448,0.04432837214658302,2.449,-16.971,0.9716566801617949,0.15920108835685792,0.17475213693386288,0.3374265012159853,1.6468082830750375,True
720575940639594624,287378.4454545455,248229.70303030303,189905.45454545456,left,-0.1046565120149221,1.7524276750986614,116901.95400100788,6.0,-2.0,-0.1007761315378409,1.746263308860977,True,6.0,-2.0,0.1007761315378409,1.746263308860977,0.1007761315378409,0.0,67248.67852093611,-236831.6776816161,12307.390748240581,6.0,-2.0,17.29079904765772,429.4638825079882,41.47722453285548,-0.06460751399510543,0.46469941131771336,0.11491934284334382,2.449,8.485,0.13134007208048465,0.9499037593368148,0.28360647641349745,0.2700958591088744,75.64453088778939,False
720575940639728573,350676.682051282,331862.1230769231,181145.2307692308,left,-0.732828441048763,1.0812643408957416,123369.06763571996,-10.0,-15.0,-0.7087023513409426,1.0933974711304235,True,-10.0,-15.0,0.7087023513409426,1.0933974711304235,0.7087023513409426,0.0,63861.32184751567,-167596.9151670727,-66894.01980764567,-10.0,-15.0,32.96237861392758,374.5179342642161,-202.1724077119487,-0.057377899374539056,0.2408272292067345,-0.4202472756327246,-15.309,5.303,-0.04459847188029683,0.7958182643046323,-0.6038909392473983,0.4065209623037289,40.85636532214939,False
720575940639897203,257822.20833333337,213165.78125,256182.96875,left,0.5958388733053593,1.903751405313812,120404.1533224498,4.0,14.0,0.5774786211636841,1.8938600952066555,True,4.0,14.0,-0.5774786211636841,1.8938600952066555,-0.5774786211636841,1.0,6802.950464175748,-268456.76025090704,55225.065017566434,4.0,14.0,181.5284066616357,251.026603506835,129.58068641533643,0.3761626761701206,0.0029196264982095555,0.30624358127300033,11.023,-10.607,0.6942969754782431,0.3080071435213964,0.6504485447608858,0.3145895847512555,1.428877591715917,True
720575940640017717,328837.1518324608,267976.86910994764,161663.97905759164,left,-0.5569171549331113,1.6439121370877563,118803.59472675658,6.0,-9.0,-0.5391697785908705,1.642107720460584,True,6.0,-9.0,0.5391697785908705,1.642107720460584,0.5391697785908705,0.0,92771.93403949539,-194216.19783778067,-8641.12103309626,6.0,-9.0,-76.59120902320959,424.01215866435444,-20.891593086179476,-0.35756624739675713,0.3307259282772045,-0.010739095325089177,-1.837,15.91,-0.515193180437237,0.852414430851314,-0.08925034962057693,0.28821233375353167,65.48398340553508,False
720575940640037966,314753.8913250715,214737.60152526217,174201.372735939,left,-0.3402043002238025,2.0801842564765125,117685.30678370598,13.0,-1.0,-0.3270173304839837,2.064983255347049,True,13.0,-1.0,0.3270173304839837,2.064983255347049,0.3270173304839837,0.0,88532.11835305861,-212104.7297768329,44762.70343415653,13.0,-1.0,-72.19098408233161,392.5630395777381,92.76639902008569,-0.31460781639725083,0.28577795567808856,0.22541729726973014,7.348,14.849,-0.5013194396691959,0.6907485757595385,0.5211000139089735,0.18845823213545043,50.0576015125736,False
720575940640143192,713917.3598409543,375163.3558648111,181665.68588469183,right,0.3904541103631253,0.7959181168313211,134249.75417155665,-16.0,-12.0,0.3904541103631262,0.7959181168313216,False,-16.0,-12.0,-0.3904541103631262,0.7959181168313216,-0.3904541103631262,0.0,63121.21745467034,197843.58246079355,-83378.939418118,-16.0,-12.0,127.3879955207098,-301.4701357985464,-254.9958199809217,0.20655756068271328,-0.004275847030622436,-0.4491700437493891,-17.146,-4.243,0.35234852884070716,-0.5651739500702369,-0.7459416333640285,0.5920733515693704,3.829077894168764,False
720575940640156504,251586.07633587785,269425.2595419847,264642.9007633588,left,0.5551973687647723,1.4280576020097402,121616.32496890682,-6.0,9.0,0.5381313629339457,1.4306989566809414,True,-6.0,9.0,-0.5381313629339457,1.4306989566809414,-0.5381313629339457,0.0,-10533.878834576215,-270470.9773251912,718.4968895853876,-6.0,9.0,244.39649246868115,235.31275107901317,13.0655171814435,0.4792970201053044,-0.055915890441941556,0.033038405219405716,1.837,-15.91,0.9714790285795705,0.17249328490040255,0.1627100602125229,0.3049764214610508,1.594669841542773,True
720575940640179315,285473.7330960854,323260.7473309609,253935.1601423488,left,0.267933218822544,0.9438781908107524,114251.40755034666,-13.0,0.0,0.255611197608048,0.9625821169725428,True,-13.0,0.0,-0.255611197608048,0.9625821169725428,-0.255611197608048,0.0,-7834.617914609251,-232776.40379957596,-51560.77101452163,-13.0,0.0,239.7493767139159,263.9273212922362,-123.27958881857765,0.45434056490623775,0.00489541318478226,-0.17227675709574097,-7.961,-13.789,0.944300168346063,0.27592248480555176,-0.17934317505923472,0.31987760894641093,1.2681012940126468,True
720575940640180339,802997.7439446368,269902.1453287197,225854.5328719724,right,-0.5475026404418726,1.5800248587674215,133744.39137797852,-4.0,10.0,-0.5475026404418727,1.580024858767421,False,-4.0,10.0,0.5475026404418727,1.580024858767421,0.5475026404418727,0.0,37708.6654636388,279207.10319541965,33676.90694855192,-4.0,10.0,235.90675526202915,-245.2446302368991,33.337913070674844,0.4761907192477088,0.019704721786585055,0.09318813687375299,3.674,-14.849,0.922805386055417,-0.23363121745017207,0.30634404466198395,0.3038656026905187,1.2519849312501543,True
720575940640212413,694001.0670103093,352598.2731958763,147338.40206185568,right,0.656867830008726,1.0637274991437873,134565.52808688997,-9.0,-15.0,0.6568678300087267,1.0637274991437875,False,-9.0,-15.0,-0.6568678300087267,1.0637274991437875,-0.6568678300087267,0.0,100209.39185349263,176091.96513917975,-68031.67404991556,-9.0,-15.0,25.948198583880536,-374.2904364464408,-202.29831883302074,-0.08126202381825594,-0.22875005578749846,-0.42499415743627006,-14.697,6.364,-0.06680677552645473,-0.7839455928081198,-0.6172245638829383,0.41913573727996867,44.69036991218891,False
720575940640250496,743632.3706777315,177475.5795297372,184118.0082987552,right,-0.1474599241905395,2.4299198579394785,131826.46560024575,17.0,12.0,-0.1474599241905423,2.4299198579394785,False,17.0,12.0,0.1474599241905423,2.4299198579394785,0.1474599241905423,0.0,92410.75640834736,212913.655845737,113812.5118737977,17.0,12.0,4.2297468286118125,-299.09151556743313,195.8877509488174,-0.10454593441029537,-0.07889823829019474,0.4661352918115112,17.759,5.303,-0.061858452560480254,-0.3920290465092325,0.9178707744230039,0.2806045779799654,15.993872283625432,False
720575940640299392,335817.1491712707,353536.014732965,222308.6556169429,left,-0.4655995559819979,0.7354076525766112,119855.68617821118,-18.0,-11.0,-0.4452256164963117,0.758270004355281,True,-18.0,-11.0,0.4452256164963117,0.758270004355281,0.4452256164963117,0.0,19532.186671678588,-180546.42100496084,-82775.73618970231,-18.0,-11.0,154.3153486342321,281.2623563048094,-255.50604759875827,0.24098554316658544,-0.03184362975930489,-0.43233260044374155,-17.759,-7.425,0.4855837994344146,0.4713277488891539,-0.7362462406382263,0.5596633251748389,0.7586295422119751,True
720575940640318552,796570.2638563622,293853.9703356752,222052.64637002343,right,-0.476322415495624,1.4051638927849872,130925.44077510096,-7.0,7.0,-0.4763224154956234,1.4051638927849868,False,-7.0,7.0,0.4763224154956234,1.4051638927849868,0.4763224154956234,0.0,37568.903952309745,274538.7069470642,9026.48493165776,-7.0,7.0,244.7967033069145,-253.64293106454497,-15.383432843539959,0.48427725896875573,0.00497148400080145,0.0030668609748565772,0.0,-14.849,0.9616087770857794,-0.24140094705195433,0.13051491330116852,0.28419627567924627,2.3695846260267865,True
720575940640355213,746761.6240601504,243721.9939849624,143228.96240601505,right,0.2005167000264154,1.8986137582452167,131628.95238220957,10.0,-1.0,0.2005167000264153,1.8986137582452185,False,10.0,-1.0,-0.2005167000264153,1.8986137582452185,-0.2005167000264153,0.0,122392.83004341915,220651.02202437067,42317.741756800126,10.0,-1.0,-28.74592399556406,-418.03022202447386,69.58543033136931,-0.21553926150745725,-0.3868170465631245,0.1906416172222147,5.511,11.667,-0.11706364633606328,-0.9138712390641143,0.38876144499927673,0.35019889407097127,66.77910196721439,False
720575940640466677,781547.8461538462,287439.4891146589,183214.71698113205,right,-0.1667259241263554,1.5088896187706642,129844.6325134932,-2.0,2.0,-0.1667259241263551,1.5088896187706642,False,-2.0,2.0,0.1667259241263551,1.5088896187706642,0.1667259241263551,0.0,76652.91069990917,258828.968221528,8105.676640461064,-2.0,2.0,168.6800250693304,-367.9900594442131,-7.47957916125328,0.37586764763497416,-0.30974855133451545,0.00861396936383973,0.0,-4.243,0.6446683075828954,-0.7514167675740576,0.14062579637733655,0.21152929114232666,30.1688624486639,False
720575940640503640,722699.91416309,361096.130472103,174988.4978540773,right,0.3313673646750852,0.9198707653618255,130145.99996100136,-13.0,-10.0,0.3313673646750861,0.919870765361826,False,-13.0,-10.0,-0.3313673646750861,0.919870765361826,-0.3313673646750861,0.0,72091.44522417628,205520.64454548646,-69954.98090441371,-13.0,-10.0,136.23823354179893,-335.70693061043187,-218.0399133942206,0.2560555741492297,-0.14211348350213082,-0.39805818826033545,-14.085,-3.182,0.43923239967144634,-0.6935654501445699,-0.5710007578319166,0.48003574761215384,13.19503197775006,False
720575940640521357,309694.2444444444,304252.3587301587,188299.71428571423,left,-0.3403339534102666,1.2848799046563637,116668.10170352086,-4.0,-8.0,-0.3289059956597619,1.2939967777844046,True,-4.0,-8.0,0.3289059956597619,1.2939967777844046,0.3289059956597619,0.0,60406.153855775476,-210456.01807983132,-41512.82547931971,-4.0,-8.0,68.674596053687,421.03820631575485,-101.98472777974528,0.0891638150840674,0.44466506681041523,-0.15682828008735325,-7.348,4.243,0.21530178664753039,0.9365006781226535,-0.27678804262863604,0.0589135011593108,57.732087876088215,False
720575940640562749,733487.5728715729,246098.1847041847,134089.4372294373,right,0.3309028273444053,1.8928623754571348,131911.80071859423,11.0,-3.0,0.3309028273444053,1.892862375457136,False,11.0,-3.0,-0.3309028273444053,1.892862375457136,-0.3309028273444053,0.0,130800.59295697228,207528.5292293758,37575.65957919309,11.0,-3.0,-68.43859562946933,-412.87550916239417,55.56079468426171,-0.33668959319345554,-0.327209343239797,0.1263966615348028,4.899,14.849,-0.39638993081333374,-0.8414485257219638,0.3672048492464855,0.35906741488204014,68.96374063767614,False
720575940640572733,767447.7193479801,323300.65768958186,181255.84691708008,right,-0.0466302087570894,1.235226701222345,130267.08923485415,-7.0,-2.0,-0.0466302087570886,1.2352267012223452,False,-7.0,-2.0,0.0466302087570886,1.2352267012223452,0.0466302087570886,0.0,72676.23137572386,247399.42608224234,-28530.722574899533,-7.0,-2.0,179.90082843125666,-361.17847222211066,-92.34837247334808,0.38569139715618617,-0.26269683548142037,-0.11408708991937391,-5.511,-5.303,0.6635494273307289,-0.7206783733612427,-0.20081045704458494,0.2262574888862772,27.961208511088273,False
720575940640672501,727611.552,278742.78690909094,130276.85818181816,right,0.4071935157601447,1.649907863929032,131534.1434226329,8.0,-7.0,0.4071935157601452,1.6499078639290332,False,8.0,-7.0,-0.4071935157601452,1.6499078639290332,-0.4071935157601452,0.0,129310.76225454322,204051.10176796108,4403.060402722585,8.0,-7.0,-75.38142884550284,-421.8707637938253,-1.5930729419443284,-0.3690096969353718,-0.3168069141313724,0.019484086244599855,0.612,15.91,-0.4286403180985173,-0.8948021086604673,0.12488660471477046,0.42176174657361915,67.60195345483545,False
720575940640674293,297576.22808268,250161.0691375624,179463.12188168216,left,-0.2321382250503195,1.7564860265388198,117712.79361191225,7.0,-4.0,-0.2240554764823182,1.7504961318940389,True,7.0,-4.0,0.2240554764823182,1.7504961318940389,0.2240554764823182,0.0,77439.43731425423,-226588.14174548502,9481.49907065622,7.0,-4.0,-24.496960056199313,433.51737925294606,31.7698778985423,-0.19444497562313245,0.4289791816540457,0.1078842135846183,1.837,11.667,-0.07469401997171705,0.9730376281902611,0.21821681306979107,0.34030500161902877,75.54152958352908,False
720575940640732067,347740.3137254902,318016.42445213377,171388.3737024222,left,-0.7180789305004821,1.2202531425472802,122990.20274914063,-6.0,-14.0,-0.6955824787263024,1.2292934211803423,True,-6.0,-14.0,0.6955824787263024,1.2292934211803423,0.6955824787263024,0.0,75624.27617530584,-171610.52928435084,-55017.75371197203,-6.0,-14.0,-0.3699455227661977,399.2901044438586,-158.96298408154723,-0.14754983424247528,0.3252045864451613,-0.3248818237461401,-12.247,8.485,-0.23553620286285243,0.8082265162223108,-0.539715291256507,0.2022934142943761,58.70415619206858,False
720575940640735395,345943.0271398748,339254.20876826724,190987.80793319416,left,-0.6728299877618412,0.9873712826263844,122596.94242090757,-12.0,-14.0,-0.6492020015941181,1.0022506796055888,True,-12.0,-14.0,0.6492020015941181,1.0022506796055888,0.6492020015941181,0.0,52891.9272052555,-171707.66151940072,-72952.14579892493,-12.0,-14.0,65.8200564127096,359.8002679603419,-218.1426368968266,0.04548042392409117,0.20065118319327518,-0.44340344989783154,-15.922,2.121,0.10574437967811132,0.7363035533949412,-0.6683376417833087,0.40693990384227363,27.873907075814575,False
720575940640791203,266537.62330097094,297457.25436893204,243863.6504854369,left,0.3003845740507784,1.2298776645070515,118331.28457027508,-8.0,2.0,0.2896061424870524,1.239601383401865,True,-8.0,2.0,-0.2896061424870524,1.239601383401865,-0.2896061424870524,0.0,5833.694486111875,-253629.79997141456,-29107.599430088154,-8.0,2.0,228.2998210695916,309.32871947494607,-56.699010271867195,0.47652208826048253,0.08795097278624246,-0.04549446449224645,-3.674,-10.607,0.8642504913353306,0.5027394592700882,0.018003452987114046,0.3615752163445957,6.053410989303015,False
720575940640879779,721386.4781341108,236128.7055393586,131016.03498542272,right,0.4228292763778871,1.9786734118175395,131400.8747416627,13.0,-3.0,0.422829276377887,1.9786734118175409,False,13.0,-3.0,-0.422829276377887,1.9786734118175409,-0.422829276377887,0.0,135187.070604957,194705.1829733274,46036.94876333457,13.0,-3.0,-90.83333968177196,-393.6567531875772,62.08067547256036,-0.4058870949318853,-0.22657035128917324,0.12894402458118298,6.124,16.971,-0.5828301491113245,-0.7202018637642865,0.37632205983348843,0.3784273014957169,54.51257805935836,False
720575940641000400,289516.0918032787,282043.63278688525,195831.3442622952,left,-0.1320437840686917,1.4571104185777517,115784.08316592226,0.0,-4.0,-0.1276299984512406,1.4607353074860316,True,0.0,-4.0,0.1276299984512406,1.4607353074860316,0.1276299984512406,0.0,56105.08881196401,-232167.1342978523,-19897.11188494043,0.0,-4.0,75.47146993356112,429.4278384565462,-29.401163743048283,0.1219614009905361,0.46808979540581497,-0.00784947141624175,-2.449,4.243,0.32874245795900836,0.9441024766246182,0.02447263709394835,0.08992371658167976,68.4046209503109,False
720575940641105883,772408.5628291948,214760.0120391272,188686.62151993977,right,-0.2676893451145882,2.077048686988996,128575.18849255906,9.0,10.0,-0.2676893451145892,2.077048686988996,False,9.0,10.0,0.2676893451145892,2.077048686988996,0.2676893451145892,0.0,82544.13552618187,244390.64516306613,79887.3102541412,9.0,10.0,98.44941492593325,-331.88301674741456,144.6831532215314,0.1767235384275747,-0.2328932576045246,0.3818712046053872,11.635,-1.061,0.45678812833665705,-0.5724997058179768,0.6808734777100836,0.16922718752458646,22.654132278837384,False
720575940641108699,763424.9933333332,233695.9566666667,164073.3666666667,right,-0.0247679006924098,1.953806988874944,129348.08047639094,9.0,4.0,-0.0247679006924103,1.953806988874944,False,9.0,4.0,0.0247679006924103,1.953806988874944,0.0247679006924103,0.0,103696.36236416124,236666.35034126847,56692.36676214269,9.0,4.0,44.12122278889624,-393.320873711572,104.72630821825624,0.0056221733046114665,-0.39557162402896806,0.2809672808952982,7.961,5.303,0.21491575034536212,-0.8427733701538437,0.4935020433726921,0.22276184023547732,52.725714996808975,False
720575940641151284,732278.8598510495,272454.7163168585,132131.37440758297,right,0.3650326663190151,1.6944618278106651,131545.72522337164,8.0,-6.0,0.3650326663190152,1.694461827810666,False,8.0,-6.0,-0.3650326663190152,1.694461827810666,-0.3650326663190152,0.0,128556.0579421832,208254.05152415694,11224.237685918644,8.0,-6.0,-62.20609078143123,-426.4079024792973,8.1225391024696,-0.3264214080183215,-0.3568148280496743,0.034783907236391326,1.225,14.849,-0.3517286606930542,-0.9321533459792934,0.0858899809446836,0.3791973243883185,73.99220623028836,False
720575940641202640,767919.5343035344,319158.9715869716,177997.28343728348,right,-0.0337746645465023,1.2738194461001662,130610.3165948704,-6.0,-2.0,-0.0337746645465015,1.2738194461001664,False,-6.0,-2.0,0.0337746645465015,1.2738194461001664,0.0337746645465015,0.0,76555.10961629076,247543.0601243035,-24935.158372507703,-6.0,-2.0,171.76044086717204,-371.14702901902353,-82.79797911436232,0.36426943540709367,-0.29870578678200027,-0.09906563978186061,-4.899,-4.243,0.6107114887172663,-0.7838515252789906,-0.1122865257568341,0.2387657803281209,32.78344631388081,False
720575940641224181,739844.0,176651.26666666666,182633.1111111111,right,-0.1098429544356698,2.449322360375646,131093.140502619,18.0,12.0,-0.1098429544356727,2.4493223603756467,False,18.0,12.0,0.1098429544356727,2.4493223603756467,0.1098429544356727,0.0,93937.95739692953,209065.12273695203,114116.83702401032,18.0,12.0,-8.675413167741057,-293.913781958268,195.63508645935843,-0.1302992300827036,-0.04494016818713026,0.4622898470809991,18.371,6.364,-0.12646864797359283,-0.3414637819021715,0.9313475005221187,0.2891273356035337,13.366276421319023,False
720575940641478864,290479.2765957447,173146.58156028372,232756.6903073286,left,0.4167477378065993,2.360033926273318,118066.68473892432,13.0,14.0,0.3995819660096431,2.338031745102281,True,13.0,14.0,-0.3995819660096431,2.338031745102281,-0.3995819660096431,5.0,36835.853434133634,-238994.86118245558,93262.31275517523,13.0,14.0,72.14002017163739,278.04900915134374,192.04772171470464,0.09597050219904751,0.05959089417989759,0.47193768706995776,16.534,-1.061,0.329338207879938,0.34169273277972106,0.8802172579516702,0.27240386736559913,8.778051508700978,False
720575940641611739,281013.7894736843,283991.79824561405,207741.3450292397,left,-0.0101905022997978,1.415521436767496,115540.35433042,-2.0,-2.0,-0.0099660062832956,1.4203977374935308,True,-2.0,-2.0,0.0099660062832956,1.4203977374935308,0.0099660062832956,0.0,43884.367910537476,-240424.07312752726,-20537.0756647531,-2.0,-2.0,127.80818126100719,405.57657848288784,-29.784775977624193,0.27360756476054177,0.4044779617418943,-0.0006175668187622051,-2.449,0.0,0.486935673604278,0.8683129958798971,0.09447852114436359,0.12716840677826716,49.83647100385043,False
720575940641935861,293948.7776962582,299529.3881144534,200377.5201760822,left,-0.1583371972857116,1.298526919848839,116021.0277566734,-4.0,-5.0,-0.1531214466767152,1.307386276038374,True,-4.0,-5.0,0.1531214466767152,1.307386276038374,0.1531214466767152,0.0,48940.003994156104,-226427.13264942335,-36076.79048712986,-4.0,-5.0,112.04952894712858,411.752983402321,-78.74741916229411,0.23912390913024187,0.40928203356130083,-0.0959012223441189,-5.511,1.061,0.4246596186554362,0.8959763002057302,-0.12996414025826847,0.1096386342598096,49.90374178323306,False
720575940641947336,300543.0904723779,229178.24179343475,179564.7397918335,left,-0.2232332811444944,1.936600567938714,117654.64047219048,10.0,-2.0,-0.2148884990428597,1.925010285863547,True,10.0,-2.0,0.2148884990428597,1.925010285863547,0.2148884990428597,0.0,80701.52803052308,-225176.2414571646,30373.05104094342,10.0,-2.0,-41.282014053183474,418.28796743418206,69.54534638776936,-0.2343249879935639,0.38426787569608417,0.17134556721647876,4.899,12.728,-0.205271635444556,0.8998359017878451,0.384914153462266,0.3017463009754885,65.16881685533485,False
720575940642102669,346243.9342359768,331235.4622823984,184436.94390715667,left,-0.6859804240510953,1.0709890518507623,121410.22837718426,-10.0,-14.0,-0.6627738697564945,1.0839342889904056,True,-10.0,-14.0,0.6627738697564945,1.0839342889904056,0.6627738697564945,0.0,60629.587275203354,-172042.05775618684,-66073.0865920633,-10.0,-14.0,47.326571168357134,377.2691356335905,-198.38033611258132,-0.008280220919821892,0.26171823712762904,-0.41255246686328834,-14.697,4.243,0.02297725001480174,0.8160219740115303,-0.5775640084978313,0.39155947529291246,37.87022550863893,False
720575940642297997,301484.6837606837,163890.0284900285,227060.2849002849,left,0.3385607916198799,2.4792638302377124,119399.70934867689,16.0,14.0,0.323035206576543,2.454582730936849,True,16.0,14.0,-0.323035206576543,2.454582730936849,-0.323035206576543,0.0,44119.59762042352,-228739.80816665172,102264.13226245702,16.0,14.0,30.565773436333508,270.2588426849689,202.6277558938197,-0.012188327700617407,0.017324815803210703,0.48164017808461584,18.371,2.121,0.061332959984601525,0.22048401656383734,0.9734603569018129,0.20582395129679776,6.290892458494692,False
720575940642403573,269520.94983277586,253456.79464882944,212911.3311036789,left,0.133624216250802,1.6607623465681796,117433.68009519452,2.0,2.0,0.1294725540638683,1.6573009472094329,True,2.0,2.0,-0.1294725540638683,1.6573009472094329,-0.1294725540638683,0.0,43385.71157230155,-254103.31692340554,9526.69313934799,2.0,2.0,120.03671017506986,391.66158304871124,38.99719572996945,0.25247657371101356,0.39179952263666606,0.11771245755572425,2.449,0.0,0.5448881839015188,0.7624340863701303,0.3489858607242553,0.11836381960033905,46.27494315603721,False
720575940642527707,262271.44104803493,285399.70887918485,240836.6812227074,left,0.3123760178313821,1.3401878962002156,118707.18514336347,-6.0,3.0,0.3017989853262321,1.3464939306081058,True,-6.0,3.0,-0.3017989853262321,1.3464939306081058,-0.3017989853262321,0.0,10645.954720377202,-258793.42991869134,-18020.384523927412,-6.0,3.0,218.59695760535112,321.01602486115155,-28.588298120179047,0.46621939120841793,0.1385946052465117,-0.004739774524401707,-1.837,-9.546,0.8315754182258883,0.5356848426929323,0.14671084864960557,0.3230589606885894,11.216251569098395,False
720575940642544091,320446.68617886177,267547.5056910569,165543.64227642276,left,-0.4788619466270124,1.6397740269198675,118536.4228380088,6.0,-8.0,-0.4633717488030334,1.6379458973812815,True,6.0,-8.0,0.4633717488030334,1.6379458973812815,0.4633717488030334,0.0,88856.6678070789,-202589.77611296432,-8205.31061568046,6.0,-8.0,-62.36225499741704,430.6769700926652,-12.944155275919929,-0.3223867089684914,0.3697644979990893,0.012852127503067901,-1.225,14.849,-0.35355801738765097,0.9341810182472047,0.0479849297960239,0.3556620085842718,71.56736706317349,False
720575940643223319,311145.2003659652,210508.53430924064,178189.78956999083,left,-0.2835997999075766,2.111561797589206,117607.81875210378,13.0,0.0,-0.2722083811268309,2.095191965132164,True,13.0,0.0,0.2722083811268309,2.095191965132164,0.2722083811268309,1.0,85195.50322850009,-215989.17239099368,49300.68028358743,13.0,0.0,-60.02943611157551,392.4631150586377,101.49903275389161,-0.2809301821682188,0.2972720339717629,0.24265697611336723,7.961,13.789,-0.4164804005030353,0.7270432279036858,0.5458499984026937,0.20535539735919137,50.65454972183108,False
720575940643266583,730266.56,331711.28436363634,154879.4181818182,right,0.3357913291745592,1.2021251573964122,128298.35045316796,-5.0,-9.0,0.33579132917456,1.202125157396413,False,-5.0,-9.0,-0.33579132917456,1.202125157396413,-0.33579132917456,0.0,96716.43001705344,210767.0998019978,-43664.617147007215,-5.0,-9.0,68.15108562714941,-411.1616737889321,-131.97738691488794,0.07676502337084776,-0.4197042804210485,-0.22079887300221704,-8.573,4.243,0.20042868593834284,-0.912573807906296,-0.3564230449570172,0.11760036864864114,56.13796883276844,False
720575940643285389,755386.4620689655,352117.224137931,201344.2068965517,right,-0.0821423797649206,0.949410900803512,128758.79182510044,-14.0,-4.0,-0.0821423797649195,0.949410900803512,False,-14.0,-4.0,0.0821423797649195,0.949410900803512,0.0821423797649195,0.0,48079.62533418136,237628.649841618,-54587.38273272383,-14.0,-4.0,212.92376494623448,-287.45136268948846,-177.2557359069802,0.40343976235602086,-0.034581126512070404,-0.2723027589536107,-11.023,-10.607,0.804642892624938,-0.46412089248593713,-0.3703263594536984,0.4398559074216668,1.3042433737250845,True
720575940643285645,771740.5658093797,281906.810892587,167038.09379727684,right,-0.0296888176806197,1.5740412828754824,130264.94891436402,1.0,0.0,-0.0296888176806194,1.5740412828754826,False,1.0,0.0,0.0296888176806194,1.5740412828754826,0.0296888176806194,0.0,93318.61358103229,248534.15769949224,10284.584047832248,1.0,0.0,112.68357751557429,-406.47104107559625,5.825332238393681,0.23877343425424052,-0.41691990452487454,0.03614992718650339,0.612,1.061,0.4296000855895762,-0.8840056533376488,0.1843306033422165,0.12911941569692217,50.446021442662214,False
720575940643527112,759935.3745113369,239262.81157154025,156199.65598123532,right,0.0481342931532007,1.916176290437652,130970.07868122584,9.0,2.0,0.0481342931532003,1.9161762904376527,False,9.0,2.0,-0.0481342931532003,1.9161762904376527,-0.0481342931532003,0.0,110529.08071550656,233545.0710487218,49711.37768309881,9.0,2.0,21.143612930846725,-407.15958340014157,88.62181975799065,-0.06433994004613057,-0.41351179606368155,0.24508989410995558,6.736,7.425,0.14904595126578182,-0.8787566978142243,0.4534004526441482,0.28865387846775004,59.87349664723506,False
720575940643572334,753527.1382405745,354591.447037702,214425.3500897666,right,-0.1742789924267882,0.8782988298225395,125037.594631291,-16.0,-3.0,-0.1742789924267868,0.8782988298225395,False,-16.0,-3.0,0.1742789924267868,0.8782988298225395,0.1742789924267868,0.0,34740.386988120066,236042.95583994043,-55082.82816662934,-16.0,-3.0,228.1541178670145,-244.9926124964065,-180.52504530564977,0.39567864031327055,0.0575108204641606,-0.2767499402663441,-11.635,-13.789,0.9040922139282187,-0.19726790660908555,-0.3790813128293732,0.381588758079284,0.5431760008847656,True
720575940643576520,293321.3718166384,190897.7589134125,209268.2173174873,left,0.1144765760649379,2.2432076934005725,115869.34746686288,13.0,8.0,0.1106807408428012,2.222159450229088,True,13.0,8.0,-0.1106807408428012,2.222159450229088,-0.1106807408428012,0.0,57279.28028475554,-235005.92971483673,72261.2439630572,13.0,8.0,24.64991737363185,346.20489290855926,165.29339069293746,-0.05126860476604566,0.2392108335110187,0.420067220135677,12.86,5.303,0.15425210889149102,0.6329487441278071,0.7586713215942458,0.3150166925935257,33.71243355322078,False
720575940643633352,740504.350045579,190337.9872379216,171778.7784867821,right,0.0036671676490828,2.340365018934848,128618.47132287073,16.0,9.0,0.0036671676490808,2.340365018934848,False,16.0,9.0,-0.0036671676490808,2.340365018934848,-0.0036671676490808,0.0,102508.62001441658,210661.6547467271,98965.1458069595,16.0,9.0,-7.08018768245367,-332.7825888215474,176.31996073186718,-0.14230332569972723,-0.16183862848185396,0.43270308655281636,15.309,7.425,-0.11392799578481888,-0.5578610450619067,0.8220775305157608,0.29716435031195443,27.190059073826525,False
720575940643862324,779045.2052980132,236774.08278145696,182931.52317880795,right,-0.219702075207109,1.8987922218027768,129736.51261634656,6.0,7.0,-0.2197020752071095,1.8987922218027768,False,6.0,7.0,0.2197020752071095,1.8987922218027768,0.2197020752071095,0.0,84875.78526578278,252594.75265325466,57773.02707325168,6.0,7.0,114.67907798973623,-358.8870060713423,103.4297298146969,0.23359128221250405,-0.3137312770632266,0.26889208210554594,7.961,-1.061,0.5084268426710771,-0.6771842387012866,0.5319056800844291,0.04154107547196593,34.05260494665121,False
720575940643929800,764924.2505050505,270423.62828282826,156446.49158249158,right,0.0523496103650372,1.6750967828825378,131412.71489309878,4.0,-1.0,0.0523496103650374,1.675096782882538,False,4.0,-1.0,-0.0523496103650374,1.675096782882538,-0.0523496103650374,3.0,105462.70566464738,240819.99155659176,19423.530531850338,4.0,-1.0,58.78850765644436,-423.54640028117194,23.03674970394627,0.07129780812702552,-0.46908771289567164,0.0728701279059422,1.837,5.303,0.2509613375006673,-0.9401259828021163,0.2306112389720657,0.134555426687427,70.15126803996645,False
720575940644074144,305981.6506137866,174536.30972615676,211307.76203966007,left,0.0970048817236576,2.42189106157498,116454.65565770614,16.0,10.0,0.0935011391396607,2.396691541890512,True,16.0,10.0,-0.0935011391396607,2.396691541890512,-0.0935011391396607,0.0,58075.48983012838,-223573.64531631707,89605.07125675553,16.0,10.0,1.244194764316159,315.682098299377,186.96670343953247,-0.11423120494724863,0.1298289226822168,0.45403478744534864,15.922,6.364,-0.03345435092214837,0.4276739549428916,0.9033137852750192,0.2603231153470514,20.831499630629104,False
720575940644093719,775400.6910828026,277461.81847133755,170982.99363057327,right,-0.0754615328093009,1.601907239819886,130295.14252719493,1.0,1.0,-0.0754615328093007,1.601907239819886,False,1.0,1.0,0.0754615328093007,1.601907239819886,0.0754615328093007,0.0,90191.10986952766,251882.36801889612,15550.029663202195,1.0,1.0,124.31732745582262,-398.86518765579916,13.86573781095891,0.2621997807276339,-0.39896677357203836,0.05210077815589189,1.225,0.0,0.5097733530136616,-0.8399886756277051,0.18587671552516508,0.08595943804565952,46.87234249212768,False
720575940644213028,264206.1805359662,247360.95063469675,227302.34132581105,left,0.2734976098555812,1.6835260544770132,115890.03956173747,1.0,5.0,0.2647145254252858,1.6791499634183529,True,1.0,5.0,-0.2647145254252858,1.6791499634183529,-0.2647145254252858,0.0,30041.712768923884,-259758.39840598346,17430.174112774806,1.0,5.0,160.45268637931494,354.2453381886003,53.65478647837037,0.3724652885222149,0.2759019189306358,0.14100780408557945,3.674,-4.243,0.5920085974092647,0.6863321509978996,0.42246183153050854,0.24999878083509855,26.424100031817574,False
720575940644342688,757163.3687600644,176807.3365539453,201406.5700483092,right,-0.3887480453839016,2.390227180636131,133090.28453983835,14.0,15.0,-0.3887480453839042,2.3902271806361304,False,14.0,15.0,0.3887480453839042,2.3902271806361304,0.3887480453839042,42.0,75692.62388476865,226471.95849315968,118183.47279696839,14.0,15.0,65.94560560462361,-272.8462292887197,198.4700323029735,0.047121498797227275,-0.030240910093945094,0.4815018496795533,17.759,-1.061,0.32195669735172167,-0.3005848599913938,0.8977709212122691,0.34281847038367114,4.858990533861148,False
720575940644391112,745869.802306425,207584.9192751236,161799.5057660626,right,0.0628216626174113,2.1864636388088026,128857.5673556991,14.0,6.0,0.0628216626174101,2.1864636388088035,False,14.0,6.0,-0.0628216626174101,2.1864636388088035,-0.0628216626174101,0.0,109739.46118817414,217218.6962634284,80784.09058010521,14.0,6.0,-8.060402301811733,-366.02892248037205,148.26606356023302,-0.1578868255465569,-0.254541136767807,0.37901369699489434,12.247,8.485,-0.0617626047104607,-0.6889992591151772,0.7221256134483227,0.3182544945221004,39.38611715095278,False
720575940644398190,265999.2366412214,250654.82859125605,223607.16169326857,left,0.2324434745320795,1.6636033086188955,115670.28359096924,1.0,4.0,0.2249596918425417,1.6598867128447177,True,1.0,4.0,-0.2249596918425417,1.6598867128447177,-0.2249596918425417,0.0,33203.269019142404,-257751.64816991574,13729.289046631373,1.0,4.0,152.32746645452897,366.7330167156317,45.79515655450605,0.35235212986979014,0.30577854339827176,0.12744624063989368,3.062,-3.182,0.5677468461593429,0.7334896017389941,0.3737064661159762,0.2201012571085081,30.969191875564878,False
720575940644510574,766453.6309012875,280791.4248927039,160971.75965665234,right,0.0303178833088691,1.591174984399783,130103.89514571067,2.0,-1.0,0.0303178833088694,1.5911749843997836,False,2.0,-1.0,-0.0303178833088694,1.5911749843997836,-0.0303178833088694,0.0,99387.83648363531,243139.56905556098,10041.431260203988,2.0,-1.0,87.73429737712883,-417.73546968254874,3.365502848119539,0.16723087213758525,-0.45027700986201713,0.023572543911358313,0.612,3.182,0.3766508002494962,-0.9067558625220604,0.1895467764254733,0.14661609622166175,59.930886839207396,False
720575940644533527,267931.9343629344,209931.74517374515,233016.79536679536,left,0.3870252112171328,1.992277814976339,117378.49849615376,6.0,10.0,0.3742251638366042,1.97896086671798,True,6.0,10.0,-0.3742251638366042,1.97896086671798,-0.3742251638366042,0.0,30369.119954029607,-258765.6897190052,55461.59509597971,6.0,10.0,134.01466708700806,316.7850591101432,126.31949287554743,0.29337922724170823,0.18260272909585848,0.3325722298067011,9.798,-4.243,0.5331956906442549,0.5699046202281817,0.6252288215693259,0.2162937625951524,13.488060357166056,False
720575940644639904,750511.8237608182,241127.38630999217,147325.09834775765,right,0.1541971337773709,1.9143971587553656,131102.3698686363,10.0,0.0,0.1541971337773706,1.9143971587553663,False,10.0,0.0,-0.1541971337773706,1.9143971587553663,-0.1541971337773706,0.0,118825.88182864623,224226.52055433823,45791.50155426274,10.0,0.0,-14.454836191775454,-415.13602609268264,79.16388070074385,-0.1896646991867607,-0.39526310986626567,0.20315342586361623,6.124,10.607,-0.05806510065895242,-0.9006714226304496,0.4306035677305842,0.34639751679772807,66.40503647013554,False
720575940644851912,283553.6,182788.90989010988,233438.6813186813,left,0.4164899359313141,2.259256731684916,116910.77183838683,11.0,13.0,0.4005425186810215,2.239253882406884,True,11.0,13.0,-0.4005425186810215,2.239253882406884,-0.4005425186810215,0.0,34516.273818797345,-245185.91764307802,83378.23596580932,11.0,13.0,91.40327099138214,290.71941803138293,176.400692621537,0.1657450576524644,0.10193210270268499,0.44228462345588065,14.697,-2.121,0.4158413683498947,0.4565827110089701,0.7865164870341795,0.28774988655196077,8.646153810829407,False
720575940644858916,314378.8735387885,186399.78320935176,189506.5674814028,left,-0.1969350429397346,2.329003929029838,118169.08396412867,16.0,5.0,-0.1872684539255481,2.306771826226015,True,16.0,5.0,0.1872684539255481,2.306771826226015,0.1872684539255481,32.0,77882.33646761706,-214467.9542927755,75068.13012842894,16.0,5.0,-49.03255665384171,353.3248013596142,150.7861968557333,-0.2064762390957362,0.19888173041883564,0.3904990477072428,12.86,11.667,-0.3975684219623988,0.5598217736091151,0.7270068305397637,0.1715561831747299,31.88408737944635,False
720575940644873160,259736.6540880503,206711.93291404613,257377.61006289307,left,0.6191124422888036,1.9561130471749968,120618.8582344975,5.0,15.0,0.5998444288614085,1.945078140000024,True,5.0,15.0,-0.5998444288614085,1.945078140000024,-0.5998444288614085,173.0,6675.86639125396,-267015.6831239856,61907.24842648245,5.0,15.0,174.18876738369582,240.95602739265684,140.61488256175005,0.35565808973708946,-0.018467877180768727,0.3298542706110782,12.247,-10.607,0.6660782715169583,0.2374819013210724,0.7070658263258873,0.28576747625636423,1.6836840382831884,True
720575940644874020,296742.70500532485,172397.31629392973,226558.59424920127,left,0.3262977245662163,2.4004801950044703,116592.34964591994,14.0,13.0,0.3122246122237108,2.376692373150312,True,14.0,13.0,-0.3122246122237108,2.376692373150312,-0.3122246122237108,0.0,43187.3495818733,-232844.65695278833,93466.7956290413,14.0,13.0,53.486377225675426,288.697542214036,194.7343903518335,0.04616656892537636,0.08121555453593421,0.47404853482038917,16.534,1.061,0.2372698909131213,0.37740406524860015,0.8951363976511658,0.2678043904978054,13.195971554305945,False
720575940644945352,729053.6539589444,338785.67448680353,160086.45161290324,right,0.3287342357576877,1.1332721511272943,127821.87153751391,-7.0,-9.0,0.3287342357576884,1.133272151127295,False,-7.0,-9.0,-0.3287342357576884,1.133272151127295,-0.3287342357576884,0.0,90437.89430965183,210113.51392824118,-49892.30923221348,-7.0,-9.0,91.17382958926555,-395.95038105473265,-150.2708887176018,0.142095719330736,-0.3693355572094287,-0.2745448631681966,-9.798,2.121,0.2984381268463274,-0.8677323321866615,-0.3974610473019374,0.2002599860804832,44.4169193947127,False
720575940644950216,740766.6585551332,335337.2775665399,165852.38022813687,right,0.214755517828383,1.153430679337342,127904.9392560266,-7.0,-7.0,0.2147555178283837,1.1534306793373426,False,-7.0,-7.0,-0.2147555178283837,1.1534306793373426,-0.2147555178283837,0.0,85501.65498131071,221577.97719916742,-44741.43804483992,-7.0,-7.0,120.50275817150889,-390.9027203116779,-134.94436765343602,0.22672908525276078,-0.35924371319400095,-0.22434734140075607,-8.573,0.0,0.3965306739873499,-0.8538661224546519,-0.3371588194180831,0.1841008478847114,40.5477009847267,False
720575940645078984,789116.9191919192,208773.36363636365,226032.7272727273,right,-0.6239862678246023,2.0481290173549365,133333.00407229588,6.0,16.0,-0.6239862678246033,2.048129017354935,False,6.0,16.0,0.6239862678246033,2.048129017354935,0.6239862678246033,29.0,46919.04953351195,260857.2958752891,92904.35326232904,6.0,16.0,166.7634022841916,-237.72600766532543,147.12910688217627,0.3356078580727452,0.04376441638225187,0.347967162236204,13.472,-10.607,0.6732721271161516,-0.21929951177570906,0.7061248947483924,0.31142967052718107,2.0116304440835986,True
720575940645271588,258830.41117764468,207207.3133732535,247593.69261477044,left,0.5343847894787197,1.9652996898008128,122774.8020969602,5.0,13.0,0.5178414551639309,1.953831867561544,True,5.0,13.0,-0.5178414551639309,1.953831867561544,-0.5178414551639309,1.0,16241.1789786154,-267947.26566857373,59802.80842677065,5.0,13.0,166.21244673391232,270.95912191685386,134.33873673335282,0.34691296435895297,0.046878583143817175,0.3356717655857881,11.023,-8.485,0.6327049264295846,0.4153859455075074,0.6535587137714315,0.3330401200101992,2.0116304440835986,True
720575940645309988,792200.3076923076,213549.4423076923,227466.53846153847,right,-0.630632365185148,2.0048311939965493,133865.0499716826,5.0,16.0,-0.6306323651851485,2.004831193996548,False,5.0,16.0,0.6306323651851485,2.004831193996548,0.6306323651851485,2.0,44806.37371791419,264293.88921304146,88649.89045566205,5.0,16.0,175.70474649720276,-231.3294292805621,138.7250748420048,0.35465089692059804,0.06089550085309238,0.32669505198223237,12.86,-11.667,0.7120776258888711,-0.2073720109261542,0.6707773876577175,0.3346959882820592,2.140950729144327,True
720575940645488692,340210.6390041494,347515.377593361,207350.58091286305,left,-0.5731934056391885,0.8514353446330702,120600.0606103552,-15.0,-12.0,-0.5505909960286278,0.8706063591080189,True,-15.0,-12.0,0.5505909960286278,0.8706063591080189,0.5505909960286278,0.0,35329.80509009419,-176707.412767817,-78903.77397494623,-15.0,-12.0,122.06203613034177,326.12869432404955,-237.52872234236304,0.21026471521273737,0.07866752221315401,-0.4405274154786707,-16.534,-3.182,0.299501648154765,0.659175586590994,-0.6897726500775444,0.5608256635262133,4.491373884072634,False
720575940645541252,783619.0985915493,262908.861971831,180034.02816901408,right,-0.1845333839560327,1.697660520485643,131674.4053705111,2.0,4.0,-0.1845333839560326,1.697660520485643,False,2.0,4.0,0.1845333839560326,1.697660520485643,0.1845333839560326,0.0,83698.82903755982,259064.47416761372,31906.057051899552,2.0,4.0,140.9648007544809,-375.62462994041715,47.780890113922666,0.312617271624326,-0.34100240646107494,0.11624524428337096,3.674,-2.121,0.5901564034104836,-0.7168446432874985,0.3712804558600165,0.14342320157024088,38.346616496602245,False
720575940645669940,770822.7460674158,257485.25393258428,166159.05617977525,right,-0.0475203140279927,1.7616373695338874,129577.68662959008,5.0,2.0,-0.0475203140279928,1.7616373695338876,False,5.0,2.0,0.0475203140279928,1.7616373695338876,0.0475203140279928,0.0,98020.53782243596,245811.98121944806,34128.01518099707,5.0,2.0,81.31494437365636,-405.61464601900786,57.8098053382671,0.13437631298558494,-0.4344258959482739,0.1494735211900044,4.287,3.182,0.3513163964536396,-0.8590991588836461,0.37219003853977756,0.1045585796901779,57.626578342920205,False
720575940645761902,345622.7285291214,335018.58637709776,187711.6683119447,left,-0.6750449717785109,1.0307832343258114,121836.4638380244,-11.0,-14.0,-0.6517789396841505,1.0447242515555464,True,-11.0,-14.0,0.6517789396841505,1.0447242515555464,0.6517789396841505,0.0,56788.57488489202,-172361.0101707672,-69323.7230756072,-11.0,-14.0,57.73279128579129,369.1770188022281,-208.7441554019974,0.02035423574549256,0.2315763992534453,-0.4272986282949522,-15.309,3.182,0.0594542247242028,0.7779412846799123,-0.6255178276859996,0.39680502716623034,32.74829286154235,False
720575940645823028,264019.4712230216,214246.9748201439,234870.5035971223,left,0.4027973920328166,1.944323391301084,118903.66668134413,5.0,10.0,0.3898601463008303,1.9325388867772724,True,5.0,10.0,-0.3898601463008303,1.9325388867772724,-0.3898601463008303,0.0,27787.3960679273,-262336.97025466367,51225.38617324326,5.0,10.0,147.94752460907395,312.80901382157356,119.61489053616276,0.31206354016251847,0.16965907019695492,0.32193580312038145,9.186,-5.303,0.5803745199396224,0.5506596637702813,0.5999494572889066,0.2214083534951815,12.513584479182933,False
720575940645907223,257437.61880772468,236608.1712846348,238516.8094038623,left,0.4014496533619987,1.7459887551300914,119352.16219529274,1.0,8.0,0.3890140264745635,1.7398655992502663,True,1.0,8.0,-0.3890140264745635,1.7398655992502663,-0.3890140264745635,0.0,20541.858403483107,-267227.62769110134,29311.393192293508,1.0,8.0,183.4930852944492,317.1025603236158,75.16181643268159,0.41205375110783954,0.16112588184029447,0.1944771119760353,5.511,-7.425,0.685819260724356,0.5654046361553591,0.45822433265107587,0.2921756540418545,11.41253530102323,False
720575940645965847,292817.86000000004,292507.6914285714,195215.3714285714,left,-0.1713946283903009,1.372059128324662,117253.2491409602,-2.0,-5.0,-0.1657592996117964,1.3784671559856296,True,-2.0,-5.0,0.1657592996117964,1.3784671559856296,0.1657592996117964,0.0,55123.320036926685,-228106.75542721813,-30062.104384331775,-2.0,-5.0,88.26240096170663,423.0404117282209,-56.63388304986658,0.1598142964338166,0.4508545479790114,-0.06048195537254246,-4.287,3.182,0.3362302748055357,0.9402179620123536,-0.05421610658771328,0.07158463894982081,60.53484560396256,False
720575940646028142,744615.6275021759,194187.7319408181,174022.8372497824,right,-0.0368888019480239,2.30475931299518,127340.61167764712,15.0,9.0,-0.0368888019480258,2.3047593129951807,False,15.0,9.0,0.0368888019480258,2.3047593129951807,0.0368888019480258,0.0,99760.70925812161,215060.32832642412,95825.14683417091,15.0,9.0,5.523884818050355,-337.8869405685751,173.74998540896985,-0.12147581364239707,-0.19505381322259727,0.43188824816660426,14.697,6.364,-0.0022659757818350424,-0.6029858843105065,0.7977486375269047,0.3324416312235059,29.1069820058342,False
720575940646215022,708019.4713450292,295373.5485380117,125786.19883040932,right,0.5673779811640836,1.53189640254603,131261.94659368036,6.0,-10.0,0.5673779811640843,1.5318964025460309,False,6.0,-10.0,-0.5673779811640843,1.5318964025460309,-0.5673779811640843,0.0,130766.15665714344,185709.78058960804,-14092.226638159958,6.0,-10.0,-82.73990991283505,-415.9624696988847,-39.412015754607644,-0.40536109329013104,-0.25035574130949323,-0.07248876917972968,-2.449,16.971,-0.5843014873632901,-0.7766173546792076,-0.23549364381256002,0.3754479673518103,59.42641481598639,False
720575940646237550,290312.8765217391,186442.9008695652,223610.9565217391,left,0.281610833919632,2.270246765439013,113507.4326496217,12.0,11.0,0.2705155878935125,2.248571400558692,True,12.0,11.0,-0.2705155878935125,2.248571400558692,-0.2705155878935125,0.0,43766.10842209368,-238240.36237267993,78706.67673390238,12.0,11.0,65.33768863836549,315.0341235562574,175.16337441842256,0.0757461150941173,0.15960614413304677,0.4512363420638711,14.085,1.061,0.3334401857220983,0.4956978952074852,0.8019359321245567,0.2760932399086909,19.0113279458652,False
720575940646369588,741956.275862069,332027.0376904571,162562.11708099436,right,0.2197549576896922,1.189671951046101,128991.80822051271,-6.0,-7.0,0.219754957689693,1.1896719510461014,False,-6.0,-7.0,-0.219754957689693,1.1896719510461014,-0.219754957689693,0.0,89293.7763478116,222498.5540183561,-41918.130974520755,-6.0,-7.0,109.00933532463688,-399.3342693153746,-125.74578920474731,0.1955738974899165,-0.3924953856216964,-0.20116156784767875,-7.961,1.061,0.383629169204415,-0.8628291995959839,-0.32917234522372024,0.10304033902734441,46.57432073504717,False
720575940646413108,787774.4723441616,217194.349429324,218707.56804214223,right,-0.5490243855236916,2.001593576317168,130148.8914434926,5.0,14.0,-0.5490243855236925,2.001593576317167,False,5.0,14.0,0.5490243855236925,2.001593576317167,0.5490243855236925,0.0,52799.16185923127,260091.39580898514,83353.91876210445,5.0,14.0,169.56350176263592,-261.50510950491395,132.90918168642492,0.35736229126172125,-0.0315503693360097,0.3249173250648264,11.635,-9.546,0.6664663373509813,-0.3414672589798271,0.6627388114655516,0.2865822588468928,1.6836840382831884,True
720575940646428980,790309.0277442703,214004.91194209893,223773.31724969845,right,-0.5984005718224732,2.011224336791498,132614.4081332843,5.0,15.0,-0.5984005718224741,2.0112243367914973,False,5.0,15.0,0.5984005718224741,2.0112243367914973,0.5984005718224741,21.0,48346.58992624711,262417.0965417599,87479.93583407183,5.0,15.0,173.2861233333425,-246.46338762855513,136.67291800017762,0.3574622684353514,0.01686535286315368,0.32688596262301145,12.247,-10.607,0.6958893177583818,-0.27787939918228366,0.6622092546467976,0.3169971512499573,2.180307853975679,True
720575940646433076,762868.7344782035,309477.4821664465,165342.3249669749,right,0.0554327531686252,1.368132979408247,130895.3866784618,-3.0,-3.0,0.0554327531686258,1.3681329794082473,False,-3.0,-3.0,-0.0554327531686258,1.3681329794082473,-0.0554327531686258,0.0,90484.40250957238,241708.86497026717,-17770.888936038238,-3.0,-3.0,128.14575988681497,-403.6684528329881,-61.016874694163626,0.26245173398000277,-0.39962719320967244,-0.06106609630600891,-3.674,0.0,0.5111740501540223,-0.8587598621697001,-0.03510825508923762,0.10191974000789537,48.673187040075035,False
720575940646915875,267777.0464933018,231351.0291568164,223302.7580772261,left,0.2613539565360375,1.82896988278339,115694.00920441096,4.0,6.0,0.2529342486202446,1.820017338320027,True,4.0,6.0,-0.2529342486202446,1.820017338320027,-0.2529342486202446,0.0,36579.88160487723,-257404.37890448575,32817.710498910536,4.0,6.0,131.10119920536192,358.3156226204098,85.48836820204791,0.2921417708450517,0.2993096396973983,0.22892393508376938,6.124,-2.121,0.5570046327387339,0.6826826299444958,0.4729590530687141,0.07858721475952467,30.17118569221603,False
720575940646982964,746262.629787234,173142.4340425532,188396.340425532,right,-0.2132357125095357,2.4485121676203407,134263.45069486715,17.0,13.0,-0.2132357125095391,2.4485121676203416,False,17.0,13.0,0.2132357125095391,2.4485121676203416,0.2132357125095391,0.0,88917.6952370877,215245.2690772213,118946.7734541849,17.0,13.0,12.481519429531032,-288.4488256436805,199.99672515405956,-0.08660159772554982,-0.0418908998338292,0.4744163446440486,18.371,4.243,-0.042782616039630544,-0.33782360184107696,0.9402365988430398,0.2895553301929831,11.345773477916593,False
720575940647381556,267325.5271084337,220710.82228915664,228054.57831325303,left,0.3233272196840684,1.909945467166881,116438.74830785317,5.0,8.0,0.3128008402022112,1.8986970821764635,True,5.0,8.0,-0.3128008402022112,1.8986970821764635,-0.3128008402022112,0.0,33557.80424273168,-258608.11683169278,44016.62700528879,5.0,8.0,135.40097747190794,337.9092147617035,107.63999805974245,0.2958444259162477,0.23578302628991074,0.29373831752645063,7.961,-3.182,0.5461259517066477,0.6090640248012757,0.5751412509682986,0.14229346688527922,21.154112917264584,False
720575940647731332,305557.45856353594,172040.26519337017,216139.8011049724,left,0.1605617719559823,2.443684318454633,115957.33654257364,16.0,11.0,0.153797215353264,2.418055076958732,True,16.0,11.0,-0.153797215353264,2.418055076958732,-0.153797215353264,30.0,53690.56279755327,-224148.970010899,92798.84569284997,16.0,11.0,9.489591998819101,305.16712539199665,191.82529431842843,-0.0884770077377754,0.10718279300699313,0.46439875957687604,16.534,5.303,-0.007314378726269004,0.3999159274481559,0.9165226406571363,0.25443937023065377,17.773888927270963,False
720575940647860532,795760.9210307564,244905.22360764755,209128.9775561097,right,-0.4481021588383353,1.7908752817660634,132449.02910465468,1.0,10.0,-0.448102158838335,1.7908752817660627,False,1.0,10.0,0.448102158838335,1.7908752817660627,0.448102158838335,0.0,58032.113143247916,270036.5923842788,55120.34668934893,1.0,10.0,194.44322985494208,-293.18823098318677,81.55085065872886,0.42132624183688927,-0.11242497606254169,0.2070831878337684,6.736,-9.546,0.7654300309771548,-0.4720450251136869,0.43736753645387383,0.26303612348148986,7.161637556724992,False
720575940647959172,271971.4756421612,241724.1417183348,212757.69707705936,left,0.1433962928202826,1.7620470052122632,115637.5875833278,4.0,3.0,0.1389173625508492,1.755206044809376,True,4.0,3.0,-0.1389173625508492,1.755206044809376,-0.1389173625508492,0.0,45431.89824362875,-252525.81325995526,21231.753038465435,4.0,3.0,103.30539392222481,389.98320094221236,65.4451587825536,0.21305739681110242,0.3865620741756629,0.18229384719605563,4.287,1.061,0.4958892808763711,0.764866977389133,0.4111840561251458,0.07303252896834998,45.36362124094426,False
720575940647992708,323101.6290630975,210842.0114722753,171284.74187380495,left,-0.4203644763094446,2.1246370305220763,117628.16311459124,14.0,-1.0,-0.4039627555631832,2.108754607534425,True,14.0,-1.0,0.4039627555631832,2.108754607534425,0.4039627555631832,0.0,92177.72778855613,-204086.39298324272,48735.47195222,14.0,-1.0,-83.02643904201943,381.8442607599032,93.92805543783035,-0.3534251582986394,0.24620201409626355,0.21753142973828354,7.961,15.91,-0.5688597409802927,0.6338257510411603,0.5240834975544867,0.21815242623189274,46.577396067488976,False
720575940647995769,797420.0926998842,293416.9918887601,207837.31170336035,right,-0.3770777051384053,1.4335365093920904,135226.58950199105,-6.0,5.0,-0.3770777051384046,1.4335365093920902,False,-6.0,5.0,0.3770777051384046,1.4335365093920902,0.3770777051384046,0.0,51688.38430102049,275260.46300196974,7263.464287660133,-6.0,5.0,229.96640416968677,-294.8519667028316,-20.20671925574409,0.4789945466837607,-0.08420058973249817,-0.002904956531346627,-0.612,-11.667,0.8706553722980174,-0.458921263949035,0.1770607132709604,0.3600284729272285,1.6704432763486423,True
720575940648026756,803821.0205761316,242824.60082304527,231236.70781893004,right,-0.6251571363528743,1.7695888682106486,135861.2103118273,0.0,14.0,-0.6251571363528743,1.7695888682106478,False,0.0,14.0,0.6251571363528743,1.7695888682106478,0.6251571363528743,5.0,36679.176125831735,278066.55256260815,61253.67804282141,0.0,14.0,214.85071740866653,-225.1263739638525,89.12334257045094,0.44305370789296644,0.0706831844382511,0.1849083867676025,8.573,-14.849,0.852194304798,-0.17579469241176562,0.49280938809006697,0.3474648865231088,0.9333319179177214,True
720575940648422532,711880.757118928,371803.6381909548,176905.99664991623,right,0.4271950597782511,0.8329745054824813,133400.6916316424,-15.0,-12.0,0.427195059778252,0.8329745054824816,False,-15.0,-12.0,-0.427195059778252,0.8329745054824816,-0.427195059778252,0.0,68313.30765221755,195533.47972340608,-80971.50928823362,-15.0,-12.0,120.9671190630732,-314.4752037420803,-247.15635387066533,0.19762295023249427,-0.03672271806055006,-0.45215881297670735,-16.534,-3.182,0.3152684953859549,-0.6232195691803037,-0.7156836901926665,0.5985766584204141,5.547585113818578,False
720575940648557689,774855.7014418999,221826.2934690416,187099.6437659033,right,-0.2545521221116603,2.01874695778665,128603.8574663833,8.0,9.0,-0.2545521221116611,2.0187469577866497,False,8.0,9.0,0.2545521221116611,2.0187469577866497,0.2545521221116611,0.0,83041.28136540536,247341.76621045216,72852.89132955548,8.0,9.0,104.4348588778754,-341.4224117207785,132.1375262588673,0.18616779359900512,-0.26551571955083364,0.3550978488734186,10.41,-1.061,0.49750469992051216,-0.615104399655835,0.6116662906201681,0.17972358380043885,26.60286447273296,False
720575940649324153,702976.6524822694,338319.26241134753,141218.2269503546,right,0.5904561697744155,1.1832515963408885,132771.88993277543,-5.0,-13.0,0.5904561697744164,1.183251596340889,False,-5.0,-13.0,-0.5904561697744164,1.183251596340889,-0.5904561697744164,0.0,108666.56931218003,183949.57351036635,-54296.974669808405,-5.0,-13.0,7.883320092625708,-403.53265527669834,-156.30883259958307,-0.14354246636169127,-0.33926816504220036,-0.3172673734827486,-11.023,8.485,-0.12102451336965026,-0.8687517857863637,-0.4802326538841808,0.2999051207797061,61.969276833105106,False
720575940649409401,345388.7720659554,307449.7769156159,164975.2473326867,left,-0.7052066410269249,1.3216026669543484,123444.15781957188,-3.0,-13.0,-0.683723685447188,1.3282260964463348,True,-3.0,-13.0,0.683723685447188,1.3282260964463348,0.683723685447188,0.0,83579.48493160498,-174777.09545391536,-45798.23688573897,-3.0,-13.0,-20.450192583415323,411.4727780656408,-126.15240788820194,-0.21990013403614164,0.3543899616528992,-0.244154896714501,-9.798,10.607,-0.3254220660362507,0.850046555486588,-0.4141513400220808,0.197078821173522,72.03822233417492,False
720575940650356857,317515.3448534936,293273.637866266,173372.50187828703,left,-0.4511520165391107,1.41410287920774,119710.67964822087,0.0,-9.0,-0.4366827405516202,1.418988239834878,True,0.0,-9.0,0.4366827405516202,1.418988239834878,0.4366827405516202,0.0,77017.36692545841,-203564.26427954287,-32507.55349109223,0.0,-9.0,4.24222190478063,434.76648459391566,-72.16207058544629,-0.11490582764827831,0.45763591623509453,-0.08965668981066335,-5.511,9.546,-0.04257852818340205,0.9783518369412765,-0.20252099173015414,0.19927607517058998,78.87308329614146,False
720575940650403449,747451.471394037,226627.858178888,149040.35455278002,right,0.1501679189712771,2.0278933020187253,131620.36506993658,12.0,2.0,0.1501679189712766,2.027893302018726,False,12.0,2.0,-0.1501679189712766,2.027893302018726,-0.1501679189712766,0.0,119362.98898274788,220116.50977662965,60122.01109839772,12.0,2.0,-22.600998467484548,-398.55898294974776,107.12609448341651,-0.205745325943989,-0.3311121895314615,0.2859143934104733,8.573,10.607,-0.11726468488975375,-0.8277578880056354,0.5486946988281889,0.3441774306897725,53.871997951049195,False
720575940650482041,702942.2159624413,301183.3427230047,125093.45852895152,right,0.6082021723556128,1.4897602312056903,131975.3786973068,5.0,-11.0,0.6082021723556136,1.4897602312056912,False,5.0,-11.0,-0.6082021723556136,1.4897602312056912,-0.6082021723556136,0.0,130441.77509487272,181070.37814655717,-20287.615358065526,5.0,-11.0,-82.28269483813227,-410.45325912392576,-53.4578093282568,-0.41116544916726466,-0.2366934098119019,-0.09444181493176634,-3.674,16.971,-0.640534800299598,-0.6920383021562329,-0.33286357258473426,0.32376371538507526,57.957419554252596,False
720575940650510838,765646.7663003664,248623.9706959707,160905.52380952385,right,3.375882901114562e-05,1.8373368356987023,130090.50376162684,7.0,2.0,3.3758829010843443e-05,1.8373368356987028,False,7.0,2.0,-3.3758829010843443e-05,1.8373368356987028,-3.3758829010843443e-05,0.0,104510.62608720193,239962.12891495388,41649.36425179711,7.0,2.0,51.32359211887359,-407.92492596803805,73.42731757611617,0.02473437122321722,-0.442584510874271,0.19269369192971159,5.511,5.303,0.24089207219833858,-0.8706909811470274,0.4287985831380713,0.19761334704373257,61.4689743328846,False
720575940650668153,288256.19736842107,317907.20723684214,236295.03289473685,left,0.1048505734911792,1.0351464143464064,112887.2238201095,-11.0,-2.0,0.0997133616423166,1.0522732914354775,True,-11.0,-2.0,-0.0997133616423166,1.0522732914354775,-0.0997133616423166,0.0,10476.590565177645,-230512.44379867046,-48886.68847985992,-11.0,-2.0,215.2097433056442,314.93878284235336,-122.9058728693193,0.4437981414002141,0.11514524454796202,-0.1598398176490054,-7.961,-9.546,0.8117918005565004,0.5412877121590703,-0.21909286892739044,0.34087213947287626,9.068248400640268,False
720575940650738297,293116.1891418564,231205.7933450088,185770.5078809108,left,-0.1396650640763672,1.9062554738295256,117360.27757443672,9.0,-1.0,-0.1342735572231204,1.8953243932810309,True,9.0,-1.0,0.1342735572231204,1.8953243932810309,0.1342735572231204,0.0,74119.75683443855,-232392.4006602792,28827.502426146966,9.0,-1.0,-13.752223786149711,420.83194552953586,72.61532161924055,-0.1707744588970776,0.4148068038737571,0.18835667146746993,4.899,10.607,0.004457005482626789,0.9192529445017212,0.3936421714286257,0.3637221331815119,67.29035949861814,False
720575940651887094,776720.2738179252,304096.1693719125,179486.63373323926,right,-0.1025051193323212,1.3895165189564618,131460.24649053416,-4.0,0.0,-0.1025051193323206,1.3895165189564618,False,-4.0,0.0,0.1025051193323206,1.3895165189564618,0.1025051193323206,0.0,77619.6314910688,255218.55553368633,-9234.43373085899,-4.0,0.0,171.36778452431122,-371.7615799553651,-42.48316769667525,0.377066007127262,-0.2972739483292068,-0.027419070127758582,-2.449,-4.243,0.6346872466736366,-0.7699162341329735,0.06634072149395809,0.24671636528992835,29.89422964049792,False
720575940651997686,280904.1788617886,189506.39024390245,231265.36585365856,left,0.3843361217445577,2.200217038054828,115979.3043788243,10.0,12.0,0.3700917202884907,2.1812589901728385,True,10.0,12.0,-0.3700917202884907,2.1812589901728385,-0.3700917202884907,0.0,35554.70025242667,-247346.94780230962,76228.48813986966,10.0,12.0,98.40226054430879,302.0416263418817,165.84883736873624,0.17004845183619444,0.12994084467560138,0.43130814186771665,13.472,-2.121,0.4289572795198917,0.5062448202060005,0.7481389138131285,0.2898274788359853,11.52245851137383,False
720575940652026358,265487.62520729686,292177.8374792703,253940.9286898839,left,0.3988891770352817,1.2456804956678482,115341.22663400671,-8.0,4.0,0.3846329647930715,1.2546060475594265,True,-8.0,4.0,-0.3846329647930715,1.2546060475594265,-0.3846329647930715,0.0,-3302.4808775991933,-254999.9822479253,-22386.053852317942,-8.0,4.0,239.33779961285555,284.6943171576736,-40.84852838832715,0.48474621429278586,0.023773347545124966,-0.025882207356046058,-2.449,-12.728,0.9277944542086182,0.3625958206898133,0.0878733267721971,0.3527610310750815,1.4064680413981818,True
720575940652626934,761092.1319199058,180836.2779740872,203364.42873969377,right,-0.4140330503961443,2.3493232927594,132339.64478165237,13.0,15.0,-0.4140330503961467,2.349323292759399,False,13.0,15.0,0.4140330503961467,2.349323292759399,0.4140330503961467,3.0,73195.713138517,230699.95184142876,114808.52560319814,13.0,15.0,78.29465518249064,-273.9376904984219,192.4184344350159,0.10119890122020447,-0.05129773336697118,0.46940274361314716,17.146,-2.121,0.3782680858621129,-0.34333128799439266,0.8596725434154127,0.3132131541302518,4.673547633083732,False
720575940652859894,323247.9939209727,314292.33434650453,186661.64133738607,left,-0.4649694008685747,1.1997176304066688,116550.85937953556,-6.0,-10.0,-0.4490820410399124,1.2110568941856863,True,-6.0,-10.0,0.4490820410399124,1.2110568941856863,0.4490820410399124,0.0,60686.71076993348,-196209.7989481722,-50686.43144993021,-6.0,-10.0,62.6758630290658,410.00703843155384,-137.67539502495984,0.05790629163335918,0.40893830626154104,-0.24970257651511818,-9.798,4.243,0.17456744589183332,0.9026132937155413,-0.3934659436886294,0.1463913556557429,50.17143733220446,False
720575940653538294,288895.525,169207.625,240549.0,left,0.5208040881233893,2.3712578095216923,119512.54140653792,13.0,16.0,0.4994546637349549,2.350220699490696,True,13.0,16.0,-0.4994546637349549,2.350220699490696,-0.4994546637349549,4.0,29734.62182036801,-240813.5039066446,98263.19132366066,13.0,16.0,82.13276587177948,251.41929460827836,195.22962632021725,0.10543310544620406,0.003797497058877733,0.47048070983939,17.759,-3.182,0.33060322811964965,0.1696952356052167,0.9283884060939994,0.2027332648766784,2.1084985787602277,True
720575940654696097,283588.39593908633,212638.02707275804,200790.96446700508,left,0.0518353314804111,2.034894032473822,118589.53461606706,10.0,4.0,0.0507043353909701,2.0199649139722924,True,10.0,4.0,-0.0507043353909701,2.0199649139722924,-0.0507043353909701,0.0,62044.25662561979,-243164.60698714052,48809.91392398115,10.0,4.0,29.878487995821747,388.3346770011139,120.65462535920953,-0.026885069068324087,0.3740386334052001,0.309161880190607,8.573,6.364,0.20107000064680128,0.8032230318707619,0.5607170551287309,0.27017210965727634,51.47756492067319,False
720575940655096481,731285.4658385091,374089.8467908903,197306.2525879917,right,0.144922054315352,0.7678567430016415,133153.4854690857,-18.0,-9.0,0.1449220543153533,0.7678567430016421,False,-18.0,-9.0,-0.1449220543153533,0.7678567430016421,-0.1449220543153533,0.0,48163.82386296798,215187.7309136756,-78594.82551251812,-18.0,-9.0,174.38768232061528,-262.77977153699476,-245.4262971566592,0.26917116316218426,0.08841308270745665,-0.40733558413668336,-16.534,-9.546,0.6716288236954631,-0.30391535916421236,-0.6756849692316208,0.5258472431185577,1.4325978237305823,True
720575940655608481,725134.3313373253,375385.17365269456,191780.51896207585,right,0.2347607590289274,0.7703329751004232,133808.53523667023,-17.0,-10.0,0.2347607590289284,0.7703329751004236,False,-17.0,-10.0,-0.2347607590289284,0.7703329751004236,-0.2347607590289284,0.0,53303.4804652644,209112.66153320076,-81188.18654947991,-17.0,-10.0,159.3682605916013,-279.62732810791823,-249.61584941789886,0.24573790150135433,0.03745430582495069,-0.42787770194285607,-16.534,-7.425,0.5501674672489386,-0.4186152645809718,-0.7225489729012775,0.5230556210414048,0.3067354574630512,True
720575940655611553,781889.5882859604,240670.2497846684,184778.8458225668,right,-0.2382632292821592,1.86354729308234,130364.6628420744,5.0,7.0,-0.2382632292821599,1.86354729308234,False,5.0,7.0,0.2382632292821599,1.86354729308234,0.2382632292821599,0.0,82489.23782849262,255730.8231222106,54433.46330046821,5.0,7.0,128.32083075585385,-355.1134823157723,94.9637900530863,0.271417251325028,-0.29673416459232327,0.2526465912978857,7.348,-2.121,0.569228665110876,-0.6488963830048069,0.5048883153127723,0.036322572253302425,32.804379225777886,False
720575940655966881,283288.9209003216,303094.5080385852,220861.45337620573,left,0.0372494057511936,1.218189158755176,114523.209424686,-7.0,-2.0,0.0354058298467883,1.2295580596446654,True,-7.0,-2.0,-0.0354058298467883,1.2295580596446654,-0.0354058298467883,0.0,27959.87141772449,-236660.05098175743,-37104.19781120986,-7.0,-2.0,181.74995124855351,364.33196648877475,-82.70254019531994,0.40572726548631716,0.251862925929204,-0.1042887095444264,-5.511,-5.303,0.664877188643629,0.7383789699372542,-0.11284866315443828,0.29631435278182344,27.00731001889955,False
720575940659700609,279631.0458081244,215556.7467588591,207201.7631806396,left,0.1157305018847836,2.000012466557904,117067.145878762,9.0,5.0,0.1122641254280296,1.985911728381168,True,9.0,5.0,-0.1122641254280296,1.985911728381168,-0.1122641254280296,0.0,55182.59126462519,-246853.66618511893,46668.354791168385,9.0,5.0,55.78883501382107,380.03818614794204,120.80944484723848,0.06109663430667597,0.35210810543266485,0.3222697897151394,8.573,4.243,0.2952753278047946,0.7523783697326123,0.5888457094589954,0.1881430377252627,44.09477042363695,False
720575940660447105,269586.4012539185,310148.5956112853,261612.0376175549,left,0.4186255493182493,1.0782189225733685,118681.3731880018,-11.0,3.0,0.4027044474980792,1.091479307013265,True,-11.0,3.0,-0.4027044474980792,1.091479307013265,-0.4027044474980792,0.0,-13635.427583287674,-249536.64808393747,-38571.73324151692,-11.0,3.0,248.42403459815012,254.2500517443923,-78.5019918070829,0.47744628624060104,-0.022672423454821917,-0.07860180640361804,-4.899,-14.849,0.9803382740536094,0.1837813189382944,-0.07184215499893634,0.2483763343882037,1.4322177343514781,True
720575940660975745,735948.8300907912,348963.1128404669,170459.61089494167,right,0.2387059897796589,1.0396184129199977,130477.30601104094,-10.0,-8.0,0.2387059897796597,1.039618412919998,False,-10.0,-8.0,-0.2387059897796597,1.039618412919998,-0.2387059897796597,0.0,78716.79465455683,217808.58860862858,-57774.42743488855,-10.0,-8.0,137.1073647434063,-363.9645395992253,-173.986997842475,0.2737480450798794,-0.25153447571546445,-0.31127784209361703,-11.023,-2.121,0.4295513350351681,-0.7959933397814963,-0.42647421210784164,0.37845961848809373,23.51489955299739,False
720575940615266866,,,,right,,,,2.0,2.0,,,False,2.0,2.0,,,,,,,,2.0,2.0,122.57771083556803,-394.92013054398876,32.227771162365165,0.24219281759960434,-0.4022846773396541,0.0868922125319235,2.449,0.0,0.49112386816396486,-0.8263286945426057,0.2756414966857811,0.09643603814526523,49.139805042748534,False
720575940638169688,,,,right,,,,1.0,-13.0,,,False,1.0,-13.0,,,,,,,,1.0,-13.0,-61.80589154484194,-406.22992955375594,-98.68277982766482,-0.3373537072138884,-0.28893575736533766,-0.1830794476845437,-7.348,14.849,-0.4957592476842957,-0.7870961154067396,-0.3670183557359519,0.2789164388087224,69.60250217679481,False
720575940607228629,,,,right,,,,18.0,7.0,,,False,18.0,7.0,,,,,,,,18.0,7.0,-51.57730829805581,-332.14193920513696,159.9727949459929,-0.2767833816635006,-0.08668036155414997,0.39074182143190006,15.309,11.667,-0.42696360461563276,-0.4765661785467008,0.7684964266663963,0.33376323189781654,25.62839830123004,False
